            OUT          Right           Left
2024 02 15 00 00        0.43        0.53        0.05
2024 02 15 01 00        0.52        0.43        0.09
2024 02 15 02 00        0.50        0.40        0.11
2024 02 15 03 00        0.51        0.49        0.14
2024 02 15 04 00        0.59        0.58        0.19
2024 02 15 05 00        0.75        0.82        0.32
2024 02 15 06 00        1.23        1.44        0.80
2024 02 15 07 00        2.79        2.30        2.23
2024 02 15 08 00        5.81        3.09        4.17
2024 02 15 09 00        8.53        3.38        5.86
2024 02 15 10 00        9.59        3.29        6.47
2024 02 15 11 00        9.73        3.29        6.26
2024 02 15 12 00       10.15        4.15        6.13
2024 02 15 13 00       11.47        5.82        5.96
2024 02 15 14 00       12.73        7.06        5.72
2024 02 15 15 00       13.41        7.75        5.51
2024 02 15 16 00       13.74        8.15        5.57
2024 02 15 17 00       13.83        8.29        5.50
2024 02 15 18 00       13.64        8.21        5.33
2024 02 15 19 00       13.29        7.99        5.21
2024 02 15 20 00       12.89        7.69        5.13
2024 02 15 21 00       12.45        7.38        5.00
2024 02 15 22 00       11.96        7.05        4.80
2024 02 15 23 00       11.46        6.73        4.63
2024 02 16 00 00       11.01        6.42        4.51
2024 02 16 01 00       10.42        6.07        4.10
2024 02 16 02 00        9.80        5.69        3.83
2024 02 16 03 00        9.22        5.33        3.59
2024 02 16 04 00        8.62        4.98        3.33
2024 02 16 05 00        8.02        4.62        3.10
2024 02 16 06 00        7.44        4.23        1.75
2024 02 16 07 00        6.67        3.87        2.55
2024 02 16 08 00        6.10        3.55        2.39
2024 02 16 09 00        5.41        3.27        2.51
2024 02 16 10 00        4.88        3.03        1.98
2024 02 16 11 00        4.47        2.81        1.78
2024 02 16 12 00        4.14        2.63        1.86
2024 02 16 13 00        3.89        2.46        1.40
2024 02 16 14 00        3.64        2.32        1.52
2024 02 16 15 00        3.44        2.19        1.25
2024 02 16 16 00        3.25        2.07        1.17
2024 02 16 17 00        3.08        1.96        1.12
2024 02 16 18 00        2.91        1.86        1.17
2024 02 16 19 00        2.77        1.76        1.08
2024 02 16 20 00        2.63        1.68        1.07
2024 02 16 21 00        2.51        1.59        1.05
2024 02 16 22 00        2.39        1.52        1.03
2024 02 16 23 00        2.28        1.45        1.02
2024 02 17 00 00        2.17        1.38        1.03
2024 02 17 01 00        2.09        1.32        0.84
2024 02 17 02 00        1.97        1.27        1.40
2024 02 17 03 00        1.88        1.21        1.35
2024 02 17 04 00        1.83        1.16        0.87
2024 02 17 05 00        1.77        1.11        0.77
2024 02 17 06 00        1.70        1.07        0.70
2024 02 17 07 00        1.63        1.03        0.64
2024 02 17 08 00        1.57        0.99        0.58
2024 02 17 09 00        1.51        0.95        0.52
2024 02 17 10 00        1.45        0.91        0.49
2024 02 17 11 00        1.40        0.88        0.47
2024 02 17 12 00        1.35        0.85        0.45
2024 02 17 13 00        1.30        0.82        0.44
2024 02 17 14 00        1.26        0.79        0.42
2024 02 17 15 00        1.22        0.76        0.41
2024 02 17 16 00        1.18        0.74        0.40
2024 02 17 17 00        1.14        0.71        0.39
2024 02 17 18 00        1.10        0.69        0.37
2024 02 17 19 00        1.07        0.67        0.36
2024 02 17 20 00        1.03        0.64        0.35
2024 02 17 21 00        1.00        0.62        0.34
2024 02 17 22 00        0.97        0.60        0.34
2024 02 17 23 00        0.95        0.59        0.33
2024 02 18 00 00        0.92        0.57        0.32
2024 02 18 01 00        0.89        0.55        0.31
2024 02 18 02 00        0.87        0.53        0.30
2024 02 18 03 00        0.85        0.52        0.30
2024 02 18 04 00        0.82        0.50        0.29
2024 02 18 05 00        0.80        0.49        0.28
2024 02 18 06 00        0.78        0.48        0.28
2024 02 18 07 00        0.76        0.46        0.27
2024 02 18 08 00        0.74        0.45        0.27
2024 02 18 09 00        0.72        0.44        0.26
2024 02 18 10 00        0.71        0.43        0.26
2024 02 18 11 00        0.69        0.42        0.25
2024 02 18 12 00        0.67        0.41        0.25
2024 02 18 13 00        0.66        0.40        0.24
2024 02 18 14 00        0.64        0.39        0.24
2024 02 18 15 00        0.63        0.38        0.23
2024 02 18 16 00        0.61        0.37        0.23
2024 02 18 17 00        0.60        0.36        0.22
2024 02 18 18 00        0.59        0.35        0.22
2024 02 18 19 00        0.57        0.34        0.21
2024 02 18 20 00        0.56        0.33        0.21
2024 02 18 21 00        0.55        0.33        0.20
2024 02 18 22 00        0.54        0.32        0.20
2024 02 18 23 00        0.53        0.31        0.20
2024 02 19 00 00        0.52        0.30        0.19
2024 02 19 01 00        0.50        0.30        0.19
2024 02 19 02 00        0.49        0.29        0.19
2024 02 19 03 00        0.48        0.29        0.18
2024 02 19 04 00        0.48        0.28        0.18
2024 02 19 05 00        0.47        0.27        0.18
2024 02 19 06 00        0.46        0.27        0.17
2024 02 19 07 00        0.45        0.26        0.17
2024 02 19 08 00        0.44        0.26        0.17
2024 02 19 09 00        0.43        0.25        0.17
2024 02 19 10 00        0.42        0.25        0.16
2024 02 19 11 00        0.42        0.24        0.16
2024 02 19 12 00        0.41        0.24        0.16
2024 02 19 13 00        0.40        0.23        0.16
2024 02 19 14 00        0.39        0.23        0.15
2024 02 19 15 00        0.39        0.23        0.15
2024 02 19 16 00        0.38        0.22        0.15
2024 02 19 17 00        0.37        0.22        0.15
2024 02 19 18 00        0.37        0.21        0.14
2024 02 19 19 00        0.36        0.21        0.14
2024 02 19 20 00        0.36        0.21        0.14
2024 02 19 21 00        0.35        0.20        0.14
2024 02 19 22 00        0.34        0.20        0.13
2024 02 19 23 00        0.34        0.20        0.13
2024 02 20 00 00        0.33        0.19        0.13
2024 02 20 01 00        0.33        0.19        0.13
2024 02 20 02 00        0.32        0.19        0.13
2024 02 20 03 00        0.32        0.18        0.12
2024 02 20 04 00        0.31        0.18        0.12
2024 02 20 05 00        0.31        0.18        0.12
2024 02 20 06 00        0.30        0.17        0.12
2024 02 20 07 00        0.30        0.17        0.12
2024 02 20 08 00        0.29        0.17        0.11
2024 02 20 09 00        0.29        0.17        0.11
2024 02 20 10 00        0.28        0.16        0.11
2024 02 20 11 00        0.28        0.16        0.11
2024 02 20 12 00        0.27        0.16        0.11
2024 02 20 13 00        0.27        0.16        0.10
2024 02 20 14 00        0.27        0.15        0.10
2024 02 20 15 00        0.26        0.15        0.10
2024 02 20 16 00        0.26        0.15        0.10
2024 02 20 17 00        0.25        0.15        0.10
2024 02 20 18 00        0.25        0.14        0.10
2024 02 20 19 00        0.25        0.14        0.09
2024 02 20 20 00        0.24        0.14        0.09
2024 02 20 21 00        0.24        0.14        0.09
2024 02 20 22 00        0.24        0.14        0.09
2024 02 20 23 00        0.23        0.13        0.09
2024 02 21 00 00        0.23        0.13        0.09
2024 02 21 01 00        0.22        0.13        0.09
2024 02 21 02 00        0.22        0.13        0.08
2024 02 21 03 00        0.22        0.13        0.08
2024 02 21 04 00        0.21        0.13        0.08
2024 02 21 05 00        0.21        0.12        0.08
2024 02 21 06 00        0.21        0.12        0.08
2024 02 21 07 00        0.21        0.12        0.08
2024 02 21 08 00        0.20        0.12        0.08
2024 02 21 09 00        0.20        0.12        0.08
2024 02 21 10 00        0.20        0.12        0.07
2024 02 21 11 00        0.19        0.11        0.07
2024 02 21 12 00        0.19        0.11        0.07
2024 02 21 13 00        0.19        0.11        0.07
2024 02 21 14 00        0.19        0.11        0.07
2024 02 21 15 00        0.18        0.11        0.07
2024 02 21 16 00        0.18        0.11        0.07
2024 02 21 17 00        0.18        0.11        0.07
2024 02 21 18 00        0.18        0.10        0.07
2024 02 21 19 00        0.17        0.10        0.06
2024 02 21 20 00        0.17        0.10        0.06
2024 02 21 21 00        0.17        0.10        0.06
2024 02 21 22 00        0.17        0.10        0.06
2024 02 21 23 00        0.16        0.10        0.06
2024 02 22 00 00        0.16        0.10        0.06
2024 02 22 01 00        0.16        0.09        0.06
2024 02 22 02 00        0.16        0.09        0.06
2024 02 22 03 00        0.16        0.09        0.06
2024 02 22 04 00        0.15        0.09        0.06
2024 02 22 05 00        0.15        0.09        0.06
2024 02 22 06 00        0.15        0.09        0.06
2024 02 22 07 00        0.15        0.09        0.05
2024 02 22 08 00        0.15        0.09        0.05
2024 02 22 09 00        0.14        0.09        0.05
2024 02 22 10 00        0.14        0.08        0.05
2024 02 22 11 00        0.14        0.08        0.05
2024 02 22 12 00        0.14        0.08        0.05
2024 02 22 13 00        0.14        0.08        0.05
2024 02 22 14 00        0.14        0.08        0.05
2024 02 22 15 00        0.13        0.08        0.05
2024 02 22 16 00        0.13        0.08        0.05
2024 02 22 17 00        0.13        0.08        0.05
2024 02 22 18 00        0.13        0.08        0.05
2024 02 22 19 00        0.13        0.08        0.05
2024 02 22 20 00        0.13        0.08        0.05
2024 02 22 21 00        0.12        0.07        0.05
2024 02 22 22 00        0.12        0.07        0.05
2024 02 22 23 00        0.12        0.07        0.04
2024 02 23 00 00        0.12        0.07        0.04
2024 02 23 01 00        0.12        0.07        0.04
2024 02 23 02 00        0.12        0.07        0.04
2024 02 23 03 00        0.12        0.07        0.04
2024 02 23 04 00        0.12        0.07        0.04
2024 02 23 05 00        0.11        0.07        0.04
2024 02 23 06 00        0.11        0.07        0.04
2024 02 23 07 00        0.11        0.07        0.04
2024 02 23 08 00        0.11        0.07        0.04
2024 02 23 09 00        0.11        0.06        0.04
2024 02 23 10 00        0.11        0.06        0.04
2024 02 23 11 00        0.11        0.06        0.04
2024 02 23 12 00        0.11        0.06        0.04
2024 02 23 13 00        0.10        0.06        0.04
2024 02 23 14 00        0.10        0.06        0.04
2024 02 23 15 00        0.10        0.06        0.04
2024 02 23 16 00        0.10        0.06        0.04
2024 02 23 17 00        0.10        0.06        0.04
2024 02 23 18 00        0.10        0.06        0.04
2024 02 23 19 00        0.10        0.06        0.04
2024 02 23 20 00        0.10        0.06        0.04
2024 02 23 21 00        0.10        0.06        0.03
2024 02 23 22 00        0.09        0.06        0.03
2024 02 23 23 00        0.09        0.06        0.03
2024 02 24 00 00        0.09        0.06        0.03
2024 02 24 01 00        0.09        0.05        0.03
2024 02 24 02 00        0.09        0.05        0.03
2024 02 24 03 00        0.09        0.05        0.03
2024 02 24 04 00        0.09        0.05        0.03
2024 02 24 05 00        0.09        0.05        0.03
2024 02 24 06 00        0.09        0.05        0.03
2024 02 24 07 00        0.09        0.05        0.03
2024 02 24 08 00        0.09        0.05        0.03
2024 02 24 09 00        0.08        0.05        0.03
2024 02 24 10 00        0.08        0.05        0.03
2024 02 24 11 00        0.08        0.05        0.03
2024 02 24 12 00        0.08        0.05        0.03
2024 02 24 13 00        0.08        0.05        0.03
2024 02 24 14 00        0.08        0.05        0.03
2024 02 24 15 00        0.08        0.05        0.03
2024 02 24 16 00        0.08        0.05        0.03
2024 02 24 17 00        0.08        0.05        0.03
2024 02 24 18 00        0.08        0.05        0.03
2024 02 24 19 00        0.08        0.05        0.03
2024 02 24 20 00        0.08        0.05        0.03
2024 02 24 21 00        0.08        0.05        0.03
2024 02 24 22 00        0.08        0.05        0.03
2024 02 24 23 00        0.08        0.05        0.03
2024 02 25 00 00        0.08        0.05        0.03
2024 02 25 01 00        0.08        0.05        0.03
2024 02 25 02 00        0.08        0.05        0.03
2024 02 25 03 00        0.08        0.05        0.03
2024 02 25 04 00        0.08        0.05        0.03
2024 02 25 05 00        0.07        0.05        0.03
2024 02 25 06 00        0.07        0.05        0.03
2024 02 25 07 00        0.07        0.05        0.03
2024 02 25 08 00        0.07        0.05        0.03
2024 02 25 09 00        0.07        0.05        0.03
2024 02 25 10 00        0.07        0.05        0.03
2024 02 25 11 00        0.07        0.05        0.03
2024 02 25 12 00        0.07        0.05        0.03
2024 02 25 13 00        0.07        0.04        0.03
2024 02 25 14 00        0.07        0.04        0.03
2024 02 25 15 00        0.07        0.04        0.03
2024 02 25 16 00        0.07        0.04        0.03
2024 02 25 17 00        0.07        0.04        0.03
2024 02 25 18 00        0.07        0.04        0.03
2024 02 25 19 00        0.07        0.04        0.03
2024 02 25 20 00        0.07        0.04        0.03
2024 02 25 21 00        0.07        0.04        0.03
2024 02 25 22 00        0.07        0.04        0.03
2024 02 25 23 00        0.07        0.04        0.03
2024 02 26 00 00        0.07        0.04        0.03
2024 02 26 01 00        0.07        0.04        0.03
2024 02 26 02 00        0.07        0.04        0.03
2024 02 26 03 00        0.07        0.04        0.03
2024 02 26 04 00        0.07        0.04        0.04
2024 02 26 05 00        0.07        0.04        0.04
2024 02 26 06 00        0.07        0.04        0.04
2024 02 26 07 00        0.08        0.04        0.05
2024 02 26 08 00        0.08        0.04        0.05
2024 02 26 09 00        0.08        0.04        0.06
2024 02 26 10 00        0.08        0.04        0.06
2024 02 26 11 00        0.09        0.04        0.07
2024 02 26 12 00        0.09        0.04        0.07
2024 02 26 13 00        0.10        0.04        0.08
2024 02 26 14 00        0.11        0.05        0.09
2024 02 26 15 00        0.11        0.05        0.09
2024 02 26 16 00        0.12        0.05        0.10
2024 02 26 17 00        0.13        0.05        0.11
2024 02 26 18 00        0.14        0.05        0.11
2024 02 26 19 00        0.15        0.05        0.12
2024 02 26 20 00        0.15        0.06        0.12
2024 02 26 21 00        0.16        0.06        0.12
2024 02 26 22 00        0.17        0.06        0.13
2024 02 26 23 00        0.17        0.06        0.13
2024 02 27 00 00        0.18        0.06        0.13
2024 02 27 01 00        0.18        0.06        0.13
2024 02 27 02 00        0.19        0.06        0.13
2024 02 27 03 00        0.19        0.06        0.13
2024 02 27 04 00        0.19        0.06        0.13
2024 02 27 05 00        0.20        0.07        0.13
2024 02 27 06 00        0.20        0.07        0.13
2024 02 27 07 00        0.20        0.06        0.13
2024 02 27 08 00        0.20        0.06        0.13
2024 02 27 09 00        0.20        0.06        0.13
2024 02 27 10 00        0.20        0.06        0.13
2024 02 27 11 00        0.20        0.06        0.13
2024 02 27 12 00        0.20        0.06        0.13
2024 02 27 13 00        0.19        0.06        0.13
2024 02 27 14 00        0.19        0.06        0.13
2024 02 27 15 00        0.19        0.06        0.12
2024 02 27 16 00        0.19        0.06        0.13
2024 02 27 17 00        0.20        0.07        0.13
2024 02 27 18 00        0.22        0.10        0.13
2024 02 27 19 00        0.44        0.32        0.17
2024 02 27 20 00        1.50        1.24        0.33
2024 02 27 21 00        7.50        6.06        1.82
2024 02 27 22 00       25.81       19.27        8.61
2024 02 27 23 00       31.52       22.81       11.49
2024 02 28 00 00       33.83       23.95       12.98
2024 02 28 01 00       36.04       25.08       14.42
2024 02 28 02 00       38.11       26.15       15.76
2024 02 28 03 00       40.32       27.17       17.16
2024 02 28 04 00       42.55       28.16       18.53
2024 02 28 05 00       44.70       29.04       19.88
2024 02 28 06 00       46.77       29.88       21.21
2024 02 28 07 00       48.90       30.80       22.50
2024 02 28 08 00       50.99       31.69       23.72
2024 02 28 09 00       53.08       32.58       24.90
2024 02 28 10 00       55.17       33.48       26.07
2024 02 28 11 00       57.17       34.28       27.22
2024 02 28 12 00       59.17       35.12       28.27
2024 02 28 13 00       61.17       35.97       29.31
2024 02 28 14 00       62.99       36.62       30.32
2024 02 28 15 00       64.92       37.46       31.27
2024 02 28 16 00       66.77       38.28       32.10
2024 02 28 17 00       68.55       39.07       32.89
2024 02 28 18 00       70.25       39.79       33.64
2024 02 28 19 00       71.90       40.55       34.32
2024 02 28 20 00       73.46       41.22       34.97
2024 02 28 21 00       74.75       41.62       35.59
2024 02 28 22 00       76.22       42.30       36.15
2024 02 28 23 00       77.63       42.95       36.67
2024 02 29 00 00       78.89       43.59       37.03
2024 02 29 01 00       80.13       44.20       37.42
2024 02 29 02 00       81.31       44.79       37.79
2024 02 29 03 00       82.42       45.33       38.11
2024 02 29 04 00       83.45       45.83       38.40
2024 02 29 05 00       84.39       46.30       38.62
2024 02 29 06 00       85.15       46.63       38.80
2024 02 29 07 00       85.91       47.05       38.90
2024 02 29 08 00       86.57       47.46       38.91
2024 02 29 09 00       87.12       47.74       38.94
2024 02 29 10 00       87.52       47.94       38.91
2024 02 29 11 00       87.99       48.26       38.84
2024 02 29 12 00       88.39       48.55       38.77
2024 02 29 13 00       88.72       48.79       38.67
2024 02 29 14 00       88.99       49.02       38.53
2024 02 29 15 00       89.20       49.25       38.33
2024 02 29 16 00       89.24       49.34       38.10
2024 02 29 17 00       89.37       49.56       37.87
2024 02 29 18 00       89.28       49.65       37.48
2024 02 29 19 00       89.30       49.83       37.18
2024 02 29 20 00       89.26       49.95       36.88
2024 02 29 21 00       89.11       50.02       36.50
2024 02 29 22 00       88.98       50.15       36.12
2024 02 29 23 00       88.81       50.21       35.75
2024 03 01 00 00       88.55       50.19       35.37
2024 03 01 01 00       88.39       50.31       35.01
2024 03 01 02 00       88.20       50.42       34.63
2024 03 01 03 00       87.91       50.49       34.15
2024 03 01 04 00       87.65       50.56       33.74
2024 03 01 05 00       87.38       50.65       33.31
2024 03 01 06 00       87.13       50.74       32.91
2024 03 01 07 00       86.86       50.84       32.49
2024 03 01 08 00       86.57       50.93       32.05
2024 03 01 09 00       86.28       51.02       31.63
2024 03 01 10 00       85.90       50.97       31.22
2024 03 01 11 00       85.56       50.99       30.81
2024 03 01 12 00       85.25       51.04       30.40
2024 03 01 13 00       84.92       51.09       29.99
2024 03 01 14 00       84.56       51.12       29.55
2024 03 01 15 00       84.22       51.17       29.13
2024 03 01 16 00       83.87       51.23       28.70
2024 03 01 17 00       83.47       51.27       28.20
2024 03 01 18 00       82.99       51.27       27.66
2024 03 01 19 00       82.61       51.30       27.22
2024 03 01 20 00       82.24       51.35       26.79
2024 03 01 21 00       81.87       51.39       26.35
2024 03 01 22 00       81.47       51.43       25.89
2024 03 01 23 00       80.94       51.47       25.28
2024 03 02 00 00       80.30       51.50       24.56
2024 03 02 01 00       79.69       51.53       23.88
2024 03 02 02 00       79.23       51.55       23.38
2024 03 02 03 00       78.56       51.57       22.65
2024 03 02 04 00       78.12       51.58       22.19
2024 03 02 05 00       77.69       51.58       21.74
2024 03 02 06 00       77.27       51.58       21.31
2024 03 02 07 00       76.60       51.58       20.58
2024 03 02 08 00       76.05       51.57       20.00
2024 03 02 09 00       75.58       51.55       19.53
2024 03 02 10 00       75.17       51.52       19.14
2024 03 02 11 00       74.77       51.49       18.77
2024 03 02 12 00       74.37       51.45       18.41
2024 03 02 13 00       73.98       51.40       18.05
2024 03 02 14 00       73.60       51.35       17.63
2024 03 02 15 00       73.22       51.29       17.29
2024 03 02 16 00       72.85       51.22       16.99
2024 03 02 17 00       72.49       51.14       16.67
2024 03 02 18 00       72.02       51.06       16.26
2024 03 02 19 00       71.62       50.97       15.94
2024 03 02 20 00       71.26       50.87       15.67
2024 03 02 21 00       70.91       50.76       15.42
2024 03 02 22 00       70.55       50.65       15.17
2024 03 02 23 00       70.20       50.53       14.94
2024 03 03 00 00       69.71       50.40       14.52
2024 03 03 01 00       69.31       50.27       14.24
2024 03 03 02 00       68.89       50.13       13.93
2024 03 03 03 00       68.50       49.98       13.68
2024 03 03 04 00       68.12       49.82       13.45
2024 03 03 05 00       67.70       49.66       13.16
2024 03 03 06 00       67.30       49.49       12.91
2024 03 03 07 00       66.91       49.31       12.92
2024 03 03 08 00       66.53       49.12       12.55
2024 03 03 09 00       66.14       48.94       12.39
2024 03 03 10 00       65.66       48.73       12.39
2024 03 03 11 00       65.23       48.53       12.27
2024 03 03 12 00       64.75       48.34       11.85
2024 03 03 13 00       64.34       48.10       11.62
2024 03 03 14 00       63.91       47.89       11.57
2024 03 03 15 00       63.49       47.66       11.36
2024 03 03 16 00       63.10       47.43       11.10
2024 03 03 17 00       62.62       47.19       10.93
2024 03 03 18 00       62.16       46.95       10.79
2024 03 03 19 00       61.70       46.70       10.56
2024 03 03 20 00       61.28       46.46       10.43
2024 03 03 21 00       60.79       46.20       10.11
2024 03 03 22 00       60.35       45.94       10.03
2024 03 03 23 00       59.87       45.67        9.74
2024 03 04 00 00       59.44       45.41        9.71
2024 03 04 01 00       58.99       45.14        9.45
2024 03 04 02 00       58.56       44.87        9.42
2024 03 04 03 00       58.12       44.58        9.19
2024 03 04 04 00       57.68       44.31        9.18
2024 03 04 05 00       57.28       44.02        8.90
2024 03 04 06 00       56.78       43.74        8.78
2024 03 04 07 00       56.42       43.46        8.63
2024 03 04 08 00       55.90       43.17        8.56
2024 03 04 09 00       55.55       42.87        8.39
2024 03 04 10 00       55.04       42.58        8.32
2024 03 04 11 00       54.67       42.28        8.18
2024 03 04 12 00       54.17       41.98        8.18
2024 03 04 13 00       53.80       41.68        7.98
2024 03 04 14 00       53.31       41.37        8.01
2024 03 04 15 00       52.86       41.06        7.72
2024 03 04 16 00       52.10       40.75        7.51
2024 03 04 17 00       51.71       40.44        7.23
2024 03 04 18 00       51.23       40.12        7.32
2024 03 04 19 00       50.81       39.81        7.03
2024 03 04 20 00       50.33       39.49        7.12
2024 03 04 21 00       49.92       39.16        6.84
2024 03 04 22 00       49.44       38.84        6.94
2024 03 04 23 00       49.03       38.51        6.66
2024 03 05 00 00       48.55       38.18        6.76
2024 03 05 01 00       48.14       37.84        6.50
2024 03 05 02 00       47.67       37.50        6.60
2024 03 05 03 00       47.26       37.16        6.35
2024 03 05 04 00       46.79       36.82        6.46
2024 03 05 05 00       46.16       36.47        5.97
2024 03 05 06 00       45.68       36.13        6.05
2024 03 05 07 00       45.29       35.78        5.86
2024 03 05 08 00       44.84       35.43        5.97
2024 03 05 09 00       44.46       35.08        5.81
2024 03 05 10 00       44.01       34.73        5.92
2024 03 05 11 00       43.54       34.38        5.66
2024 03 05 12 00       43.03       34.03        5.61
2024 03 05 13 00       42.56       33.68        5.54
2024 03 05 14 00       42.16       33.33        5.22
2024 03 05 15 00       41.64       32.99        6.04
2024 03 05 16 00       41.22       32.64        5.34
2024 03 05 17 00       40.68       32.29        5.44
2024 03 05 18 00       40.22       31.93        5.08
2024 03 05 19 00       39.78       31.58        4.55
2024 03 05 20 00       39.33       31.23        4.54
2024 03 05 21 00       38.89       30.88        4.49
2024 03 05 22 00       38.46       30.54        4.41
2024 03 05 23 00       38.02       30.19        4.34
2024 03 06 00 00       37.59       29.85        4.25
2024 03 06 01 00       37.13       29.51        4.19
2024 03 06 02 00       36.63       29.16        4.06
2024 03 06 03 00       36.16       28.82        3.91
2024 03 06 04 00       35.69       28.48        3.74
2024 03 06 05 00       35.20       28.15        3.55
2024 03 06 06 00       34.68       27.82        3.88
2024 03 06 07 00       34.16       27.48        3.99
2024 03 06 08 00       33.70       27.15        3.03
2024 03 06 09 00       33.27       26.82        2.82
2024 03 06 10 00       32.85       26.50        2.67
2024 03 06 11 00       32.44       26.18        2.16
2024 03 06 12 00       32.03       25.86        2.16
2024 03 06 13 00       31.61       25.53        2.20
2024 03 06 14 00       31.20       25.20        2.10
2024 03 06 15 00       30.79       24.87        2.25
2024 03 06 16 00       30.36       24.54        3.57
2024 03 06 17 00       29.94       24.18        3.43
2024 03 06 18 00       29.55       23.84        3.08
2024 03 06 19 00       29.15       23.51        2.24
2024 03 06 20 00       28.16       22.84        2.09
2024 03 06 21 00       27.38       22.29        3.43
2024 03 06 22 00       26.57       21.54        2.44
2024 03 06 23 00       26.04       21.03        2.45
2024 03 07 00 00       25.56       20.62        2.05
2024 03 07 01 00       25.09       20.20        2.77
2024 03 07 02 00       24.43       19.38        2.78
2024 03 07 03 00       23.78       18.70        2.76
2024 03 07 04 00       22.35       17.15        2.82
2024 03 07 05 00       21.57       16.37        2.81
2024 03 07 06 00       21.10       15.94        2.80
2024 03 07 07 00       20.38       15.20        2.82
2024 03 07 08 00       19.36       13.99        2.87
2024 03 07 09 00       18.75       13.41        2.87
2024 03 07 10 00       17.56       12.49        3.31
2024 03 07 11 00       16.68       11.80        3.22
2024 03 07 12 00       16.08       11.21        3.22
2024 03 07 13 00       15.14       10.68        3.24
2024 03 07 14 00       14.18        9.81        3.28
2024 03 07 15 00       13.31        8.93        2.39
2024 03 07 16 00       12.27        8.11        3.27
2024 03 07 17 00       11.39        7.46        3.07
2024 03 07 18 00       10.25        6.46        3.37
2024 03 07 19 00        8.95        5.36        2.15
2024 03 07 20 00        8.12        5.06        2.81
2024 03 07 21 00        7.68        4.92        2.16
2024 03 07 22 00        6.97        4.51        2.76
2024 03 07 23 00        6.18        4.07        3.05
2024 03 08 00 00        5.74        3.86        2.40
2024 03 08 01 00        5.52        3.78        2.14
2024 03 08 02 00        5.39        3.71        2.00
2024 03 08 03 00        5.27        3.65        1.90
2024 03 08 04 00        5.17        3.59        1.85
2024 03 08 05 00        5.09        3.54        1.61
2024 03 08 06 00        5.02        3.48        0.91
2024 03 08 07 00        4.94        3.43        0.71
2024 03 08 08 00        4.86        3.37        0.60
2024 03 08 09 00        4.77        3.32        1.23
2024 03 08 10 00        4.70        3.27        1.16
2024 03 08 11 00        4.62        3.22        1.06
2024 03 08 12 00        4.55        3.18        1.12
2024 03 08 13 00        4.49        3.13        0.85
2024 03 08 14 00        4.44        3.09        0.49
2024 03 08 15 00        4.37        3.05        0.56
2024 03 08 16 00        4.31        3.01        0.63
2024 03 08 17 00        4.26        2.97        0.56
2024 03 08 18 00        4.20        2.93        0.69
2024 03 08 19 00        4.15        2.89        0.61
2024 03 08 20 00        4.08        2.86        0.89
2024 03 08 21 00        4.05        2.82        0.78
2024 03 08 22 00        3.99        2.79        0.86
2024 03 08 23 00        3.95        2.76        0.94
2024 03 09 00 00        3.93        2.75        0.77
2024 03 09 01 00        3.89        2.73        0.90
2024 03 09 02 00        3.88        2.71        0.96
2024 03 09 03 00        3.85        2.69        0.92
2024 03 09 04 00        3.83        2.67        0.76
2024 03 09 05 00        3.81        2.65        0.92
2024 03 09 06 00        3.80        2.64        0.70
2024 03 09 07 00        3.77        2.63        0.94
2024 03 09 08 00        3.78        2.62        0.64
2024 03 09 09 00        3.76        2.62        0.95
2024 03 09 10 00        3.76        2.62        0.73
2024 03 09 11 00        3.76        2.62        0.97
2024 03 09 12 00        3.77        2.62        0.90
2024 03 09 13 00        3.77        2.62        0.87
2024 03 09 14 00        3.77        2.61        0.91
2024 03 09 15 00        3.77        2.59        0.91
2024 03 09 16 00        3.76        2.58        0.91
2024 03 09 17 00        3.74        2.55        0.91
2024 03 09 18 00        3.71        2.53        0.91
2024 03 09 19 00        3.68        2.50        0.91
2024 03 09 20 00        3.64        2.47        0.91
2024 03 09 21 00        3.59        2.44        0.92
2024 03 09 22 00        3.55        2.41        0.93
2024 03 09 23 00        3.51        2.38        0.93
2024 03 10 00 00        3.46        2.36        0.93
2024 03 10 01 00        3.42        2.33        0.91
2024 03 10 02 00        3.38        2.31        0.88
2024 03 10 03 00        3.35        2.29        0.85
2024 03 10 04 00        3.32        2.28        0.82
2024 03 10 05 00        3.30        2.27        0.78
2024 03 10 06 00        3.28        2.27        0.80
2024 03 10 07 00        3.27        2.26        0.69
2024 03 10 08 00        3.26        2.26        0.82
2024 03 10 09 00        3.25        2.26        0.64
2024 03 10 10 00        3.23        2.26        0.75
2024 03 10 11 00        3.23        2.25        0.62
2024 03 10 12 00        3.21        2.23        0.79
2024 03 10 13 00        3.19        2.21        0.55
2024 03 10 14 00        3.16        2.19        0.77
2024 03 10 15 00        3.13        2.16        0.50
2024 03 10 16 00        3.09        2.12        0.55
2024 03 10 17 00        3.04        2.09        0.73
2024 03 10 18 00        3.00        2.06        0.71
2024 03 10 19 00        2.96        2.02        0.68
2024 03 10 20 00        2.91        1.99        0.65
2024 03 10 21 00        2.87        1.96        0.60
2024 03 10 22 00        2.83        1.93        0.51
2024 03 10 23 00        2.79        1.90        0.63
2024 03 11 00 00        2.75        1.87        0.53
2024 03 11 01 00        2.71        1.84        0.46
2024 03 11 02 00        2.66        1.81        0.60
2024 03 11 03 00        2.63        1.78        0.54
2024 03 11 04 00        2.60        1.76        0.43
2024 03 11 05 00        2.56        1.73        0.52
2024 03 11 06 00        2.53        1.71        0.52
2024 03 11 07 00        2.49        1.69        0.53
2024 03 11 08 00        2.46        1.67        0.54
2024 03 11 09 00        2.43        1.65        0.52
2024 03 11 10 00        2.41        1.63        0.55
2024 03 11 11 00        2.37        1.61        0.68
2024 03 11 12 00        2.35        1.59        0.61
2024 03 11 13 00        2.33        1.57        0.27
2024 03 11 14 00        2.30        1.55        0.37
2024 03 11 15 00        2.28        1.54        0.35
2024 03 11 16 00        2.26        1.52        0.29
2024 03 11 17 00        2.24        1.51        0.37
2024 03 11 18 00        2.22        1.49        0.41
2024 03 11 19 00        2.19        1.48        0.32
2024 03 11 20 00        2.18        1.47        0.31
2024 03 11 21 00        2.16        1.45        0.38
2024 03 11 22 00        2.14        1.44        0.36
2024 03 11 23 00        2.12        1.43        0.67
2024 03 12 00 00        2.11        1.42        0.61
2024 03 12 01 00        2.10        1.41        0.22
2024 03 12 02 00        2.08        1.40        0.22
2024 03 12 03 00        2.06        1.39        0.19
2024 03 12 04 00        2.05        1.38        0.18
2024 03 12 05 00        2.02        1.37        0.59
2024 03 12 06 00        2.02        1.36        0.64
2024 03 12 07 00        2.00        1.35        0.63
2024 03 12 08 00        1.98        1.34        0.63
2024 03 12 09 00        1.97        1.33        0.62
2024 03 12 10 00        1.96        1.32        0.62
2024 03 12 11 00        1.94        1.31        0.61
2024 03 12 12 00        1.93        1.30        0.61
2024 03 12 13 00        1.91        1.29        0.61
2024 03 12 14 00        1.90        1.28        0.60
2024 03 12 15 00        1.89        1.27        0.60
2024 03 12 16 00        1.88        1.26        0.60
2024 03 12 17 00        1.86        1.26        0.59
2024 03 12 18 00        1.85        1.25        0.59
2024 03 12 19 00        1.84        1.24        0.59
2024 03 12 20 00        1.83        1.23        0.58
2024 03 12 21 00        1.82        1.22        0.58
2024 03 12 22 00        1.80        1.21        0.58
2024 03 12 23 00        1.79        1.21        0.57
2024 03 13 00 00        1.78        1.20        0.57
2024 03 13 01 00        1.77        1.19        0.57
2024 03 13 02 00        1.76        1.18        0.56
2024 03 13 03 00        1.75        1.17        0.56
2024 03 13 04 00        1.74        1.17        0.56
2024 03 13 05 00        1.72        1.16        0.55
2024 03 13 06 00        1.71        1.15        0.55
2024 03 13 07 00        1.70        1.14        0.55
2024 03 13 08 00        1.69        1.14        0.54
2024 03 13 09 00        1.68        1.13        0.54
2024 03 13 10 00        1.67        1.12        0.54
2024 03 13 11 00        1.66        1.11        0.54
2024 03 13 12 00        1.65        1.11        0.53
2024 03 13 13 00        1.64        1.10        0.53
2024 03 13 14 00        1.63        1.09        0.53
2024 03 13 15 00        1.62        1.08        0.53
2024 03 13 16 00        1.61        1.08        0.52
2024 03 13 17 00        1.60        1.07        0.52
2024 03 13 18 00        1.59        1.06        0.52
2024 03 13 19 00        1.59        1.06        0.52
2024 03 13 20 00        1.58        1.05        0.52
2024 03 13 21 00        1.57        1.04        0.51
2024 03 13 22 00        1.56        1.04        0.51
2024 03 13 23 00        1.55        1.03        0.51
2024 03 14 00 00        1.55        1.03        0.51
2024 03 14 01 00        1.54        1.03        0.51
2024 03 14 02 00        1.54        1.02        0.52
2024 03 14 03 00        1.54        1.02        0.52
2024 03 14 04 00        1.54        1.02        0.53
2024 03 14 05 00        1.54        1.01        0.53
2024 03 14 06 00        1.55        1.01        0.54
2024 03 14 07 00        1.55        1.01        0.55
2024 03 14 08 00        1.55        1.00        0.56
2024 03 14 09 00        1.56        1.00        0.57
2024 03 14 10 00        1.57        1.00        0.58
2024 03 14 11 00        1.58        0.99        0.60
2024 03 14 12 00        1.59        0.99        0.62
2024 03 14 13 00        1.61        0.99        0.65
2024 03 14 14 00        1.64        0.98        0.69
2024 03 14 15 00        1.67        0.98        0.73
2024 03 14 16 00        1.71        0.98        0.76
2024 03 14 17 00        1.74        0.97        0.79
2024 03 14 18 00        1.77        0.97        0.81
2024 03 14 19 00        1.80        0.97        0.59
2024 03 14 20 00        1.81        0.96        0.61
2024 03 14 21 00        1.82        0.96        0.85
2024 03 14 22 00        1.82        0.95        0.55
2024 03 14 23 00        1.82        0.94        0.55
2024 03 15 00 00        1.81        0.94        0.54
2024 03 15 01 00        1.80        0.93        0.54
2024 03 15 02 00        1.79        0.92        0.57
2024 03 15 03 00        1.77        0.92        0.80
2024 03 15 04 00        1.77        0.91        0.60
2024 03 15 05 00        1.76        0.91        0.83
2024 03 15 06 00        1.76        0.90        0.60
2024 03 15 07 00        1.75        0.90        0.58
2024 03 15 08 00        1.74        0.89        0.83
2024 03 15 09 00        1.74        0.89        0.61
2024 03 15 10 00        1.73        0.89        0.60
2024 03 15 11 00        1.73        0.88        0.83
2024 03 15 12 00        1.72        0.88        0.68
2024 03 15 13 00        1.71        0.88        0.44
2024 03 15 14 00        1.70        0.87        0.53
2024 03 15 15 00        1.69        0.87        0.80
2024 03 15 16 00        1.68        0.87        0.77
2024 03 15 17 00        1.67        0.86        0.57
2024 03 15 18 00        1.65        0.86        0.60
2024 03 15 19 00        1.64        0.86        0.76
2024 03 15 20 00        1.62        0.85        0.75
2024 03 15 21 00        1.61        0.85        0.74
2024 03 15 22 00        1.59        0.84        0.73
2024 03 15 23 00        1.58        0.84        0.72
2024 03 16 00 00        1.56        0.83        0.71
2024 03 16 01 00        1.55        0.83        0.70
2024 03 16 02 00        1.53        0.82        0.70
2024 03 16 03 00        1.52        0.82        0.69
2024 03 16 04 00        1.51        0.81        0.68
2024 03 16 05 00        1.49        0.81        0.67
2024 03 16 06 00        1.48        0.80        0.67
2024 03 16 07 00        1.47        0.79        0.66
2024 03 16 08 00        1.46        0.79        0.65
2024 03 16 09 00        1.44        0.78        0.65
2024 03 16 10 00        1.43        0.78        0.64
2024 03 16 11 00        1.42        0.77        0.63
2024 03 16 12 00        1.41        0.77        0.63
2024 03 16 13 00        1.40        0.76        0.62
2024 03 16 14 00        1.38        0.76        0.61
2024 03 16 15 00        1.37        0.75        0.60
2024 03 16 16 00        1.36        0.75        0.60
2024 03 16 17 00        1.34        0.74        0.59
2024 03 16 18 00        1.33        0.73        0.58
2024 03 16 19 00        1.32        0.73        0.57
2024 03 16 20 00        1.30        0.72        0.56
2024 03 16 21 00        1.29        0.72        0.55
2024 03 16 22 00        1.27        0.71        0.54
2024 03 16 23 00        1.26        0.71        0.53
2024 03 17 00 00        1.24        0.70        0.52
2024 03 17 01 00        1.23        0.70        0.51
2024 03 17 02 00        1.21        0.69        0.51
2024 03 17 03 00        1.20        0.69        0.50
2024 03 17 04 00        1.19        0.68        0.49
2024 03 17 05 00        1.17        0.68        0.48
2024 03 17 06 00        1.16        0.67        0.47
2024 03 17 07 00        1.15        0.67        0.46
2024 03 17 08 00        1.13        0.66        0.46
2024 03 17 09 00        1.12        0.66        0.45
2024 03 17 10 00        1.11        0.65        0.44
2024 03 17 11 00        1.10        0.65        0.43
2024 03 17 12 00        1.08        0.64        0.43
2024 03 17 13 00        1.07        0.64        0.42
2024 03 17 14 00        1.06        0.63        0.42
2024 03 17 15 00        1.05        0.63        0.41
2024 03 17 16 00        1.04        0.63        0.41
2024 03 17 17 00        1.04        0.62        0.40
2024 03 17 18 00        1.03        0.62        0.40
2024 03 17 19 00        1.02        0.61        0.40
2024 03 17 20 00        1.02        0.61        0.40
2024 03 17 21 00        1.02        0.61        0.40
2024 03 17 22 00        1.01        0.60        0.41
2024 03 17 23 00        1.01        0.60        0.41
2024 03 18 00 00        1.01        0.60        0.41
2024 03 18 01 00        1.01        0.59        0.42
2024 03 18 02 00        1.01        0.59        0.42
2024 03 18 03 00        1.01        0.59        0.42
2024 03 18 04 00        1.01        0.58        0.43
2024 03 18 05 00        1.01        0.58        0.43
2024 03 18 06 00        1.01        0.58        0.44
2024 03 18 07 00        1.02        0.58        0.44
2024 03 18 08 00        1.02        0.58        0.44
2024 03 18 09 00        1.02        0.57        0.44
2024 03 18 10 00        1.02        0.57        0.44
2024 03 18 11 00        1.02        0.57        0.44
2024 03 18 12 00        1.01        0.57        0.44
2024 03 18 13 00        1.01        0.57        0.44
2024 03 18 14 00        1.01        0.57        0.43
2024 03 18 15 00        1.00        0.56        0.43
2024 03 18 16 00        1.00        0.56        0.42
2024 03 18 17 00        0.99        0.56        0.42
2024 03 18 18 00        0.98        0.56        0.41
2024 03 18 19 00        0.98        0.56        0.41
2024 03 18 20 00        0.97        0.56        0.40
2024 03 18 21 00        0.96        0.56        0.39
2024 03 18 22 00        0.95        0.55        0.39
2024 03 18 23 00        0.94        0.55        0.38
2024 03 19 00 00        0.94        0.55        0.37
2024 03 19 01 00        0.93        0.55        0.37
2024 03 19 02 00        0.92        0.54        0.36
2024 03 19 03 00        0.91        0.54        0.36
2024 03 19 04 00        0.91        0.54        0.35
2024 03 19 05 00        0.90        0.54        0.35
2024 03 19 06 00        0.90        0.54        0.34
2024 03 19 07 00        0.89        0.54        0.34
2024 03 19 08 00        0.88        0.54        0.33
2024 03 19 09 00        0.87        0.53        0.33
2024 03 19 10 00        0.86        0.53        0.32
2024 03 19 11 00        0.86        0.53        0.32
2024 03 19 12 00        0.85        0.52        0.31
2024 03 19 13 00        0.84        0.52        0.31
2024 03 19 14 00        0.83        0.52        0.30
2024 03 19 15 00        0.82        0.52        0.30
2024 03 19 16 00        0.82        0.51        0.29
2024 03 19 17 00        0.81        0.51        0.29
2024 03 19 18 00        0.80        0.51        0.28
2024 03 19 19 00        0.80        0.51        0.28
2024 03 19 20 00        0.79        0.50        0.28
2024 03 19 21 00        0.78        0.50        0.27
2024 03 19 22 00        0.78        0.50        0.27
2024 03 19 23 00        0.77        0.49        0.27
2024 03 20 00 00        0.76        0.49        0.26
2024 03 20 01 00        0.76        0.49        0.26
2024 03 20 02 00        0.75        0.49        0.26
2024 03 20 03 00        0.75        0.48        0.26
2024 03 20 04 00        0.74        0.48        0.25
2024 03 20 05 00        0.74        0.48        0.25
2024 03 20 06 00        0.73        0.47        0.25
2024 03 20 07 00        0.73        0.47        0.25
2024 03 20 08 00        0.72        0.47        0.24
2024 03 20 09 00        0.72        0.47        0.24
2024 03 20 10 00        0.71        0.46        0.24
2024 03 20 11 00        0.71        0.46        0.24
2024 03 20 12 00        0.70        0.46        0.24
2024 03 20 13 00        0.70        0.46        0.23
2024 03 20 14 00        0.69        0.45        0.23
2024 03 20 15 00        0.69        0.45        0.23
2024 03 20 16 00        0.68        0.45        0.23
2024 03 20 17 00        0.68        0.45        0.23
2024 03 20 18 00        0.68        0.44        0.23
2024 03 20 19 00        0.67        0.44        0.23
2024 03 20 20 00        0.67        0.44        0.22
2024 03 20 21 00        0.66        0.44        0.22
2024 03 20 22 00        0.66        0.43        0.22
2024 03 20 23 00        0.66        0.43        0.22
2024 03 21 00 00        0.65        0.43        0.22
2024 03 21 01 00        0.65        0.42        0.22
2024 03 21 02 00        0.65        0.42        0.22
2024 03 21 03 00        0.64        0.42        0.22
2024 03 21 04 00        0.64        0.42        0.21
2024 03 21 05 00        0.63        0.41        0.21
2024 03 21 06 00        0.63        0.41        0.21
2024 03 21 07 00        0.63        0.41        0.21
2024 03 21 08 00        0.62        0.41        0.21
2024 03 21 09 00        0.62        0.41        0.21
2024 03 21 10 00        0.62        0.40        0.21
2024 03 21 11 00        0.61        0.40        0.21
2024 03 21 12 00        0.61        0.40        0.21
2024 03 21 13 00        0.61        0.40        0.21
2024 03 21 14 00        0.61        0.39        0.21
2024 03 21 15 00        0.60        0.39        0.21
2024 03 21 16 00        0.60        0.39        0.20
2024 03 21 17 00        0.60        0.39        0.20
2024 03 21 18 00        0.60        0.39        0.20
2024 03 21 19 00        0.59        0.39        0.20
2024 03 21 20 00        0.59        0.38        0.20
2024 03 21 21 00        0.59        0.38        0.20
2024 03 21 22 00        0.59        0.38        0.20
2024 03 21 23 00        0.58        0.38        0.20
2024 03 22 00 00        0.58        0.38        0.20
2024 03 22 01 00        0.58        0.37        0.20
2024 03 22 02 00        0.58        0.37        0.20
2024 03 22 03 00        0.57        0.37        0.20
2024 03 22 04 00        0.57        0.37        0.20
2024 03 22 05 00        0.57        0.37        0.20
2024 03 22 06 00        0.57        0.37        0.20
2024 03 22 07 00        0.56        0.36        0.19
2024 03 22 08 00        0.56        0.36        0.19
2024 03 22 09 00        0.56        0.36        0.19
2024 03 22 10 00        0.56        0.36        0.19
2024 03 22 11 00        0.55        0.36        0.19
2024 03 22 12 00        0.55        0.36        0.19
2024 03 22 13 00        0.55        0.36        0.19
2024 03 22 14 00        0.55        0.35        0.19
2024 03 22 15 00        0.55        0.35        0.19
2024 03 22 16 00        0.54        0.35        0.19
2024 03 22 17 00        0.54        0.35        0.19
2024 03 22 18 00        0.54        0.35        0.19
2024 03 22 19 00        0.54        0.35        0.19
2024 03 22 20 00        0.54        0.35        0.19
2024 03 22 21 00        0.53        0.34        0.19
2024 03 22 22 00        0.53        0.34        0.18
2024 03 22 23 00        0.53        0.34        0.18
2024 03 23 00 00        0.53        0.34        0.18
2024 03 23 01 00        0.53        0.34        0.18
2024 03 23 02 00        0.52        0.34        0.18
2024 03 23 03 00        0.52        0.34        0.18
2024 03 23 04 00        0.52        0.34        0.18
2024 03 23 05 00        0.52        0.33        0.18
2024 03 23 06 00        0.52        0.33        0.18
2024 03 23 07 00        0.51        0.33        0.18
2024 03 23 08 00        0.51        0.33        0.18
2024 03 23 09 00        0.51        0.33        0.18
2024 03 23 10 00        0.51        0.33        0.18
2024 03 23 11 00        0.51        0.33        0.18
2024 03 23 12 00        0.50        0.33        0.18
2024 03 23 13 00        0.50        0.32        0.17
2024 03 23 14 00        0.50        0.32        0.17
2024 03 23 15 00        0.50        0.32        0.17
2024 03 23 16 00        0.50        0.33        0.17
2024 03 23 17 00        0.51        0.33        0.18
2024 03 23 18 00        0.52        0.34        0.18
2024 03 23 19 00        0.53        0.35        0.18
2024 03 23 20 00        1.78        1.64        0.41
2024 03 23 21 00        6.44        5.94        1.27
2024 03 23 22 00       22.21       18.33        5.28
2024 03 23 23 00       29.35       22.45        8.12
2024 03 24 00 00       30.18       23.28        8.38
2024 03 24 01 00       30.86       23.93        8.37
2024 03 24 02 00       31.43       24.44        8.44
2024 03 24 03 00       32.04       24.95        8.45
2024 03 24 04 00       32.65       25.48        8.46
2024 03 24 05 00       33.12       25.82        8.49
2024 03 24 06 00       33.68       26.30        8.50
2024 03 24 07 00       34.18       26.67        8.53
2024 03 24 08 00       34.60       26.95        8.57
2024 03 24 09 00       35.02       27.24        8.63
2024 03 24 10 00       35.39       27.47        8.70
2024 03 24 11 00       35.77       27.72        8.77
2024 03 24 12 00       36.15       27.98        8.81
2024 03 24 13 00       36.51       28.24        8.83
2024 03 24 14 00       36.84       28.49        8.83
2024 03 24 15 00       37.14       28.73        8.81
2024 03 24 16 00       37.39       28.96        8.79
2024 03 24 17 00       37.49       28.98        8.76
2024 03 24 18 00       37.65       29.19        8.64
2024 03 24 19 00       37.79       29.34        8.56
2024 03 24 20 00       38.00       29.54        8.54
2024 03 24 21 00       38.18       29.71        8.50
2024 03 24 22 00       38.35       29.86        8.47
2024 03 24 23 00       38.49       29.98        8.43
2024 03 25 00 00       38.71       30.20        8.41
2024 03 25 01 00       38.78       30.14        8.52
2024 03 25 02 00       39.63       30.10        9.83
2024 03 25 03 00       40.09       30.13       10.31
2024 03 25 04 00       40.38       30.16       10.55
2024 03 25 05 00       40.63       30.18       10.73
2024 03 25 06 00       40.87       30.17       10.97
2024 03 25 07 00       41.20       30.15       11.31
2024 03 25 08 00       41.45       30.12       11.54
2024 03 25 09 00       41.58       29.98       11.71
2024 03 25 10 00       41.75       29.95       11.86
2024 03 25 11 00       41.90       29.87       12.01
2024 03 25 12 00       42.04       29.81       12.16
2024 03 25 13 00       42.16       29.73       12.28
2024 03 25 14 00       42.26       29.64       12.39
2024 03 25 15 00       42.33       29.56       12.46
2024 03 25 16 00       42.37       29.47       12.52
2024 03 25 17 00       42.34       29.29       12.55
2024 03 25 18 00       42.36       29.20       12.59
2024 03 25 19 00       42.36       29.12       12.61
2024 03 25 20 00       42.35       29.03       12.63
2024 03 25 21 00       42.33       28.94       12.64
2024 03 25 22 00       42.29       28.86       12.63
2024 03 25 23 00       42.19       28.77       12.54
2024 03 26 00 00       42.11       28.66       12.51
2024 03 26 01 00       42.04       28.55       12.49
2024 03 26 02 00       41.96       28.47       12.46
2024 03 26 03 00       41.88       28.37       12.43
2024 03 26 04 00       41.75       28.23       12.37
2024 03 26 05 00       41.56       28.12       12.21
2024 03 26 06 00       41.42       28.03       12.12
2024 03 26 07 00       41.30       27.94       12.05
2024 03 26 08 00       41.16       27.83       11.99
2024 03 26 09 00       40.99       27.73       11.88
2024 03 26 10 00       40.84       27.65       11.79
2024 03 26 11 00       40.68       27.57       11.68
2024 03 26 12 00       40.49       27.45       11.56
2024 03 26 13 00       40.30       27.36       11.43
2024 03 26 14 00       40.12       27.29       11.29
2024 03 26 15 00       39.92       27.22       11.15
2024 03 26 16 00       39.76       27.15       11.04
2024 03 26 17 00       39.57       27.09       10.89
2024 03 26 18 00       39.38       27.04       10.72
2024 03 26 19 00       39.13       26.98       10.49
2024 03 26 20 00       38.90       26.93       10.27
2024 03 26 21 00       38.71       26.89       10.13
2024 03 26 22 00       38.53       26.84        9.99
2024 03 26 23 00       38.33       26.80        9.83
2024 03 27 00 00       38.01       26.77        9.61
2024 03 27 01 00       37.82       26.73        9.48
2024 03 27 02 00       37.64       26.70        9.36
2024 03 27 03 00       37.46       26.67        9.24
2024 03 27 04 00       37.28       26.65        9.10
2024 03 27 05 00       37.10       26.63        8.95
2024 03 27 06 00       36.93       26.61        8.83
2024 03 27 07 00       36.76       26.59        8.70
2024 03 27 08 00       36.59       26.57        8.58
2024 03 27 09 00       36.43       26.56        8.45
2024 03 27 10 00       36.26       26.55        8.31
2024 03 27 11 00       36.10       26.54        8.18
2024 03 27 12 00       35.95       26.53        8.06
2024 03 27 13 00       35.81       26.53        7.95
2024 03 27 14 00       35.66       26.53        7.83
2024 03 27 15 00       35.32       26.52        7.48
2024 03 27 16 00       35.06       26.52        7.21
2024 03 27 17 00       34.94       26.52        7.13
2024 03 27 18 00       34.80       26.51        7.01
2024 03 27 19 00       34.69       26.51        6.93
2024 03 27 20 00       34.59       26.51        6.86
2024 03 27 21 00       34.43       26.45        6.79
2024 03 27 22 00       34.31       26.44        6.71
2024 03 27 23 00       34.20       26.44        6.62
2024 03 28 00 00       34.08       26.44        6.53
2024 03 28 01 00       33.97       26.44        6.44
2024 03 28 02 00       33.90       26.45        6.36
2024 03 28 03 00       33.79       26.44        6.28
2024 03 28 04 00       33.69       26.44        6.21
2024 03 28 05 00       33.60       26.43        6.14
2024 03 28 06 00       33.50       26.42        6.06
2024 03 28 07 00       33.40       26.41        5.99
2024 03 28 08 00       33.10       26.39        5.64
2024 03 28 09 00       32.96       26.37        5.53
2024 03 28 10 00       32.84       26.35        5.44
2024 03 28 11 00       32.73       26.32        5.36
2024 03 28 12 00       32.61       26.29        5.28
2024 03 28 13 00       32.49       26.25        5.20
2024 03 28 14 00       32.37       26.21        5.13
2024 03 28 15 00       32.14       26.17        4.90
2024 03 28 16 00       31.95       26.12        4.75
2024 03 28 17 00       31.81       26.06        4.66
2024 03 28 18 00       31.67       26.00        4.60
2024 03 28 19 00       31.54       25.94        4.53
2024 03 28 20 00       31.29       25.87        4.31
2024 03 28 21 00       31.10       25.79        4.17
2024 03 28 22 00       30.94       25.71        4.10
2024 03 28 23 00       30.79       25.62        4.05
2024 03 29 00 00       30.63       25.52        3.99
2024 03 29 01 00       30.47       25.42        3.94
2024 03 29 02 00       30.31       25.31        3.89
2024 03 29 03 00       30.09       25.20        3.76
2024 03 29 04 00       29.86       25.08        3.61
2024 03 29 05 00       29.64       24.95        3.14
2024 03 29 06 00       29.38       24.82        2.90
2024 03 29 07 00       29.10       24.68        2.54
2024 03 29 08 00       28.81       24.53        2.26
2024 03 29 09 00       28.56       24.38        2.11
2024 03 29 10 00       28.34       24.23        1.89
2024 03 29 11 00       28.12       24.07        1.76
2024 03 29 12 00       27.91       23.91        1.67
2024 03 29 13 00       27.69       23.75        1.58
2024 03 29 14 00       27.48       23.57        1.50
2024 03 29 15 00       27.20       23.40        3.50
2024 03 29 16 00       26.97       23.22        3.50
2024 03 29 17 00       26.74       23.03        3.51
2024 03 29 18 00       26.54       22.86        3.50
2024 03 29 19 00       26.30       22.66        3.52
2024 03 29 20 00       26.19       22.50        1.26
2024 03 29 21 00       25.96       22.30        1.34
2024 03 29 22 00       25.60       21.92        1.33
2024 03 29 23 00       25.42       21.74        1.36
2024 03 30 00 00       25.17       21.47        1.30
2024 03 30 01 00       24.63       20.95        2.51
2024 03 30 02 00       24.35       20.66        2.73
2024 03 30 03 00       24.01       20.25        2.21
2024 03 30 04 00       23.65       19.72        2.78
2024 03 30 05 00       23.35       19.38        2.83
2024 03 30 06 00       23.09       19.08        2.88
2024 03 30 07 00       22.47       18.77        4.05
2024 03 30 08 00       22.14       18.43        3.78
2024 03 30 09 00       21.71       17.89        3.22
2024 03 30 10 00       21.17       17.15        3.87
2024 03 30 11 00       20.68       16.56        4.04
2024 03 30 12 00       20.24       16.05        4.81
2024 03 30 13 00       19.91       15.38        1.59
2024 03 30 14 00       19.40       14.87        5.35
2024 03 30 15 00       18.86       14.05        5.86
2024 03 30 16 00       18.47       13.52        5.87
2024 03 30 17 00       17.85       12.60        1.91
2024 03 30 18 00       16.91       12.08        2.26
2024 03 30 19 00       16.47       11.63        2.39
2024 03 30 20 00       15.86       10.96        2.53
2024 03 30 21 00       14.86        9.96        2.75
2024 03 30 22 00       14.21        9.36        2.97
2024 03 30 23 00       13.38        8.69        4.49
2024 03 31 00 00       12.52        7.79        4.43
2024 03 31 01 00       11.35        6.73        4.37
2024 03 31 02 00       10.34        5.66        4.31
2024 03 31 03 00        9.37        4.94        4.25
2024 03 31 04 00        8.71        4.68        3.79
2024 03 31 05 00        8.28        4.36        3.66
2024 03 31 06 00        7.74        3.81        3.57
2024 03 31 07 00        7.18        3.49        3.49
2024 03 31 08 00        6.91        3.38        3.38
2024 03 31 09 00        6.49        3.30        3.09
2024 03 31 10 00        6.23        3.23        2.95
2024 03 31 11 00        5.96        3.17        3.20
2024 03 31 12 00        5.63        3.11        2.79
2024 03 31 13 00        5.39        3.05        2.31
2024 03 31 14 00        5.21        3.00        2.11
2024 03 31 15 00        5.06        2.95        2.00
2024 03 31 16 00        4.96        2.91        1.22
2024 03 31 17 00        4.86        2.87        1.07
2024 03 31 18 00        4.77        2.84        1.09
2024 03 31 19 00        4.68        2.80        1.11
2024 03 31 20 00        4.61        2.77        1.12
2024 03 31 21 00        4.53        2.74        1.13
2024 03 31 22 00        4.47        2.71        0.95
2024 03 31 23 00        4.40        2.68        0.83
2024 04 01 00 00        4.33        2.65        1.47
2024 04 01 01 00        4.28        2.63        0.96
2024 04 01 02 00        4.23        2.60        0.73
2024 04 01 03 00        4.17        2.58        0.76
2024 04 01 04 00        4.12        2.55        1.36
2024 04 01 05 00        4.07        2.53        0.91
2024 04 01 06 00        4.01        2.50        1.25
2024 04 01 07 00        3.97        2.48        0.99
2024 04 01 08 00        3.90        2.45        1.20
2024 04 01 09 00        3.86        2.42        1.14
2024 04 01 10 00        3.80        2.39        1.15
2024 04 01 11 00        3.75        2.37        1.14
2024 04 01 12 00        3.69        2.34        1.14
2024 04 01 13 00        3.64        2.30        1.12
2024 04 01 14 00        3.59        2.27        1.10
2024 04 01 15 00        3.53        2.24        0.96
2024 04 01 16 00        3.48        2.21        0.97
2024 04 01 17 00        3.44        2.17        0.97
2024 04 01 18 00        3.39        2.14        0.98
2024 04 01 19 00        3.35        2.11        0.99
2024 04 01 20 00        3.30        2.07        1.00
2024 04 01 21 00        3.26        2.04        1.01
2024 04 01 22 00        3.22        2.02        1.01
2024 04 01 23 00        3.18        1.99        1.01
2024 04 02 00 00        3.15        1.97        0.99
2024 04 02 01 00        3.13        1.96        0.97
2024 04 02 02 00        3.11        1.95        0.97
2024 04 02 03 00        3.10        1.94        0.97
2024 04 02 04 00        3.09        1.94        0.98
2024 04 02 05 00        3.08        1.93        0.98
2024 04 02 06 00        3.07        1.92        0.97
2024 04 02 07 00        3.06        1.91        0.76
2024 04 02 08 00        3.05        1.90        0.57
2024 04 02 09 00        3.03        1.89        0.97
2024 04 02 10 00        3.02        1.88        0.89
2024 04 02 11 00        3.01        1.87        0.71
2024 04 02 12 00        3.00        1.86        0.98
2024 04 02 13 00        2.99        1.85        0.83
2024 04 02 14 00        2.98        1.85        0.97
2024 04 02 15 00        2.97        1.84        0.84
2024 04 02 16 00        2.96        1.83        0.84
2024 04 02 17 00        2.95        1.82        0.94
2024 04 02 18 00        2.93        1.81        0.80
2024 04 02 19 00        2.90        1.79        0.92
2024 04 02 20 00        2.87        1.77        0.73
2024 04 02 21 00        2.83        1.74        0.89
2024 04 02 22 00        2.79        1.71        0.62
2024 04 02 23 00        2.74        1.68        0.67
2024 04 03 00 00        2.69        1.65        0.74
2024 04 03 01 00        2.65        1.62        0.42
2024 04 03 02 00        2.59        1.60        0.85
2024 04 03 03 00        2.56        1.58        0.69
2024 04 03 04 00        2.53        1.55        0.60
2024 04 03 05 00        2.49        1.54        0.64
2024 04 03 06 00        2.46        1.52        0.66
2024 04 03 07 00        2.43        1.50        0.54
2024 04 03 08 00        2.39        1.49        0.51
2024 04 03 09 00        2.37        1.47        0.32
2024 04 03 10 00        2.34        1.45        0.55
2024 04 03 11 00        2.32        1.44        0.41
2024 04 03 12 00        2.29        1.42        0.39
2024 04 03 13 00        2.27        1.41        0.44
2024 04 03 14 00        2.24        1.39        0.36
2024 04 03 15 00        2.22        1.38        0.35
2024 04 03 16 00        2.19        1.36        0.58
2024 04 03 17 00        2.17        1.35        0.67
2024 04 03 18 00        2.16        1.34        0.42
2024 04 03 19 00        2.14        1.32        0.56
2024 04 03 20 00        2.12        1.31        0.73
2024 04 03 21 00        2.12        1.30        0.42
2024 04 03 22 00        2.10        1.29        0.57
2024 04 03 23 00        2.09        1.28        0.75
2024 04 04 00 00        2.09        1.27        0.40
2024 04 04 01 00        2.08        1.26        0.57
2024 04 04 02 00        2.08        1.25        0.76
2024 04 04 03 00        2.09        1.25        0.47
2024 04 04 04 00        2.10        1.24        0.49
2024 04 04 05 00        2.10        1.24        0.74
2024 04 04 06 00        2.11        1.23        0.87
2024 04 04 07 00        2.11        1.22        0.88
2024 04 04 08 00        2.10        1.20        0.90
2024 04 04 09 00        2.10        1.19        0.91
2024 04 04 10 00        2.10        1.18        0.91
2024 04 04 11 00        2.10        1.17        0.92
2024 04 04 12 00        2.10        1.16        0.70
2024 04 04 13 00        2.09        1.15        0.69
2024 04 04 14 00        2.09        1.14        0.70
2024 04 04 15 00        2.08        1.13        0.58
2024 04 04 16 00        2.07        1.12        0.85
2024 04 04 17 00        2.11        1.11        1.14
2024 04 04 18 00        2.42        1.11        1.74
2024 04 04 19 00        3.13        1.10        2.53
2024 04 04 20 00        3.89        1.09        3.12
2024 04 04 21 00        4.37        1.08        3.42
2024 04 04 22 00        4.55        1.07        3.50
2024 04 04 23 00        4.59        1.07        3.53
2024 04 05 00 00        4.62        1.07        3.55
2024 04 05 01 00        4.66        1.07        3.61
2024 04 05 02 00        4.72        1.07        3.67
2024 04 05 03 00        4.77        1.07        3.70
2024 04 05 04 00        4.77        1.07        3.69
2024 04 05 05 00        4.74        1.06        3.64
2024 04 05 06 00        4.68        1.06        3.58
2024 04 05 07 00        4.61        1.06        3.51
2024 04 05 08 00        4.54        1.06        3.44
2024 04 05 09 00        4.46        1.06        3.34
2024 04 05 10 00        4.35        1.06        3.21
2024 04 05 11 00        4.21        1.05        3.07
2024 04 05 12 00        4.06        1.05        2.92
2024 04 05 13 00        3.91        1.04        2.76
2024 04 05 14 00        3.75        1.03        2.60
2024 04 05 15 00        3.60        1.02        2.47
2024 04 05 16 00        3.46        1.01        2.34
2024 04 05 17 00        3.33        1.00        2.22
2024 04 05 18 00        3.22        0.99        2.15
2024 04 05 19 00        3.12        0.99        1.60
2024 04 05 20 00        3.05        0.99        1.48
2024 04 05 21 00        3.05        1.05        1.94
2024 04 05 22 00        3.08        1.09        1.98
2024 04 05 23 00        3.18        1.17        2.06
2024 04 06 00 00        3.40        1.25        2.29
2024 04 06 01 00        3.81        1.30        2.79
2024 04 06 02 00        4.50        1.35        3.54
2024 04 06 03 00        5.47        1.47        4.49
2024 04 06 04 00        6.63        1.63        5.45
2024 04 06 05 00        7.52        1.79        5.98
2024 04 06 06 00        8.03        1.98        6.26
2024 04 06 07 00        8.51        2.31        6.48
2024 04 06 08 00        9.23        2.78        6.75
2024 04 06 09 00       10.03        3.18        7.01
2024 04 06 10 00       10.54        3.38        7.19
2024 04 06 11 00       10.73        3.40        7.26
2024 04 06 12 00       10.72        3.33        7.31
2024 04 06 13 00       10.63        3.23        7.29
2024 04 06 14 00       10.51        3.12        7.25
2024 04 06 15 00       10.38        3.02        7.21
2024 04 06 16 00       10.26        2.93        7.15
2024 04 06 17 00       10.15        2.86        7.11
2024 04 06 18 00       10.06        2.80        7.06
2024 04 06 19 00        9.98        2.77        7.02
2024 04 06 20 00        9.91        2.74        6.94
2024 04 06 21 00        9.86        2.72        6.86
2024 04 06 22 00        9.82        2.71        6.74
2024 04 06 23 00        9.90        2.80        7.01
2024 04 07 00 00        9.87        2.85        6.71
2024 04 07 01 00        9.90        2.94        6.67
2024 04 07 02 00        9.93        3.00        6.63
2024 04 07 03 00        9.97        3.07        6.62
2024 04 07 04 00       10.08        3.18        6.37
2024 04 07 05 00       10.23        3.30        6.54
2024 04 07 06 00       10.39        3.42        6.41
2024 04 07 07 00       10.55        3.59        6.40
2024 04 07 08 00       10.76        3.81        6.46
2024 04 07 09 00       10.98        4.01        6.91
2024 04 07 10 00       11.16        4.14        6.64
2024 04 07 11 00       11.26        4.16        6.84
2024 04 07 12 00       11.35        4.28        6.89
2024 04 07 13 00       12.27        5.83        6.85
2024 04 07 14 00       14.76        8.45        6.27
2024 04 07 15 00       16.16        9.51        6.04
2024 04 07 16 00       16.43        9.70        4.82
2024 04 07 17 00       16.41        9.71        4.53
2024 04 07 18 00       16.34        9.67        3.42
2024 04 07 19 00       16.45        9.79        3.68
2024 04 07 20 00       17.00       10.07        6.98
2024 04 07 21 00       18.38       10.43        8.92
2024 04 07 22 00       19.71       10.62       10.39
2024 04 07 23 00       20.52       10.66       11.25
2024 04 08 00 00       21.00       10.60       11.78
2024 04 08 01 00       21.38       10.50       12.25
2024 04 08 02 00       21.72       10.38       12.70
2024 04 08 03 00       22.05       10.26       13.13
2024 04 08 04 00       22.34       10.13       13.55
2024 04 08 05 00       22.64       10.01       13.97
2024 04 08 06 00       22.91        9.90       14.31
2024 04 08 07 00       23.17        9.79       14.63
2024 04 08 08 00       23.40        9.69       14.91
2024 04 08 09 00       23.63        9.58       15.17
2024 04 08 10 00       23.79        9.45       15.36
2024 04 08 11 00       23.94        9.31       15.56
2024 04 08 12 00       24.08        9.20       15.71
2024 04 08 13 00       24.19        9.09       15.82
2024 04 08 14 00       24.30        8.98       15.94
2024 04 08 15 00       24.37        8.81       16.06
2024 04 08 16 00       24.34        8.55       16.17
2024 04 08 17 00       24.29        8.31       16.25
2024 04 08 18 00       24.24        8.09       16.31
2024 04 08 19 00       24.15        7.83       16.35
2024 04 08 20 00       24.06        7.56       16.42
2024 04 08 21 00       24.14        7.46       16.54
2024 04 08 22 00       25.08        7.99       17.15
2024 04 08 23 00       26.83        9.08       18.24
2024 04 09 00 00       29.43       11.00       19.43
2024 04 09 01 00       31.51       12.33       20.38
2024 04 09 02 00       33.13       13.02       21.46
2024 04 09 03 00       34.27       13.31       22.34
2024 04 09 04 00       37.38       15.59       23.56
2024 04 09 05 00       38.81       16.06       24.39
2024 04 09 06 00       39.98       16.39       25.27
2024 04 09 07 00       41.04       16.57       26.13
2024 04 09 08 00       42.13       16.60       27.22
2024 04 09 09 00       42.91       16.43       28.06
2024 04 09 10 00       43.66       16.22       28.95
2024 04 09 11 00       44.47       16.10       29.83
2024 04 09 12 00       45.31       16.03       30.65
2024 04 09 13 00       46.15       16.01       31.49
2024 04 09 14 00       46.98       15.99       32.26
2024 04 09 15 00       47.85       15.99       33.08
2024 04 09 16 00       48.69       16.03       33.78
2024 04 09 17 00       49.55       16.07       34.53
2024 04 09 18 00       50.38       16.12       35.21
2024 04 09 19 00       51.18       16.17       35.87
2024 04 09 20 00       51.95       16.21       36.50
2024 04 09 21 00       52.69       16.25       37.10
2024 04 09 22 00       53.40       16.29       37.67
2024 04 09 23 00       54.06       16.32       38.22
2024 04 10 00 00       54.69       16.34       38.73
2024 04 10 01 00       55.28       16.36       39.20
2024 04 10 02 00       55.83       16.38       39.62
2024 04 10 03 00       56.31       16.39       39.98
2024 04 10 04 00       56.77       16.39       40.32
2024 04 10 05 00       57.19       16.39       40.65
2024 04 10 06 00       57.56       16.38       40.94
2024 04 10 07 00       57.89       16.37       41.18
2024 04 10 08 00       58.18       16.35       41.39
2024 04 10 09 00       58.45       16.33       41.59
2024 04 10 10 00       58.66       16.31       41.72
2024 04 10 11 00       58.82       16.28       41.82
2024 04 10 12 00       58.94       16.24       41.87
2024 04 10 13 00       59.02       16.21       41.90
2024 04 10 14 00       59.07       16.17       41.89
2024 04 10 15 00       59.07       16.13       41.84
2024 04 10 16 00       59.04       16.09       41.77
2024 04 10 17 00       58.96       16.04       41.65
2024 04 10 18 00       58.81       15.96       41.49
2024 04 10 19 00       58.62       15.89       41.27
2024 04 10 20 00       58.42       15.84       41.05
2024 04 10 21 00       58.16       15.78       40.75
2024 04 10 22 00       57.77       15.72       40.29
2024 04 10 23 00       57.43       15.67       39.93
2024 04 11 00 00       57.09       15.61       39.55
2024 04 11 01 00       56.77       15.60       39.18
2024 04 11 02 00       56.37       15.54       38.76
2024 04 11 03 00       55.91       15.49       38.28
2024 04 11 04 00       55.46       15.44       37.81
2024 04 11 05 00       55.02       15.39       37.36
2024 04 11 06 00       54.54       15.35       36.88
2024 04 11 07 00       54.06       15.30       36.40
2024 04 11 08 00       53.49       15.22       35.85
2024 04 11 09 00       52.91       15.13       35.32
2024 04 11 10 00       52.34       15.04       34.78
2024 04 11 11 00       51.71       14.94       34.19
2024 04 11 12 00       51.15       14.85       33.71
2024 04 11 13 00       50.57       14.75       33.19
2024 04 11 14 00       49.95       14.66       32.61
2024 04 11 15 00       49.29       14.57       31.99
2024 04 11 16 00       48.69       14.47       31.45
2024 04 11 17 00       48.09       14.39       30.92
2024 04 11 18 00       47.47       14.29       30.35
2024 04 11 19 00       46.74       14.17       29.68
2024 04 11 20 00       45.81       14.06       28.79
2024 04 11 21 00       45.17       13.96       28.17
2024 04 11 22 00       44.53       13.86       27.56
2024 04 11 23 00       43.54       13.67       26.88
2024 04 12 00 00       45.02       15.81       25.50
2024 04 12 01 00       45.24       16.08       26.34
2024 04 12 02 00       45.02       16.38       24.85
2024 04 12 03 00       45.14       16.77       25.90
2024 04 12 04 00       45.28       17.25       24.82
2024 04 12 05 00       45.14       17.49       25.29
2024 04 12 06 00       44.80       17.36       24.10
2024 04 12 07 00       44.42       17.21       24.90
2024 04 12 08 00       44.19       17.11       23.91
2024 04 12 09 00       44.01       17.05       24.84
2024 04 12 10 00       43.76       17.01       23.63
2024 04 12 11 00       43.49       16.98       24.41
2024 04 12 12 00       43.22       16.97       23.16
2024 04 12 13 00       42.95       16.97       23.87
2024 04 12 14 00       42.68       16.98       22.64
2024 04 12 15 00       42.41       16.97       23.30
2024 04 12 16 00       42.11       16.98       22.07
2024 04 12 17 00       41.79       16.98       22.65
2024 04 12 18 00       41.49       16.99       21.44
2024 04 12 19 00       41.20       16.98       22.05
2024 04 12 20 00       40.89       16.97       20.83
2024 04 12 21 00       40.57       16.95       21.44
2024 04 12 22 00       40.28       16.94       20.28
2024 04 12 23 00       39.97       16.92       20.88
2024 04 13 00 00       39.68       16.90       19.67
2024 04 13 01 00       39.29       16.87       20.21
2024 04 13 02 00       38.95       16.83       19.31
2024 04 13 03 00       38.63       16.78       19.63
2024 04 13 04 00       38.34       16.73       18.82
2024 04 13 05 00       38.03       16.67       18.58
2024 04 13 06 00       37.73       16.61       18.34
2024 04 13 07 00       37.41       16.56       18.44
2024 04 13 08 00       37.10       16.47       16.55
2024 04 13 09 00       36.77       16.39       16.38
2024 04 13 10 00       36.45       16.31       16.28
2024 04 13 11 00       36.12       16.22       16.18
2024 04 13 12 00       35.74       16.12       16.04
2024 04 13 13 00       35.37       16.02       15.83
2024 04 13 14 00       34.98       15.87       15.70
2024 04 13 15 00       34.59       15.71       15.57
2024 04 13 16 00       34.22       15.59       15.42
2024 04 13 17 00       33.87       15.47       15.30
2024 04 13 18 00       33.56       15.38       15.16
2024 04 13 19 00       33.22       15.25       15.03
2024 04 13 20 00       32.88       15.14       14.90
2024 04 13 21 00       32.55       15.03       14.74
2024 04 13 22 00       32.23       14.92       14.61
2024 04 13 23 00       31.91       14.82       14.47
2024 04 14 00 00       31.64       14.75       14.31
2024 04 14 01 00       31.35       14.68       14.15
2024 04 14 02 00       31.01       14.53       13.97
2024 04 14 03 00       30.64       14.41       13.77
2024 04 14 04 00       30.26       14.30       13.50
2024 04 14 05 00       29.84       14.19       13.17
2024 04 14 06 00       29.53       14.08       13.00
2024 04 14 07 00       29.21       13.96       12.84
2024 04 14 08 00       28.89       13.83       12.68
2024 04 14 09 00       28.55       13.68       12.53
2024 04 14 10 00       28.17       13.49       12.36
2024 04 14 11 00       27.74       13.26       12.18
2024 04 14 12 00       27.39       13.11       11.99
2024 04 14 13 00       27.03       12.94       11.79
2024 04 14 14 00       26.64       12.72       11.62
2024 04 14 15 00       26.18       12.42       11.43
2024 04 14 16 00       25.72       12.19       11.20
2024 04 14 17 00       25.37       12.01       11.01
2024 04 14 18 00       24.97       11.76       10.80
2024 04 14 19 00       24.44       11.44       10.59
2024 04 14 20 00       24.06       11.24       10.39
2024 04 14 21 00       23.69       11.03       10.24
2024 04 14 22 00       23.27       10.74       10.12
2024 04 14 23 00       22.68       10.24       10.04
2024 04 15 00 00       22.28        9.91       10.02
2024 04 15 01 00       22.36        9.61       10.86
2024 04 15 02 00       22.37        9.41       11.32
2024 04 15 03 00       22.45        9.28       11.70
2024 04 15 04 00       22.40        9.11       11.86
2024 04 15 05 00       22.24        8.86       11.96
2024 04 15 06 00       22.02        8.58       12.08
2024 04 15 07 00       21.85        8.36       12.16
2024 04 15 08 00       21.65        8.07       12.20
2024 04 15 09 00       21.31        7.72       12.22
2024 04 15 10 00       21.02        7.40       12.22
2024 04 15 11 00       20.77        7.16       12.21
2024 04 15 12 00       20.49        6.88       12.18
2024 04 15 13 00       20.10        6.44       12.13
2024 04 15 14 00       19.74        6.12       12.10
2024 04 15 15 00       19.45        5.84       12.07
2024 04 15 16 00       19.15        5.55       12.03
2024 04 15 17 00       18.85        5.28       11.98
2024 04 15 18 00       18.59        5.06       11.93
2024 04 15 19 00       18.37        4.89       11.88
2024 04 15 20 00       18.17        4.75       11.80
2024 04 15 21 00       17.99        4.65       11.71
2024 04 15 22 00       17.82        4.56       11.60
2024 04 15 23 00       17.66        4.48       11.49
2024 04 16 00 00       17.50        4.42       11.38
2024 04 16 01 00       17.36        4.38       11.27
2024 04 16 02 00       17.17        4.33       11.05
2024 04 16 03 00       16.99        4.27       10.90
2024 04 16 04 00       16.82        4.21       10.74
2024 04 16 05 00       16.64        4.15       10.58
2024 04 16 06 00       16.45        4.08       10.45
2024 04 16 07 00       16.26        4.01       10.31
2024 04 16 08 00       16.06        3.93       10.16
2024 04 16 09 00       15.86        3.86       10.03
2024 04 16 10 00       15.67        3.79        9.90
2024 04 16 11 00       15.49        3.72        9.78
2024 04 16 12 00       15.31        3.65        9.67
2024 04 16 13 00       15.13        3.59        9.55
2024 04 16 14 00       14.95        3.53        9.42
2024 04 16 15 00       14.76        3.48        9.29
2024 04 16 16 00       14.58        3.43        9.16
2024 04 16 17 00       14.39        3.38        9.04
2024 04 16 18 00       13.82        3.33        8.96
2024 04 16 19 00       13.62        3.29        8.85
2024 04 16 20 00       13.41        3.24        8.70
2024 04 16 21 00       12.97        3.19        8.21
2024 04 16 22 00       12.73        3.15        7.92
2024 04 16 23 00       12.51        3.10        7.70
2024 04 17 00 00       12.31        3.06        7.46
2024 04 17 01 00       12.11        3.02        7.19
2024 04 17 02 00       11.92        2.97        6.89
2024 04 17 03 00       11.74        2.93        6.57
2024 04 17 04 00       11.56        2.89        6.24
2024 04 17 05 00       11.37        2.85        6.75
2024 04 17 06 00       11.21        2.82        6.55
2024 04 17 07 00       11.06        2.78        6.35
2024 04 17 08 00       10.91        2.74        6.81
2024 04 17 09 00       10.76        2.71        6.74
2024 04 17 10 00       10.62        2.67        6.65
2024 04 17 11 00       10.50        2.64        4.45
2024 04 17 12 00       10.37        2.61        4.46
2024 04 17 13 00       10.11        2.58        4.53
2024 04 17 14 00        9.90        2.55        4.68
2024 04 17 15 00        9.77        2.52        4.76
2024 04 17 16 00        9.65        2.49        4.84
2024 04 17 17 00        9.53        2.47        4.90
2024 04 17 18 00        9.42        2.44        4.94
2024 04 17 19 00        9.31        2.42        4.97
2024 04 17 20 00        9.13        2.39        4.91
2024 04 17 21 00        8.78        2.37        4.83
2024 04 17 22 00        8.46        2.34        4.94
2024 04 17 23 00        8.35        2.32        4.92
2024 04 18 00 00        8.25        2.29        4.91
2024 04 18 01 00        8.12        2.27        4.83
2024 04 18 02 00        7.95        2.24        4.69
2024 04 18 03 00        7.80        2.22        4.65
2024 04 18 04 00        7.69        2.19        4.61
2024 04 18 05 00        7.59        2.17        4.59
2024 04 18 06 00        7.42        2.15        4.57
2024 04 18 07 00        7.08        2.12        4.93
2024 04 18 08 00        6.96        2.10        4.86
2024 04 18 09 00        6.84        2.08        4.72
2024 04 18 10 00        6.69        2.06        4.60
2024 04 18 11 00        6.56        2.04        4.51
2024 04 18 12 00        6.44        2.02        4.38
2024 04 18 13 00        6.05        2.00        3.88
2024 04 18 14 00        5.75        1.98        3.62
2024 04 18 15 00        5.56        1.96        3.49
2024 04 18 16 00        5.43        1.94        3.40
2024 04 18 17 00        5.32        1.92        3.32
2024 04 18 18 00        5.14        1.90        2.15
2024 04 18 19 00        4.86        1.89        2.93
2024 04 18 20 00        4.70        1.87        2.85
2024 04 18 21 00        4.39        1.85        3.20
2024 04 18 22 00        4.18        1.84        2.88
2024 04 18 23 00        4.06        1.82        2.63
2024 04 19 00 00        3.99        1.80        2.45
2024 04 19 01 00        3.92        1.79        2.36
2024 04 19 02 00        3.87        1.77        2.29
2024 04 19 03 00        3.81        1.75        2.39
2024 04 19 04 00        3.76        1.74        2.41
2024 04 19 05 00        3.73        1.72        2.22
2024 04 19 06 00        3.69        1.70        2.04
2024 04 19 07 00        3.65        1.69        1.91
2024 04 19 08 00        3.60        1.67        1.89
2024 04 19 09 00        3.56        1.66        1.86
2024 04 19 10 00        3.52        1.64        1.84
2024 04 19 11 00        3.49        1.63        1.81
2024 04 19 12 00        3.45        1.61        1.79
2024 04 19 13 00        3.41        1.60        1.77
2024 04 19 14 00        3.37        1.58        1.75
2024 04 19 15 00        3.34        1.57        1.72
2024 04 19 16 00        3.30        1.55        1.70
2024 04 19 17 00        3.27        1.54        1.69
2024 04 19 18 00        3.25        1.53        1.68
2024 04 19 19 00        3.24        1.52        1.69
2024 04 19 20 00        3.24        1.51        1.70
2024 04 19 21 00        3.24        1.50        1.73
2024 04 19 22 00        3.26        1.49        1.76
2024 04 19 23 00        3.28        1.48        1.80
2024 04 20 00 00        3.32        1.47        1.85
2024 04 20 01 00        3.36        1.47        1.90
2024 04 20 02 00        3.41        1.46        1.96
2024 04 20 03 00        3.46        1.45        2.02
2024 04 20 04 00        3.52        1.44        2.09
2024 04 20 05 00        3.58        1.43        2.16
2024 04 20 06 00        3.65        1.42        2.27
2024 04 20 07 00        3.77        1.41        2.44
2024 04 20 08 00        3.96        1.40        2.70
2024 04 20 09 00        4.26        1.39        3.07
2024 04 20 10 00        4.68        1.37        3.51
2024 04 20 11 00        5.09        1.36        3.90
2024 04 20 12 00        5.41        1.35        4.16
2024 04 20 13 00        5.60        1.33        4.32
2024 04 20 14 00        5.69        1.32        4.38
2024 04 20 15 00        5.70        1.31        4.38
2024 04 20 16 00        5.67        1.30        4.34
2024 04 20 17 00        5.64        1.34        4.27
2024 04 20 18 00        5.65        1.41        4.21
2024 04 20 19 00        5.72        1.55        4.16
2024 04 20 20 00        5.80        1.67        4.12
2024 04 20 21 00        6.26        2.03        4.17
2024 04 20 22 00        8.72        3.90        4.81
2024 04 20 23 00       11.05        5.85        5.53
2024 04 21 00 00       14.81        8.99        6.73
2024 04 21 01 00       18.99       12.61        7.47
2024 04 21 02 00       22.56       15.54        8.33
2024 04 21 03 00       24.50       16.35        9.41
2024 04 21 04 00       25.21       16.45       10.23
2024 04 21 05 00       25.78       16.41       11.02
2024 04 21 06 00       26.32       16.39       11.68
2024 04 21 07 00       26.81       16.35       12.24
2024 04 21 08 00       27.26       16.30       12.75
2024 04 21 09 00       27.70       16.26       13.21
2024 04 21 10 00       28.15       16.25       13.64
2024 04 21 11 00       28.60       16.28       14.06
2024 04 21 12 00       29.07       16.34       14.46
2024 04 21 13 00       29.55       16.40       14.84
2024 04 21 14 00       30.04       16.49       15.20
2024 04 21 15 00       30.53       16.58       15.54
2024 04 21 16 00       31.02       16.69       15.87
2024 04 21 17 00       31.51       16.79       16.19
2024 04 21 18 00       31.98       16.90       16.49
2024 04 21 19 00       32.41       17.01       16.72
2024 04 21 20 00       33.56       17.80       17.13
2024 04 21 21 00       35.68       19.17       18.13
2024 04 21 22 00       38.02       20.85       19.09
2024 04 21 23 00       41.63       23.10       21.15
2024 04 22 00 00       44.24       24.45       22.53
2024 04 22 01 00       46.62       25.49       23.89
2024 04 22 02 00       48.01       26.03       24.66
2024 04 22 03 00       49.70       26.68       25.68
2024 04 22 04 00       51.17       27.19       26.54
2024 04 22 05 00       52.61       27.70       27.36
2024 04 22 06 00       54.00       28.13       28.15
2024 04 22 07 00       55.29       28.55       28.84
2024 04 22 08 00       56.53       28.99       29.53
2024 04 22 09 00       57.66       29.43       30.08
2024 04 22 10 00       58.73       29.77       30.67
2024 04 22 11 00       59.66       30.06       31.13
2024 04 22 12 00       60.51       30.32       31.54
2024 04 22 13 00       61.41       30.69       31.92
2024 04 22 14 00       62.16       31.01       32.15
2024 04 22 15 00       62.87       31.34       32.38
2024 04 22 16 00       63.60       31.66       32.65
2024 04 22 17 00       64.24       31.95       32.86
2024 04 22 18 00       64.78       32.15       33.04
2024 04 22 19 00       65.30       32.36       33.17
2024 04 22 20 00       65.83       32.63       33.31
2024 04 22 21 00       66.32       32.86       33.46
2024 04 22 22 00       67.08       33.06       34.07
2024 04 22 23 00       67.93       33.26       34.79
2024 04 23 00 00       68.70       33.40       35.38
2024 04 23 01 00       69.43       33.56       35.91
2024 04 23 02 00       70.17       33.72       36.44
2024 04 23 03 00       70.89       33.86       36.97
2024 04 23 04 00       71.59       33.98       37.49
2024 04 23 05 00       72.24       34.02       38.02
2024 04 23 06 00       72.91       34.08       38.55
2024 04 23 07 00       73.55       34.15       39.07
2024 04 23 08 00       74.16       34.19       39.57
2024 04 23 09 00       74.75       34.23       40.05
2024 04 23 10 00       75.32       34.25       40.53
2024 04 23 11 00       75.87       34.28       40.98
2024 04 23 12 00       76.47       34.35       41.46
2024 04 23 13 00       77.02       34.36       41.94
2024 04 23 14 00       77.50       34.35       42.35
2024 04 23 15 00       77.96       34.32       42.76
2024 04 23 16 00       78.40       34.29       43.17
2024 04 23 17 00       78.82       34.24       43.57
2024 04 23 18 00       79.15       34.10       43.94
2024 04 23 19 00       79.55       34.04       44.35
2024 04 23 20 00       79.93       33.98       44.73
2024 04 23 21 00       80.31       33.88       45.19
2024 04 23 22 00       81.13       33.81       46.25
2024 04 23 23 00       82.27       33.77       47.57
2024 04 24 00 00       83.95       34.06       49.20
2024 04 24 01 00       84.61       33.86       49.97
2024 04 24 02 00       85.60       33.66       51.17
2024 04 24 03 00       86.67       33.53       52.40
2024 04 24 04 00       87.75       33.40       53.65
2024 04 24 05 00       88.87       33.25       54.94
2024 04 24 06 00       90.00       33.09       56.27
2024 04 24 07 00       91.15       32.92       57.61
2024 04 24 08 00       92.34       32.74       59.00
2024 04 24 09 00       93.56       32.55       60.43
2024 04 24 10 00       94.79       32.36       61.86
2024 04 24 11 00       96.05       32.17       63.33
2024 04 24 12 00       97.37       31.98       64.84
2024 04 24 13 00       98.67       31.79       66.32
2024 04 24 14 00       99.99       31.59       67.82
2024 04 24 15 00      101.32       31.40       69.34
2024 04 24 16 00      102.68       31.21       70.86
2024 04 24 17 00      104.06       31.03       72.41
2024 04 24 18 00      105.42       30.84       73.92
2024 04 24 19 00      106.83       30.66       75.47
2024 04 24 20 00      108.23       30.48       77.04
2024 04 24 21 00      109.68       30.30       78.63
2024 04 24 22 00      111.15       30.12       80.25
2024 04 24 23 00      112.45       29.94       81.65
2024 04 25 00 00      113.80       29.77       83.09
2024 04 25 01 00      115.15       29.60       84.56
2024 04 25 02 00      116.42       29.43       85.91
2024 04 25 03 00      117.60       29.25       87.16
2024 04 25 04 00      118.82       29.07       88.47
2024 04 25 05 00      119.93       28.89       89.65
2024 04 25 06 00      121.00       28.71       90.80
2024 04 25 07 00      121.96       28.52       91.83
2024 04 25 08 00      122.91       28.34       92.84
2024 04 25 09 00      123.79       28.15       93.78
2024 04 25 10 00      124.55       27.97       94.59
2024 04 25 11 00      125.29       27.79       95.38
2024 04 25 12 00      125.94       27.61       96.06
2024 04 25 13 00      126.51       27.43       96.67
2024 04 25 14 00      126.99       27.27       97.19
2024 04 25 15 00      127.55       27.16       97.74
2024 04 25 16 00      127.92       27.03       98.12
2024 04 25 17 00      128.22       26.89       98.43
2024 04 25 18 00      128.44       26.76       98.67
2024 04 25 19 00      128.64       26.63       98.90
2024 04 25 20 00      129.72       27.01       99.73
2024 04 25 21 00      130.77       27.68      100.25
2024 04 25 22 00      131.56       28.15      100.63
2024 04 25 23 00      133.08       29.47      101.04
2024 04 26 00 00      133.74       29.82      101.25
2024 04 26 01 00      134.70       30.50      101.54
2024 04 26 02 00      135.22       30.77      101.67
2024 04 26 03 00      135.69       31.03      101.76
2024 04 26 04 00      136.08       31.31      101.78
2024 04 26 05 00      136.43       31.61      101.74
2024 04 26 06 00      136.73       31.94      101.62
2024 04 26 07 00      136.91       32.22      101.42
2024 04 26 08 00      137.02       32.50      101.17
2024 04 26 09 00      137.08       32.79      100.86
2024 04 26 10 00      137.09       33.10      100.48
2024 04 26 11 00      137.06       33.42      100.06
2024 04 26 12 00      136.99       33.75       99.59
2024 04 26 13 00      136.97       34.12       99.17
2024 04 26 14 00      137.98       35.25       99.31
2024 04 26 15 00      138.57       36.30       98.97
2024 04 26 16 00      139.28       37.21       98.90
2024 04 26 17 00      139.60       37.85       98.55
2024 04 26 18 00      140.04       38.58       98.24
2024 04 26 19 00      142.77       41.34       98.77
2024 04 26 20 00      142.79       41.53       98.38
2024 04 26 21 00      143.59       42.43       98.26
2024 04 26 22 00      144.28       43.29       98.07
2024 04 26 23 00      144.90       44.12       97.83
2024 04 27 00 00      145.46       44.89       97.56
2024 04 27 01 00      146.03       45.72       97.26
2024 04 27 02 00      146.55       46.53       96.92
2024 04 27 03 00      147.05       47.34       96.56
2024 04 27 04 00      147.51       48.15       96.15
2024 04 27 05 00      147.91       48.93       95.71
2024 04 27 06 00      148.24       49.68       95.21
2024 04 27 07 00      148.52       50.39       94.69
2024 04 27 08 00      148.71       51.04       94.13
2024 04 27 09 00      148.91       51.74       93.55
2024 04 27 10 00      149.07       52.41       92.95
2024 04 27 11 00      149.16       53.03       92.32
2024 04 27 12 00      149.23       53.70       91.64
2024 04 27 13 00      149.30       54.38       90.96
2024 04 27 14 00      149.29       54.98       90.26
2024 04 27 15 00      149.29       55.63       89.54
2024 04 27 16 00      149.24       56.29       88.75
2024 04 27 17 00      149.18       56.95       87.96
2024 04 27 18 00      149.09       57.60       87.15
2024 04 27 19 00      148.78       58.13       86.19
2024 04 27 20 00      151.86       61.39       86.80
2024 04 27 21 00      151.98       61.63       86.57
2024 04 27 22 00      152.41       62.13       86.41
2024 04 27 23 00      152.95       62.73       86.27
2024 04 28 00 00      153.50       63.37       86.11
2024 04 28 01 00      154.04       64.04       85.94
2024 04 28 02 00      154.63       64.75       85.78
2024 04 28 03 00      155.14       65.40       85.58
2024 04 28 04 00      155.63       66.00       85.42
2024 04 28 05 00      156.03       66.59       85.14
2024 04 28 06 00      156.46       67.16       84.94
2024 04 28 07 00      156.83       67.68       84.70
2024 04 28 08 00      157.16       68.18       84.45
2024 04 28 09 00      157.44       68.66       84.16
2024 04 28 10 00      157.68       69.09       83.87
2024 04 28 11 00      157.88       69.52       83.57
2024 04 28 12 00      157.97       69.83       83.24
2024 04 28 13 00      158.09       70.20       82.90
2024 04 28 14 00      158.21       70.61       82.53
2024 04 28 15 00      158.23       70.92       82.14
2024 04 28 16 00      158.23       71.26       81.71
2024 04 28 17 00      158.17       71.54       81.26
2024 04 28 18 00      158.00       71.74       80.79
2024 04 28 19 00      157.92       72.06       80.33
2024 04 28 20 00      158.97       72.49       81.19
2024 04 28 21 00      159.37       72.98       81.17
2024 04 28 22 00      159.85       73.33       81.32
2024 04 28 23 00      160.34       73.61       81.56
2024 04 29 00 00      160.86       73.87       81.81
2024 04 29 01 00      161.42       74.14       82.12
2024 04 29 02 00      162.04       74.40       82.49
2024 04 29 03 00      162.65       74.58       82.90
2024 04 29 04 00      163.30       74.71       83.47
2024 04 29 05 00      163.92       74.82       83.96
2024 04 29 06 00      164.61       74.90       84.56
2024 04 29 07 00      165.30       74.97       85.16
2024 04 29 08 00      165.97       75.01       85.78
2024 04 29 09 00      166.62       75.03       86.43
2024 04 29 10 00      167.39       75.03       87.17
2024 04 29 11 00      168.03       75.01       87.79
2024 04 29 12 00      168.78       74.98       88.56
2024 04 29 13 00      169.45       74.92       89.23
2024 04 29 14 00      170.15       74.85       90.02
2024 04 29 15 00      170.83       74.76       90.72
2024 04 29 16 00      171.46       74.66       91.45
2024 04 29 17 00      172.10       74.54       92.15
2024 04 29 18 00      172.75       74.40       92.91
2024 04 29 19 00      173.46       74.29       93.66
2024 04 29 20 00      174.09       74.19       94.42
2024 04 29 21 00      174.69       74.05       95.12
2024 04 29 22 00      175.33       73.87       95.89
2024 04 29 23 00      175.88       73.67       96.59
2024 04 30 00 00      176.39       73.46       97.26
2024 04 30 01 00      176.78       73.23       97.82
2024 04 30 02 00      177.24       72.98       98.47
2024 04 30 03 00      177.59       72.70       99.03
2024 04 30 04 00      177.95       72.41       99.60
2024 04 30 05 00      178.18       72.11      100.08
2024 04 30 06 00      178.39       71.79      100.54
2024 04 30 07 00      178.52       71.45      100.93
2024 04 30 08 00      178.60       71.10      101.28
2024 04 30 09 00      178.66       70.75      101.62
2024 04 30 10 00      178.62       70.39      101.88
2024 04 30 11 00      178.55       70.02      102.10
2024 04 30 12 00      178.39       69.62      102.26
2024 04 30 13 00      178.16       69.23      102.35
2024 04 30 14 00      177.95       68.86      102.44
2024 04 30 15 00      177.90       68.60      102.64
2024 04 30 16 00      178.04       68.58      102.81
2024 04 30 17 00      180.60       70.71      103.73
2024 04 30 18 00      184.97       74.84      104.95
2024 04 30 19 00      187.05       75.90      106.03
2024 04 30 20 00      188.39       76.19      107.01
2024 04 30 21 00      189.15       75.96      107.80
2024 04 30 22 00      190.09       75.89      108.68
2024 04 30 23 00      190.99       75.90      109.46
2024 05 01 00 00      191.70       75.73      110.20
2024 05 01 01 00      192.76       75.66      111.31
2024 05 01 02 00      193.52       75.56      112.08
2024 05 01 03 00      194.36       75.47      112.94
2024 05 01 04 00      195.24       75.38      113.84
2024 05 01 05 00      195.97       75.26      114.62
2024 05 01 06 00      196.64       75.02      115.41
2024 05 01 07 00      197.19       74.73      116.15
2024 05 01 08 00      197.63       74.37      116.85
2024 05 01 09 00      198.13       74.11      117.51
2024 05 01 10 00      198.57       73.84      118.14
2024 05 01 11 00      198.98       73.58      118.73
2024 05 01 12 00      199.29       73.25      119.28
2024 05 01 13 00      199.57       72.90      119.80
2024 05 01 14 00      199.92       72.70      120.30
2024 05 01 15 00      200.30       72.54      120.77
2024 05 01 16 00      200.56       72.33      121.18
2024 05 01 17 00      202.71       74.02      121.88
2024 05 01 18 00      202.41       73.22      122.23
2024 05 01 19 00      202.77       73.00      122.73
2024 05 01 20 00      202.94       72.70      123.09
2024 05 01 21 00      203.07       72.40      123.42
2024 05 01 22 00      203.14       72.12      123.68
2024 05 01 23 00      203.13       71.85      123.85
2024 05 02 00 00      203.14       71.60      124.03
2024 05 02 01 00      203.07       71.35      124.14
2024 05 02 02 00      202.95       71.08      124.21
2024 05 02 03 00      202.76       70.81      124.21
2024 05 02 04 00      202.54       70.54      124.19
2024 05 02 05 00      202.26       70.28      124.10
2024 05 02 06 00      201.91       70.01      123.96
2024 05 02 07 00      201.50       69.73      123.76
2024 05 02 08 00      201.02       69.44      123.50
2024 05 02 09 00      200.48       69.15      123.18
2024 05 02 10 00      199.90       68.87      122.82
2024 05 02 11 00      199.20       68.52      122.40
2024 05 02 12 00      198.47       68.19      121.93
2024 05 02 13 00      197.72       67.93      121.40
2024 05 02 14 00      196.96       67.70      120.82
2024 05 02 15 00      196.20       67.43      120.31
2024 05 02 16 00      196.47       67.56      120.70
2024 05 02 17 00      199.63       70.52      121.66
2024 05 02 18 00      199.40       69.88      122.03
2024 05 02 19 00      199.46       69.54      122.34
2024 05 02 20 00      199.60       69.17      122.77
2024 05 02 21 00      200.26       69.53      123.16
2024 05 02 22 00      200.69       69.56      123.64
2024 05 02 23 00      201.21       69.63      124.13
2024 05 03 00 00      201.55       69.41      124.68
2024 05 03 01 00      201.88       69.16      125.25
2024 05 03 02 00      202.26       68.94      125.84
2024 05 03 03 00      202.64       68.69      126.46
2024 05 03 04 00      203.04       68.46      127.10
2024 05 03 05 00      203.47       68.24      127.74
2024 05 03 06 00      203.89       68.00      128.38
2024 05 03 07 00      204.28       67.74      129.03
2024 05 03 08 00      204.63       67.41      129.67
2024 05 03 09 00      204.97       67.10      130.29
2024 05 03 10 00      205.28       66.75      130.91
2024 05 03 11 00      205.59       66.42      131.53
2024 05 03 12 00      205.90       66.11      132.13
2024 05 03 13 00      206.21       65.81      132.71
2024 05 03 14 00      206.48       65.49      133.27
2024 05 03 15 00      206.74       65.19      133.80
2024 05 03 16 00      206.94       64.85      134.30
2024 05 03 17 00      207.15       64.54      134.79
2024 05 03 18 00      207.39       64.26      135.30
2024 05 03 19 00      207.55       63.96      135.73
2024 05 03 20 00      207.82       63.71      136.23
2024 05 03 21 00      208.44       63.56      137.03
2024 05 03 22 00      209.48       64.02      137.81
2024 05 03 23 00      214.22       68.08      139.50
2024 05 04 00 00      217.15       69.78      141.07
2024 05 04 01 00      219.92       70.98      142.71
2024 05 04 02 00      223.13       72.45      144.55
2024 05 04 03 00      225.95       73.39      146.41
2024 05 04 04 00      228.79       74.41      148.19
2024 05 04 05 00      231.39       75.24      149.88
2024 05 04 06 00      233.84       76.02      151.46
2024 05 04 07 00      238.35       78.40      153.71
2024 05 04 08 00      241.32       79.46      155.49
2024 05 04 09 00      243.95       80.38      157.03
2024 05 04 10 00      246.38       81.22      158.42
2024 05 04 11 00      248.70       82.19      159.60
2024 05 04 12 00      250.74       82.99      160.63
2024 05 04 13 00      252.66       83.82      161.52
2024 05 04 14 00      254.49       84.73      162.25
2024 05 04 15 00      256.22       85.57      162.91
2024 05 04 16 00      257.74       86.39      163.41
2024 05 04 17 00      259.12       87.19      163.78
2024 05 04 18 00      260.37       88.00      164.02
2024 05 04 19 00      261.50       88.82      164.13
2024 05 04 20 00      262.24       89.39      164.11
2024 05 04 21 00      263.15       90.19      164.02
2024 05 04 22 00      263.86       90.95      163.79
2024 05 04 23 00      264.50       91.69      163.49
2024 05 05 00 00      265.12       92.44      163.21
2024 05 05 01 00      265.82       93.26      162.94
2024 05 05 02 00      267.17       94.69      162.80
2024 05 05 03 00      267.39       95.01      162.46
2024 05 05 04 00      267.71       95.65      161.97
2024 05 05 05 00      267.81       96.16      161.39
2024 05 05 06 00      267.75       96.64      160.69
2024 05 05 07 00      267.53       97.06      159.88
2024 05 05 08 00      267.16       97.46      158.96
2024 05 05 09 00      266.59       97.75      157.96
2024 05 05 10 00      265.91       98.01      156.88
2024 05 05 11 00      265.10       98.32      155.64
2024 05 05 12 00      264.20       98.58      154.37
2024 05 05 13 00      263.05       98.69      153.01
2024 05 05 14 00      261.98       98.90      151.65
2024 05 05 15 00      260.79       99.07      150.21
2024 05 05 16 00      259.49       99.20      148.71
2024 05 05 17 00      258.04       99.24      147.15
2024 05 05 18 00      256.64       99.38      145.55
2024 05 05 19 00      255.08       99.30      143.99
2024 05 05 20 00      253.35       99.19      142.30
2024 05 05 21 00      251.55       98.97      140.64
2024 05 05 22 00      249.80       98.88      138.95
2024 05 05 23 00      248.07       98.82      137.28
2024 05 06 00 00      246.08       98.44      135.60
2024 05 06 01 00      244.21       98.34      133.84
2024 05 06 02 00      245.01      100.56      132.88
2024 05 06 03 00      245.95      102.64      132.17
2024 05 06 04 00      247.61      104.97      131.88
2024 05 06 05 00      246.91      104.55      131.56
2024 05 06 06 00      246.84      104.82      131.25
2024 05 06 07 00      246.46      104.80      130.89
2024 05 06 08 00      246.07      104.80      130.52
2024 05 06 09 00      245.74      104.83      130.18
2024 05 06 10 00      245.43      104.86      129.87
2024 05 06 11 00      245.10      104.87      129.57
2024 05 06 12 00      244.63      104.71      129.28
2024 05 06 13 00      244.42      104.72      129.09
2024 05 06 14 00      244.14      104.69      128.88
2024 05 06 15 00      243.91      104.63      128.73
2024 05 06 16 00      243.70      104.55      128.62
2024 05 06 17 00      243.50      104.48      128.52
2024 05 06 18 00      243.29      104.37      128.43
2024 05 06 19 00      243.07      104.22      128.37
2024 05 06 20 00      242.86      104.06      128.33
2024 05 06 21 00      242.67      103.93      128.30
2024 05 06 22 00      244.64      105.76      128.84
2024 05 06 23 00      245.42      105.94      129.51
2024 05 07 00 00      248.07      108.08      130.32
2024 05 07 01 00      247.96      107.32      130.80
2024 05 07 02 00      248.29      107.10      131.27
2024 05 07 03 00      248.51      106.78      131.72
2024 05 07 04 00      248.61      106.39      132.10
2024 05 07 05 00      248.61      106.02      132.39
2024 05 07 06 00      248.65      105.68      132.69
2024 05 07 07 00      248.58      105.31      132.91
2024 05 07 08 00      248.33      104.86      133.02
2024 05 07 09 00      248.00      104.41      133.06
2024 05 07 10 00      247.70      103.95      133.12
2024 05 07 11 00      247.28      103.51      133.07
2024 05 07 12 00      246.84      103.11      132.97
2024 05 07 13 00      246.27      102.67      132.78
2024 05 07 14 00      245.58      102.13      132.54
2024 05 07 15 00      244.89      101.65      132.27
2024 05 07 16 00      244.06      101.17      131.85
2024 05 07 17 00      243.17      100.64      131.43
2024 05 07 18 00      242.20      100.11      130.94
2024 05 07 19 00      241.17       99.60      130.37
2024 05 07 20 00      240.05       99.08      129.72
2024 05 07 21 00      238.81       98.53      128.97
2024 05 07 22 00      237.49       97.88      128.25
2024 05 07 23 00      236.16       97.32      127.45
2024 05 08 00 00      234.77       96.75      126.60
2024 05 08 01 00      233.32       96.18      125.70
2024 05 08 02 00      231.80       95.59      124.74
2024 05 08 03 00      230.22       95.00      123.73
2024 05 08 04 00      228.55       94.38      122.68
2024 05 08 05 00      226.82       93.74      121.58
2024 05 08 06 00      225.08       93.14      120.45
2024 05 08 07 00      223.28       92.53      119.26
2024 05 08 08 00      221.43       91.92      118.03
2024 05 08 09 00      219.55       91.31      116.79
2024 05 08 10 00      217.59       90.64      115.50
2024 05 08 11 00      215.61       90.01      114.17
2024 05 08 12 00      213.62       89.40      112.81
2024 05 08 13 00      211.62       88.78      111.48
2024 05 08 14 00      209.57       88.15      110.09
2024 05 08 15 00      207.49       87.53      108.66
2024 05 08 16 00      205.41       86.92      107.25
2024 05 08 17 00      203.30       86.31      105.79
2024 05 08 18 00      201.13       85.70      104.27
2024 05 08 19 00      198.99       85.10      102.62
2024 05 08 20 00      196.83       84.49      101.31
2024 05 08 21 00      194.65       83.89       99.80
2024 05 08 22 00      192.46       83.29       98.27
2024 05 08 23 00      190.22       82.69       96.69
2024 05 09 00 00      188.01       82.09       95.16
2024 05 09 01 00      185.79       81.48       93.62
2024 05 09 02 00      183.50       80.88       91.98
2024 05 09 03 00      181.25       80.28       90.40
2024 05 09 04 00      179.03       79.69       88.84
2024 05 09 05 00      176.73       79.09       87.22
2024 05 09 06 00      174.35       78.50       85.45
2024 05 09 07 00      172.09       77.91       83.88
2024 05 09 08 00      169.79       77.32       82.10
2024 05 09 09 00      167.25       76.73       80.28
2024 05 09 10 00      165.03       76.15       78.63
2024 05 09 11 00      162.79       75.56       77.15
2024 05 09 12 00      160.55       74.98       75.50
2024 05 09 13 00      158.34       74.40       74.02
2024 05 09 14 00      156.14       73.82       72.17
2024 05 09 15 00      153.96       73.24       70.97
2024 05 09 16 00      151.80       72.66       69.44
2024 05 09 17 00      149.68       72.09       68.03
2024 05 09 18 00      147.57       71.51       66.60
2024 05 09 19 00      145.47       70.88       65.18
2024 05 09 20 00      143.41       70.30       63.82
2024 05 09 21 00      141.37       69.72       62.42
2024 05 09 22 00      139.34       69.15       60.63
2024 05 09 23 00      137.32       68.58       59.46
2024 05 10 00 00      135.31       68.00       57.77
2024 05 10 01 00      133.36       67.43       56.13
2024 05 10 02 00      131.44       66.86       55.84
2024 05 10 03 00      129.51       66.30       53.90
2024 05 10 04 00      127.48       65.73       52.19
2024 05 10 05 00      125.52       65.16       50.92
2024 05 10 06 00      123.66       64.60       49.63
2024 05 10 07 00      121.86       64.04       48.32
2024 05 10 08 00      120.09       63.48       47.56
2024 05 10 09 00      118.26       62.91       46.04
2024 05 10 10 00      116.36       62.35       45.09
2024 05 10 11 00      114.55       61.80       43.76
2024 05 10 12 00      112.89       61.24       42.84
2024 05 10 13 00      111.27       60.68       41.86
2024 05 10 14 00      109.61       60.13       40.85
2024 05 10 15 00      108.07       59.58       38.98
2024 05 10 16 00      106.55       59.03       38.27
2024 05 10 17 00      105.05       58.48       37.60
2024 05 10 18 00      103.53       57.94       36.22
2024 05 10 19 00      102.01       57.39       36.29
2024 05 10 20 00      100.54       56.85       35.42
2024 05 10 21 00       99.10       56.31       34.63
2024 05 10 22 00       97.59       55.77       33.70
2024 05 10 23 00       96.17       55.23       31.95
2024 05 11 00 00       94.77       54.69       31.44
2024 05 11 01 00       93.36       54.16       30.86
2024 05 11 02 00       92.03       53.63       30.33
2024 05 11 03 00       90.69       53.10       29.77
2024 05 11 04 00       89.35       52.57       29.35
2024 05 11 05 00       87.66       52.04       28.27
2024 05 11 06 00       86.41       51.51       27.69
2024 05 11 07 00       84.98       50.99       26.87
2024 05 11 08 00       83.58       50.46       26.07
2024 05 11 09 00       82.34       49.94       25.41
2024 05 11 10 00       80.96       49.42       24.51
2024 05 11 11 00       79.45       48.90       23.45
2024 05 11 12 00       78.24       48.38       22.73
2024 05 11 13 00       77.10       47.87       22.06
2024 05 11 14 00       76.00       47.35       21.31
2024 05 11 15 00       74.91       46.84       20.07
2024 05 11 16 00       73.59       46.33       21.76
2024 05 11 17 00       72.47       45.82       21.84
2024 05 11 18 00       71.43       45.31       21.45
2024 05 11 19 00       70.41       44.80       21.03
2024 05 11 20 00       69.37       44.29       20.57
2024 05 11 21 00       68.26       43.78       20.08
2024 05 11 22 00       67.31       43.28       19.62
2024 05 11 23 00       66.37       42.78       19.31
2024 05 12 00 00       65.46       42.27       18.81
2024 05 12 01 00       64.54       41.77       18.57
2024 05 12 02 00       63.73       41.27       13.14
2024 05 12 03 00       62.81       40.78       12.48
2024 05 12 04 00       61.79       40.28       17.38
2024 05 12 05 00       61.06       39.79       11.97
2024 05 12 06 00       60.09       39.28       15.47
2024 05 12 07 00       59.30       38.82        9.90
2024 05 12 08 00       58.25       38.33       17.57
2024 05 12 09 00       57.63       37.84       11.93
2024 05 12 10 00       56.78       37.38       14.25
2024 05 12 11 00       55.94       36.89       15.17
2024 05 12 12 00       55.12       36.42       14.78
2024 05 12 13 00       54.31       35.95       14.78
2024 05 12 14 00       53.41       35.48       14.43
2024 05 12 15 00       52.64       35.01       14.35
2024 05 12 16 00       51.87       34.55       13.96
2024 05 12 17 00       50.99       34.09       15.47
2024 05 12 18 00       50.23       33.63       15.00
2024 05 12 19 00       49.51       33.18       14.55
2024 05 12 20 00       48.80       32.73       14.13
2024 05 12 21 00       48.10       32.28       13.72
2024 05 12 22 00       47.41       31.84       13.34
2024 05 12 23 00       46.74       31.40       12.91
2024 05 13 00 00       46.17       30.97        7.28
2024 05 13 01 00       45.48       30.54        7.33
2024 05 13 02 00       44.81       30.12        7.60
2024 05 13 03 00       44.13       29.70        7.52
2024 05 13 04 00       43.47       29.28        7.54
2024 05 13 05 00       42.83       28.88        7.59
2024 05 13 06 00       42.21       28.47        7.63
2024 05 13 07 00       41.59       28.08        7.67
2024 05 13 08 00       40.97       27.68        7.68
2024 05 13 09 00       40.36       27.30        7.73
2024 05 13 10 00       39.76       26.90        8.12
2024 05 13 11 00       39.17       26.50        8.19
2024 05 13 12 00       38.57       26.11        8.90
2024 05 13 13 00       37.97       25.72        8.75
2024 05 13 14 00       37.36       25.30        8.60
2024 05 13 15 00       36.77       24.90        8.46
2024 05 13 16 00       36.20       24.51        8.33
2024 05 13 17 00       35.64       24.13        8.21
2024 05 13 18 00       34.74       23.73        8.74
2024 05 13 19 00       34.06       23.30        8.46
2024 05 13 20 00       33.29       22.58        8.39
2024 05 13 21 00       32.20       21.56        8.20
2024 05 13 22 00       31.30       20.94        4.22
2024 05 13 23 00       30.20       20.38        8.35
2024 05 14 00 00       29.21       19.31        8.32
2024 05 14 01 00       28.38       18.69        8.24
2024 05 14 02 00       27.70       18.18        8.18
2024 05 14 03 00       26.65       17.24        8.02
2024 05 14 04 00       25.14       15.75        7.75
2024 05 14 05 00       24.18       14.81        7.59
2024 05 14 06 00       22.97       13.61        7.28
2024 05 14 07 00       22.01       12.88        6.05
2024 05 14 08 00       20.88       11.62        4.15
2024 05 14 09 00       20.12       10.94        4.05
2024 05 14 10 00       19.45       10.37        6.13
2024 05 14 11 00       18.48        9.75        5.99
2024 05 14 12 00       16.75        8.52        5.74
2024 05 14 13 00       16.00        7.83        5.59
2024 05 14 14 00       15.34        7.25        5.40
2024 05 14 15 00       14.28        6.19        5.22
2024 05 14 16 00       13.42        5.49        5.12
2024 05 14 17 00       13.01        5.27        5.04
2024 05 14 18 00       12.61        4.96        4.99
2024 05 14 19 00       11.27        4.35        3.67
2024 05 14 20 00       10.59        3.94        3.73
2024 05 14 21 00       10.19        3.78        3.74
2024 05 14 22 00        9.89        3.70        3.63
2024 05 14 23 00        9.59        3.63        3.51
