ncols	 179
nrows	 248
xllcorner	 36.5416666667
yllcorner	 -1.8541666667
cellsize	 0.00416666666667
NODATA_value  -9999 
 -9999   -9999   -9999   -9999   -9999   -9999   -9999   -9999   -9999   -9999   -9999   -9999   -9999   -9999   -9999   -9999   -9999   -9999   -9999   -9999   -9999   -9999   -9999   -9999   -9999   -9999   -9999   -9999   -9999   -9999   -9999   -9999   -9999   -9999   -9999   -9999   -9999   -9999   -9999   -9999   -9999   -9999   -9999   -9999   -9999   -9999   -9999   -9999   -9999   -9999   -9999   -9999   -9999   -9999   -9999   -9999   -9999   -9999   -9999   -9999   -9999   -9999   -9999   -9999   -9999   -9999   -9999   -9999   -9999   -9999   -9999   -9999   -9999   -9999   -9999   -9999   -9999   -9999   -9999   -9999   -9999   -9999   -9999   -9999   -9999   -9999   -9999   -9999   -9999   -9999   -9999   -9999   -9999   -9999   -9999   -9999   -9999   -9999   -9999   -9999   -9999   -9999   -9999   -9999   -9999   -9999   -9999   -9999   -9999   -9999   -9999   -9999   -9999   -9999   -9999   -9999   -9999   -9999   -9999   -9999   -9999   -9999   -9999   -9999   -9999   -9999   -9999   -9999   -9999   -9999   -9999   -9999   -9999   -9999   -9999   -9999   -9999   -9999   -9999   -9999   -9999   -9999   -9999   -9999   -9999   -9999   -9999   -9999   -9999   -9999   -9999   -9999   -9999   -9999   -9999   -9999   -9999   -9999   -9999   -9999   -9999   -9999   -9999   -9999   -9999   -9999   -9999   -9999   -9999   -9999   -9999   -9999   -9999   -9999   -9999   -9999   -9999   -9999   -9999
 -9999   -9999   -9999   -9999   -9999   -9999   -9999   -9999   -9999   -9999   -9999   -9999   -9999   -9999   -9999   -9999   -9999   -9999   -9999   -9999   -9999   -9999   -9999   -9999   -9999   -9999   -9999   -9999   -9999   -9999   -9999   -9999   -9999   -9999   -9999   -9999   -9999   -9999   -9999   -9999   -9999   -9999   -9999   -9999   -9999   -9999   -9999   -9999   -9999   -9999   -9999   -9999   -9999   -9999   -9999   -9999   -9999   -9999   -9999   -9999   -9999   -9999   -9999   -9999   -9999   -9999   -9999   -9999   -9999   -9999   -9999   -9999   -9999   -9999   -9999   -9999   -9999   -9999   -9999   -9999   -9999   -9999   -9999   -9999   -9999   -9999   -9999   -9999   -9999   -9999   -9999   -9999   -9999   -9999   -9999   -9999   -9999   -9999   -9999   -9999   -9999   -9999   -9999   -9999   -9999   -9999   -9999   -9999   -9999   -9999   -9999   -9999   -9999   -9999   -9999   -9999   -9999   -9999   -9999   -9999   -9999   -9999   -9999   -9999   -9999   -9999   -9999   -9999   -9999   -9999   -9999   -9999   -9999   -9999   -9999   -9999   -9999   -9999   -9999   -9999   -9999   -9999   -9999   -9999   -9999   -9999   -9999   -9999   -9999   -9999   -9999   -9999   -9999   -9999   -9999   -9999   -9999   -9999   -9999   -9999   -9999   -9999   -9999   -9999   -9999   -9999   -9999   -9999   -9999   -9999   -9999   -9999   -9999   -9999   -9999   -9999   -9999   -9999   -9999
 -9999   -9999   -9999   -9999   -9999   -9999   -9999   -9999   -9999   -9999   -9999   -9999   -9999   -9999   -9999   -9999   -9999   -9999   -9999   -9999   -9999   -9999   -9999   -9999   -9999   -9999   -9999   -9999   -9999   -9999   -9999   -9999   -9999   -9999   -9999   -9999   -9999   -9999   -9999   -9999   -9999   -9999   -9999   -9999   -9999   -9999   -9999   -9999   -9999   -9999   -9999   -9999   -9999   -9999   -9999   -9999   -9999   -9999   -9999   -9999   -9999   -9999   -9999   -9999   -9999   -9999   -9999   -9999   -9999   -9999   -9999   -9999   -9999   -9999   -9999   -9999   -9999   -9999   -9999   -9999   -9999   -9999   -9999   -9999   -9999   -9999   -9999   -9999   -9999   -9999   -9999   -9999   -9999   -9999   -9999   -9999   -9999   -9999   -9999   -9999   -9999   -9999   -9999   -9999   -9999   -9999   -9999   -9999   -9999   -9999   -9999   -9999   -9999   -9999   -9999   -9999   -9999   -9999   -9999   -9999   -9999   -9999   -9999   -9999   -9999   -9999   -9999   -9999   -9999   -9999   -9999   -9999   -9999   -9999   -9999   -9999   -9999   -9999   -9999   -9999   -9999   -9999   -9999   -9999   -9999   -9999   -9999   -9999   -9999   -9999   -9999   -9999   -9999   -9999   -9999   -9999   -9999   -9999   -9999   -9999   -9999   -9999   -9999   -9999   -9999   -9999   -9999   -9999   -9999   -9999   -9999   -9999   -9999   -9999   -9999   -9999   -9999   -9999   -9999
 -9999   -9999   -9999   -9999   -9999   -9999   -9999   -9999   -9999   -9999   -9999   -9999   -9999   -9999   -9999   -9999   -9999   -9999   -9999   -9999   -9999   -9999   -9999   -9999   -9999   -9999   -9999   -9999   -9999   -9999   -9999   -9999   -9999   -9999   -9999   -9999   -9999   -9999   -9999   -9999   -9999   -9999   -9999   -9999   -9999   -9999   -9999   -9999   -9999   -9999   -9999   -9999   -9999   -9999   -9999   -9999   -9999   -9999   -9999   -9999   -9999   -9999   -9999   -9999   -9999   -9999   -9999   -9999   -9999   -9999   -9999   -9999   -9999   -9999   -9999   -9999   -9999   -9999   -9999   -9999   -9999   -9999   -9999   -9999   -9999   -9999   -9999   -9999   -9999   -9999   -9999   -9999   -9999   -9999   -9999   -9999   -9999   -9999   -9999   -9999   -9999   -9999   -9999   -9999   -9999   -9999   -9999   -9999   -9999   -9999   -9999   -9999   -9999   -9999   -9999   -9999   -9999   -9999   -9999   -9999   -9999   -9999   -9999   -9999   -9999   -9999   -9999   -9999   -9999   -9999   -9999   -9999   -9999   -9999   -9999   -9999   -9999   -9999   -9999   -9999   -9999   -9999   -9999   -9999   -9999   -9999   -9999   -9999   -9999   -9999   -9999   -9999   -9999   -9999   -9999   -9999   -9999   -9999   -9999   -9999   -9999   -9999   -9999   -9999   -9999   -9999   -9999   -9999   -9999   -9999   -9999   -9999   -9999   -9999   -9999   -9999   -9999   -9999   -9999
 -9999   -9999   -9999   -9999   -9999   -9999   -9999   -9999   -9999   -9999   -9999   -9999   -9999   -9999   -9999   -9999   -9999   -9999   -9999   -9999   -9999   -9999   -9999   -9999   -9999   -9999   -9999   -9999   -9999   -9999   -9999   -9999   -9999   -9999   -9999   -9999   -9999   -9999   -9999   -9999   -9999   -9999   -9999   -9999   -9999   -9999   -9999   -9999   -9999   -9999   -9999   -9999   -9999   -9999   -9999   -9999   -9999   -9999   -9999   -9999   -9999   -9999   -9999   -9999   -9999   -9999   -9999   -9999   -9999   -9999   -9999   -9999   -9999   -9999   -9999   -9999   -9999   -9999   -9999   -9999   -9999   -9999   -9999   -9999   -9999   -9999   -9999   -9999   -9999   -9999   -9999   -9999   -9999   -9999   -9999   -9999   -9999   -9999   -9999   -9999   -9999   -9999   -9999   -9999   -9999   -9999   -9999   -9999   -9999   -9999   -9999   -9999   -9999   -9999   -9999   -9999   -9999   -9999   -9999   -9999   -9999   -9999   -9999   -9999   -9999   -9999   -9999   -9999   -9999   -9999   -9999   -9999   -9999   -9999   -9999   -9999   -9999   -9999   -9999   -9999   -9999   -9999   -9999   -9999   -9999   -9999   -9999   -9999   -9999   -9999   -9999   -9999   -9999   -9999   -9999   -9999   -9999   -9999   -9999   -9999   -9999   -9999   -9999   -9999   -9999   -9999   -9999   -9999   -9999   -9999   -9999   -9999   -9999   -9999   -9999   -9999   -9999   -9999   -9999
 -9999   -9999   -9999   -9999   -9999   -9999   -9999   -9999   -9999   -9999   -9999   2695.00   -9999   -9999   -9999   -9999   -9999   -9999   -9999   -9999   -9999   -9999   -9999   -9999   -9999   -9999   -9999   -9999   -9999   -9999   -9999   -9999   -9999   -9999   -9999   -9999   -9999   -9999   -9999   -9999   -9999   -9999   -9999   -9999   -9999   -9999   -9999   -9999   -9999   -9999   -9999   -9999   -9999   -9999   -9999   -9999   -9999   -9999   -9999   -9999   -9999   -9999   -9999   -9999   -9999   -9999   -9999   -9999   -9999   -9999   -9999   -9999   -9999   -9999   -9999   -9999   -9999   -9999   -9999   -9999   -9999   -9999   -9999   -9999   -9999   -9999   -9999   -9999   -9999   -9999   -9999   -9999   -9999   -9999   -9999   -9999   -9999   -9999   -9999   -9999   -9999   -9999   -9999   -9999   -9999   -9999   -9999   -9999   -9999   -9999   -9999   -9999   -9999   -9999   -9999   -9999   -9999   -9999   -9999   -9999   -9999   -9999   -9999   -9999   -9999   -9999   -9999   -9999   -9999   -9999   -9999   -9999   -9999   -9999   -9999   -9999   -9999   -9999   -9999   -9999   -9999   -9999   -9999   -9999   -9999   -9999   -9999   -9999   -9999   -9999   -9999   -9999   -9999   -9999   -9999   -9999   -9999   -9999   -9999   -9999   -9999   -9999   -9999   -9999   -9999   -9999   -9999   -9999   -9999   -9999   -9999   -9999   -9999   -9999   -9999   -9999   -9999   -9999   -9999
 -9999   -9999   -9999   -9999   -9999   -9999   -9999   -9999   -9999   2689.00   2689.00   2689.00   -9999   -9999   -9999   -9999   -9999   -9999   -9999   -9999   -9999   -9999   -9999   -9999   -9999   -9999   -9999   -9999   -9999   -9999   -9999   -9999   -9999   -9999   -9999   -9999   -9999   -9999   -9999   -9999   -9999   -9999   -9999   -9999   -9999   -9999   -9999   -9999   -9999   -9999   -9999   -9999   -9999   -9999   -9999   -9999   -9999   -9999   -9999   -9999   -9999   -9999   -9999   -9999   -9999   -9999   -9999   -9999   -9999   -9999   -9999   -9999   -9999   -9999   -9999   -9999   -9999   -9999   -9999   -9999   -9999   -9999   -9999   -9999   -9999   -9999   -9999   -9999   -9999   -9999   -9999   -9999   -9999   -9999   -9999   -9999   -9999   -9999   -9999   -9999   -9999   -9999   -9999   -9999   -9999   -9999   -9999   -9999   -9999   -9999   -9999   -9999   -9999   -9999   -9999   -9999   -9999   -9999   -9999   -9999   -9999   -9999   -9999   -9999   -9999   -9999   -9999   -9999   -9999   -9999   -9999   -9999   -9999   -9999   -9999   -9999   -9999   -9999   -9999   -9999   -9999   -9999   -9999   -9999   -9999   -9999   -9999   -9999   -9999   -9999   -9999   -9999   -9999   -9999   -9999   -9999   -9999   -9999   -9999   -9999   -9999   -9999   -9999   -9999   -9999   -9999   -9999   -9999   -9999   -9999   -9999   -9999   -9999   -9999   -9999   -9999   -9999   -9999   -9999
 -9999   -9999   -9999   -9999   -9999   -9999   2714.00   2701.00   2693.00   2690.00   2687.00   2686.00   -9999   -9999   -9999   -9999   -9999   -9999   -9999   -9999   -9999   -9999   -9999   -9999   -9999   -9999   -9999   -9999   -9999   -9999   -9999   -9999   -9999   -9999   -9999   -9999   -9999   -9999   -9999   -9999   -9999   -9999   -9999   -9999   -9999   -9999   -9999   -9999   -9999   -9999   -9999   -9999   -9999   -9999   -9999   -9999   -9999   -9999   -9999   -9999   -9999   -9999   -9999   -9999   -9999   -9999   -9999   -9999   -9999   -9999   -9999   -9999   -9999   -9999   -9999   -9999   -9999   -9999   -9999   -9999   -9999   -9999   -9999   -9999   -9999   -9999   -9999   -9999   -9999   -9999   -9999   -9999   -9999   -9999   -9999   -9999   -9999   -9999   -9999   -9999   -9999   -9999   -9999   -9999   -9999   -9999   -9999   -9999   -9999   -9999   -9999   -9999   -9999   -9999   -9999   -9999   -9999   -9999   -9999   -9999   -9999   -9999   -9999   -9999   -9999   -9999   -9999   -9999   -9999   -9999   -9999   -9999   -9999   -9999   -9999   -9999   -9999   -9999   -9999   -9999   -9999   -9999   -9999   -9999   -9999   -9999   -9999   -9999   -9999   -9999   -9999   -9999   -9999   -9999   -9999   -9999   -9999   -9999   -9999   -9999   -9999   -9999   -9999   -9999   -9999   -9999   -9999   -9999   -9999   -9999   -9999   -9999   -9999   -9999   -9999   -9999   -9999   -9999   -9999
 -9999   -9999   -9999   -9999   -9999   2719.00   2715.00   2700.00   2693.00   2688.00   2684.00   2682.00   -9999   -9999   -9999   -9999   -9999   -9999   -9999   -9999   -9999   -9999   -9999   -9999   -9999   -9999   -9999   -9999   -9999   -9999   -9999   -9999   -9999   -9999   -9999   -9999   -9999   -9999   -9999   -9999   -9999   -9999   -9999   -9999   -9999   -9999   -9999   -9999   -9999   -9999   -9999   -9999   -9999   -9999   -9999   -9999   -9999   -9999   -9999   -9999   -9999   -9999   -9999   -9999   -9999   -9999   -9999   -9999   -9999   -9999   -9999   -9999   -9999   -9999   -9999   -9999   -9999   -9999   -9999   -9999   -9999   -9999   -9999   -9999   -9999   -9999   -9999   -9999   -9999   -9999   -9999   -9999   -9999   -9999   -9999   -9999   -9999   -9999   -9999   -9999   -9999   -9999   -9999   -9999   -9999   -9999   -9999   -9999   -9999   -9999   -9999   -9999   -9999   -9999   -9999   -9999   -9999   -9999   -9999   -9999   -9999   -9999   -9999   -9999   -9999   -9999   -9999   -9999   -9999   -9999   -9999   -9999   -9999   -9999   -9999   -9999   -9999   -9999   -9999   -9999   -9999   -9999   -9999   -9999   -9999   -9999   -9999   -9999   -9999   -9999   -9999   -9999   -9999   -9999   -9999   -9999   -9999   -9999   -9999   -9999   -9999   -9999   -9999   -9999   -9999   -9999   -9999   -9999   -9999   -9999   -9999   -9999   -9999   -9999   -9999   -9999   -9999   -9999   -9999
 -9999   -9999   -9999   -9999   -9999   -9999   2711.00   2700.00   2691.00   2688.00   2683.00   2680.00   2677.00   -9999   -9999   -9999   -9999   -9999   -9999   -9999   -9999   -9999   -9999   -9999   -9999   -9999   -9999   -9999   -9999   -9999   -9999   -9999   -9999   -9999   -9999   -9999   -9999   -9999   -9999   -9999   -9999   -9999   -9999   -9999   -9999   -9999   -9999   -9999   -9999   -9999   -9999   -9999   -9999   -9999   -9999   -9999   -9999   -9999   -9999   -9999   -9999   -9999   -9999   -9999   -9999   -9999   -9999   -9999   -9999   -9999   -9999   -9999   -9999   -9999   -9999   -9999   -9999   -9999   -9999   -9999   -9999   -9999   -9999   -9999   -9999   -9999   -9999   -9999   -9999   -9999   -9999   -9999   -9999   -9999   -9999   -9999   -9999   -9999   -9999   -9999   -9999   -9999   -9999   -9999   -9999   -9999   -9999   -9999   -9999   -9999   -9999   -9999   -9999   -9999   -9999   -9999   -9999   -9999   -9999   -9999   -9999   -9999   -9999   -9999   -9999   -9999   -9999   -9999   -9999   -9999   -9999   -9999   -9999   -9999   -9999   -9999   -9999   -9999   -9999   -9999   -9999   -9999   -9999   -9999   -9999   -9999   -9999   -9999   -9999   -9999   -9999   -9999   -9999   -9999   -9999   -9999   -9999   -9999   -9999   -9999   -9999   -9999   -9999   -9999   -9999   -9999   -9999   -9999   -9999   -9999   -9999   -9999   -9999   -9999   -9999   -9999   -9999   -9999   -9999
 -9999   -9999   -9999   -9999   -9999   -9999   -9999   2697.00   2690.00   2687.00   2683.00   2679.00   2677.00   2674.00   2670.00   2665.00   -9999   -9999   -9999   -9999   -9999   -9999   -9999   -9999   -9999   -9999   -9999   -9999   -9999   -9999   -9999   -9999   -9999   -9999   -9999   -9999   -9999   -9999   -9999   -9999   -9999   -9999   -9999   -9999   -9999   -9999   -9999   -9999   -9999   -9999   -9999   -9999   -9999   -9999   -9999   -9999   -9999   -9999   -9999   -9999   -9999   -9999   -9999   -9999   -9999   -9999   -9999   -9999   -9999   -9999   -9999   -9999   -9999   -9999   -9999   -9999   -9999   -9999   -9999   -9999   -9999   -9999   -9999   -9999   -9999   -9999   -9999   -9999   -9999   -9999   -9999   -9999   -9999   -9999   -9999   -9999   -9999   -9999   -9999   -9999   -9999   -9999   -9999   -9999   -9999   -9999   -9999   -9999   -9999   -9999   -9999   -9999   -9999   -9999   -9999   -9999   -9999   -9999   -9999   -9999   -9999   -9999   -9999   -9999   -9999   -9999   -9999   -9999   -9999   -9999   -9999   -9999   -9999   -9999   -9999   -9999   -9999   -9999   -9999   -9999   -9999   -9999   -9999   -9999   -9999   -9999   -9999   -9999   -9999   -9999   -9999   -9999   -9999   -9999   -9999   -9999   -9999   -9999   -9999   -9999   -9999   -9999   -9999   -9999   -9999   -9999   -9999   -9999   -9999   -9999   -9999   -9999   -9999   -9999   -9999   -9999   -9999   -9999   -9999
 -9999   -9999   -9999   -9999   -9999   -9999   -9999   -9999   2688.00   2685.00   2682.00   2677.00   2676.00   2673.00   2667.00   2660.00   2662.00   2655.50   2650.00   -9999   -9999   -9999   -9999   -9999   -9999   -9999   -9999   -9999   -9999   -9999   -9999   -9999   -9999   -9999   -9999   -9999   -9999   -9999   -9999   -9999   -9999   -9999   -9999   -9999   -9999   -9999   -9999   -9999   -9999   -9999   -9999   -9999   -9999   -9999   -9999   -9999   -9999   -9999   -9999   -9999   -9999   -9999   -9999   -9999   -9999   -9999   -9999   -9999   -9999   -9999   -9999   -9999   -9999   -9999   -9999   -9999   -9999   -9999   -9999   -9999   -9999   -9999   -9999   -9999   -9999   -9999   -9999   -9999   -9999   -9999   -9999   -9999   -9999   -9999   -9999   -9999   -9999   -9999   -9999   -9999   -9999   -9999   -9999   -9999   -9999   -9999   -9999   -9999   -9999   -9999   -9999   -9999   -9999   -9999   -9999   -9999   -9999   -9999   -9999   -9999   -9999   -9999   -9999   -9999   -9999   -9999   -9999   -9999   -9999   -9999   -9999   -9999   -9999   -9999   -9999   -9999   -9999   -9999   -9999   -9999   -9999   -9999   -9999   -9999   -9999   -9999   -9999   -9999   -9999   -9999   -9999   -9999   -9999   -9999   -9999   -9999   -9999   -9999   -9999   -9999   -9999   -9999   -9999   -9999   -9999   -9999   -9999   -9999   -9999   -9999   -9999   -9999   -9999   -9999   -9999   -9999   -9999   -9999   -9999
 -9999   -9999   -9999   -9999   -9999   -9999   -9999   -9999   -9999   2685.00   2681.00   2678.00   2678.00   2671.00   2662.00   2657.00   2655.50   2652.00   2646.00   2638.00   2633.00   2628.00   2625.00   2637.00   2628.00   2617.00   2589.00   -9999   -9999   -9999   -9999   -9999   -9999   -9999   -9999   -9999   -9999   -9999   -9999   -9999   -9999   -9999   -9999   -9999   -9999   -9999   -9999   -9999   -9999   -9999   -9999   -9999   -9999   -9999   -9999   -9999   -9999   -9999   -9999   -9999   -9999   -9999   -9999   -9999   -9999   -9999   -9999   -9999   -9999   -9999   -9999   -9999   -9999   -9999   -9999   -9999   -9999   -9999   -9999   -9999   -9999   -9999   -9999   -9999   -9999   -9999   -9999   -9999   -9999   -9999   -9999   -9999   -9999   -9999   -9999   -9999   -9999   -9999   -9999   -9999   -9999   -9999   -9999   -9999   -9999   -9999   -9999   -9999   -9999   -9999   -9999   -9999   -9999   -9999   -9999   -9999   -9999   -9999   -9999   -9999   -9999   -9999   -9999   -9999   -9999   -9999   -9999   -9999   -9999   -9999   -9999   -9999   -9999   -9999   -9999   -9999   -9999   -9999   -9999   -9999   -9999   -9999   -9999   -9999   -9999   -9999   -9999   -9999   -9999   -9999   -9999   -9999   -9999   -9999   -9999   -9999   -9999   -9999   -9999   -9999   -9999   -9999   -9999   -9999   -9999   -9999   -9999   -9999   -9999   -9999   -9999   -9999   -9999   -9999   -9999   -9999   -9999   -9999   -9999
 -9999   -9999   -9999   -9999   -9999   -9999   -9999   -9999   -9999   2683.00   2680.00   2679.00   2676.00   2673.00   2672.00   2656.00   2649.00   2636.50   2628.50   2625.00   2623.00   2625.00   2621.00   2633.00   2622.00   2597.00   2571.00   2561.00   2562.00   2550.00   2543.00   -9999   -9999   -9999   -9999   -9999   -9999   -9999   -9999   -9999   -9999   -9999   -9999   -9999   -9999   -9999   -9999   -9999   -9999   -9999   -9999   -9999   -9999   -9999   -9999   -9999   -9999   -9999   -9999   -9999   -9999   -9999   -9999   -9999   -9999   -9999   -9999   -9999   -9999   -9999   -9999   -9999   -9999   -9999   -9999   -9999   -9999   -9999   -9999   -9999   -9999   -9999   -9999   -9999   -9999   -9999   -9999   -9999   -9999   -9999   -9999   -9999   -9999   -9999   -9999   -9999   -9999   -9999   -9999   -9999   -9999   -9999   -9999   -9999   -9999   -9999   -9999   -9999   -9999   -9999   -9999   -9999   -9999   -9999   -9999   -9999   -9999   -9999   -9999   -9999   -9999   -9999   -9999   -9999   -9999   -9999   -9999   -9999   -9999   -9999   -9999   -9999   -9999   -9999   -9999   -9999   -9999   -9999   -9999   -9999   -9999   -9999   -9999   -9999   -9999   -9999   -9999   -9999   -9999   -9999   -9999   -9999   -9999   -9999   -9999   -9999   -9999   -9999   -9999   -9999   -9999   -9999   -9999   -9999   -9999   -9999   -9999   -9999   -9999   -9999   -9999   -9999   -9999   -9999   -9999   -9999   -9999   -9999   -9999
 -9999   -9999   -9999   -9999   -9999   -9999   -9999   -9999   -9999   -9999   2682.00   2679.00   2678.00   2676.00   2674.00   2661.00   2649.00   2636.50   2628.50   2621.00   2613.00   2610.33   2608.50   2608.50   2598.00   2577.00   2558.00   2542.00   2524.00   2520.00   2533.00   -9999   -9999   -9999   -9999   -9999   -9999   -9999   -9999   -9999   -9999   -9999   -9999   -9999   -9999   -9999   -9999   -9999   -9999   -9999   -9999   -9999   -9999   -9999   -9999   -9999   -9999   -9999   -9999   -9999   -9999   -9999   -9999   -9999   -9999   -9999   -9999   -9999   -9999   -9999   -9999   -9999   -9999   -9999   -9999   -9999   -9999   -9999   -9999   -9999   -9999   -9999   -9999   -9999   -9999   -9999   -9999   -9999   -9999   -9999   -9999   -9999   -9999   -9999   -9999   -9999   -9999   -9999   -9999   -9999   -9999   -9999   -9999   -9999   -9999   -9999   -9999   -9999   -9999   -9999   -9999   -9999   -9999   -9999   -9999   -9999   -9999   -9999   -9999   -9999   -9999   -9999   -9999   -9999   -9999   -9999   -9999   -9999   -9999   -9999   -9999   -9999   -9999   -9999   -9999   -9999   -9999   -9999   -9999   -9999   -9999   -9999   -9999   -9999   -9999   -9999   -9999   -9999   -9999   -9999   -9999   -9999   -9999   -9999   -9999   -9999   -9999   -9999   -9999   -9999   -9999   -9999   -9999   -9999   -9999   -9999   -9999   -9999   -9999   -9999   -9999   -9999   -9999   -9999   -9999   -9999   -9999   -9999   -9999
 -9999   -9999   -9999   -9999   -9999   -9999   -9999   -9999   -9999   -9999   -9999   -9999   -9999   2684.00   2683.00   2667.00   2646.00   2630.00   2620.00   2616.00   2614.00   2610.34   2610.33   2616.50   2620.00   2605.00   2585.00   2563.00   2548.00   2506.00   2505.00   2489.00   -9999   -9999   -9999   -9999   -9999   -9999   -9999   -9999   -9999   -9999   -9999   -9999   -9999   -9999   -9999   -9999   -9999   -9999   -9999   -9999   -9999   -9999   -9999   -9999   -9999   -9999   -9999   -9999   -9999   -9999   -9999   -9999   -9999   -9999   -9999   -9999   -9999   -9999   -9999   -9999   -9999   -9999   -9999   -9999   -9999   -9999   -9999   -9999   -9999   -9999   -9999   -9999   -9999   -9999   -9999   -9999   -9999   -9999   -9999   -9999   -9999   -9999   -9999   -9999   -9999   -9999   -9999   -9999   -9999   -9999   -9999   -9999   -9999   -9999   -9999   -9999   -9999   -9999   -9999   -9999   -9999   -9999   -9999   -9999   -9999   -9999   -9999   -9999   -9999   -9999   -9999   -9999   -9999   -9999   -9999   -9999   -9999   -9999   -9999   -9999   -9999   -9999   -9999   -9999   -9999   -9999   -9999   -9999   -9999   -9999   -9999   -9999   -9999   -9999   -9999   -9999   -9999   -9999   -9999   -9999   -9999   -9999   -9999   -9999   -9999   -9999   -9999   -9999   -9999   -9999   -9999   -9999   -9999   -9999   -9999   -9999   -9999   -9999   -9999   -9999   -9999   -9999   -9999   -9999   -9999   -9999   -9999
 -9999   -9999   -9999   -9999   -9999   -9999   -9999   -9999   -9999   -9999   -9999   -9999   -9999   2683.00   2670.00   2653.00   2635.00   2625.00   2619.00   2614.00   2610.00   2614.00   2621.00   2628.00   2616.50   2596.00   2576.00   2560.00   2545.00   2502.00   2488.00   2500.00   2469.00   2449.00   2436.00   2418.00   2404.00   -9999   -9999   -9999   -9999   -9999   -9999   -9999   -9999   -9999   -9999   -9999   -9999   -9999   -9999   -9999   -9999   -9999   -9999   -9999   -9999   -9999   -9999   -9999   -9999   -9999   -9999   -9999   -9999   -9999   -9999   -9999   -9999   -9999   -9999   -9999   -9999   -9999   -9999   -9999   -9999   -9999   -9999   -9999   -9999   -9999   -9999   -9999   -9999   -9999   -9999   -9999   -9999   -9999   -9999   -9999   -9999   -9999   -9999   -9999   -9999   -9999   -9999   -9999   -9999   -9999   -9999   -9999   -9999   -9999   -9999   -9999   -9999   -9999   -9999   -9999   -9999   -9999   -9999   -9999   -9999   -9999   -9999   -9999   -9999   -9999   -9999   -9999   -9999   -9999   -9999   -9999   -9999   -9999   -9999   -9999   -9999   -9999   -9999   -9999   -9999   -9999   -9999   -9999   -9999   -9999   -9999   -9999   -9999   -9999   -9999   -9999   -9999   -9999   -9999   -9999   -9999   -9999   -9999   -9999   -9999   -9999   -9999   -9999   -9999   -9999   -9999   -9999   -9999   -9999   -9999   -9999   -9999   -9999   -9999   -9999   -9999   -9999   -9999   -9999   -9999   -9999   -9999
 -9999   -9999   -9999   -9999   -9999   -9999   -9999   -9999   -9999   -9999   -9999   -9999   -9999   -9999   2656.00   2641.00   2632.00   2623.00   2615.00   2611.00   2607.00   2609.00   2621.00   2634.00   2620.00   2597.00   2577.00   2559.00   2526.00   2501.00   2461.00   2466.00   2460.00   2452.00   2424.00   2410.00   2392.00   2386.00   2375.00   -9999   -9999   -9999   -9999   -9999   -9999   -9999   -9999   -9999   -9999   -9999   -9999   -9999   -9999   -9999   -9999   -9999   -9999   -9999   -9999   -9999   -9999   -9999   -9999   -9999   -9999   -9999   -9999   -9999   -9999   -9999   -9999   -9999   -9999   -9999   -9999   -9999   -9999   -9999   -9999   -9999   -9999   -9999   -9999   -9999   -9999   -9999   -9999   -9999   -9999   -9999   -9999   -9999   -9999   -9999   -9999   -9999   -9999   -9999   -9999   -9999   -9999   -9999   -9999   -9999   -9999   -9999   -9999   -9999   -9999   -9999   -9999   -9999   -9999   -9999   -9999   -9999   -9999   -9999   -9999   -9999   -9999   -9999   -9999   -9999   -9999   -9999   -9999   -9999   -9999   -9999   -9999   -9999   -9999   -9999   -9999   -9999   -9999   -9999   -9999   -9999   -9999   -9999   -9999   -9999   -9999   -9999   -9999   -9999   -9999   -9999   -9999   -9999   -9999   -9999   -9999   -9999   -9999   -9999   -9999   -9999   -9999   -9999   -9999   -9999   -9999   -9999   -9999   -9999   -9999   -9999   -9999   -9999   -9999   -9999   -9999   -9999   -9999   -9999   -9999
 -9999   -9999   -9999   -9999   -9999   -9999   -9999   -9999   -9999   -9999   -9999   -9999   -9999   -9999   2652.00   2637.00   2630.00   2623.00   2612.00   2605.00   2604.00   2602.00   2608.00   2629.00   2616.00   2601.00   2576.00   2556.00   2526.00   2482.00   2469.00   2428.00   2425.00   2405.00   2418.00   2412.00   2390.00   2369.00   2356.00   2357.00   -9999   -9999   -9999   -9999   -9999   -9999   -9999   -9999   -9999   -9999   -9999   -9999   -9999   -9999   -9999   -9999   -9999   -9999   -9999   -9999   -9999   -9999   -9999   -9999   -9999   -9999   -9999   -9999   -9999   -9999   -9999   -9999   -9999   -9999   -9999   -9999   -9999   -9999   -9999   -9999   -9999   -9999   -9999   -9999   -9999   -9999   -9999   -9999   -9999   -9999   -9999   -9999   -9999   -9999   -9999   -9999   -9999   -9999   -9999   -9999   -9999   -9999   -9999   -9999   -9999   -9999   -9999   -9999   -9999   -9999   -9999   -9999   -9999   -9999   -9999   -9999   -9999   -9999   -9999   -9999   -9999   -9999   -9999   -9999   -9999   -9999   -9999   -9999   -9999   -9999   -9999   -9999   -9999   -9999   -9999   -9999   -9999   -9999   -9999   -9999   -9999   -9999   -9999   -9999   -9999   -9999   -9999   -9999   -9999   -9999   -9999   -9999   -9999   -9999   -9999   -9999   -9999   -9999   -9999   -9999   -9999   -9999   -9999   -9999   -9999   -9999   -9999   -9999   -9999   -9999   -9999   -9999   -9999   -9999   -9999   -9999   -9999   -9999   -9999
 -9999   -9999   -9999   -9999   -9999   -9999   -9999   -9999   -9999   -9999   -9999   -9999   -9999   -9999   -9999   2638.00   2628.00   2622.00   2614.00   2603.00   2597.00   2595.00   2601.00   2609.00   2623.00   2604.00   2591.00   2561.00   2512.00   2492.00   2501.00   2477.00   2464.00   2420.00   2386.00   2376.00   2365.00   2350.00   2338.00   2338.00   2351.00   2327.00   2306.00   -9999   -9999   -9999   -9999   -9999   -9999   -9999   -9999   -9999   -9999   -9999   -9999   -9999   -9999   -9999   -9999   -9999   -9999   -9999   -9999   -9999   -9999   -9999   -9999   -9999   -9999   -9999   -9999   -9999   -9999   -9999   -9999   -9999   -9999   -9999   -9999   -9999   -9999   -9999   -9999   -9999   -9999   -9999   -9999   -9999   -9999   -9999   -9999   -9999   -9999   -9999   -9999   -9999   -9999   -9999   -9999   -9999   -9999   -9999   -9999   -9999   -9999   -9999   -9999   -9999   -9999   -9999   -9999   -9999   -9999   -9999   -9999   -9999   -9999   -9999   -9999   -9999   -9999   -9999   -9999   -9999   -9999   -9999   -9999   -9999   -9999   -9999   -9999   -9999   -9999   -9999   -9999   -9999   -9999   -9999   -9999   -9999   -9999   -9999   -9999   -9999   -9999   -9999   -9999   -9999   -9999   -9999   -9999   -9999   -9999   -9999   -9999   -9999   -9999   -9999   -9999   -9999   -9999   -9999   -9999   -9999   -9999   -9999   -9999   -9999   -9999   -9999   -9999   -9999   -9999   -9999   -9999   -9999   -9999   -9999   -9999
 -9999   -9999   -9999   -9999   -9999   -9999   -9999   -9999   -9999   -9999   -9999   -9999   -9999   -9999   -9999   -9999   2635.00   2626.00   2619.00   2610.00   2615.00   2595.00   2591.00   2607.00   2640.00   2618.00   2594.00   2554.00   2514.00   2480.00   2464.00   2455.00   2450.00   2437.00   2419.00   2400.00   2376.00   2356.00   2334.00   2338.00   2316.00   2300.00   2302.00   2280.00   -9999   -9999   -9999   -9999   -9999   -9999   -9999   -9999   -9999   -9999   -9999   -9999   -9999   -9999   -9999   -9999   -9999   -9999   -9999   -9999   -9999   -9999   -9999   -9999   -9999   -9999   -9999   -9999   -9999   -9999   -9999   -9999   -9999   -9999   -9999   -9999   -9999   -9999   -9999   -9999   -9999   -9999   -9999   -9999   -9999   -9999   -9999   -9999   -9999   -9999   -9999   -9999   -9999   -9999   -9999   -9999   -9999   -9999   -9999   -9999   -9999   -9999   -9999   -9999   -9999   -9999   -9999   -9999   -9999   -9999   -9999   -9999   -9999   -9999   -9999   -9999   -9999   -9999   -9999   -9999   -9999   -9999   -9999   -9999   -9999   -9999   -9999   -9999   -9999   -9999   -9999   -9999   -9999   -9999   -9999   -9999   -9999   -9999   -9999   -9999   -9999   -9999   -9999   -9999   -9999   -9999   -9999   -9999   -9999   -9999   -9999   -9999   -9999   -9999   -9999   -9999   -9999   -9999   -9999   -9999   -9999   -9999   -9999   -9999   -9999   -9999   -9999   -9999   -9999   -9999   -9999   -9999   -9999   -9999   -9999
 -9999   -9999   -9999   -9999   -9999   -9999   -9999   -9999   -9999   -9999   -9999   -9999   -9999   -9999   -9999   -9999   -9999   2628.00   2627.00   2618.00   2607.00   2613.00   2591.00   2595.00   2631.00   2625.00   2579.00   2545.00   2513.00   2481.00   2471.00   2435.00   2437.00   2414.00   2403.00   2392.00   2381.00   2357.00   2325.00   2306.00   2297.00   2279.00   2251.00   2282.00   2252.00   -9999   -9999   -9999   -9999   -9999   -9999   -9999   -9999   -9999   -9999   -9999   -9999   -9999   -9999   -9999   -9999   -9999   -9999   -9999   -9999   -9999   -9999   -9999   -9999   -9999   -9999   -9999   -9999   -9999   -9999   -9999   -9999   -9999   -9999   -9999   -9999   -9999   -9999   -9999   -9999   -9999   -9999   -9999   -9999   -9999   -9999   -9999   -9999   -9999   -9999   -9999   -9999   -9999   -9999   -9999   -9999   -9999   -9999   -9999   -9999   -9999   -9999   -9999   -9999   -9999   -9999   -9999   -9999   -9999   -9999   -9999   -9999   -9999   -9999   -9999   -9999   -9999   -9999   -9999   -9999   -9999   -9999   -9999   -9999   -9999   -9999   -9999   -9999   -9999   -9999   -9999   -9999   -9999   -9999   -9999   -9999   -9999   -9999   -9999   -9999   -9999   -9999   -9999   -9999   -9999   -9999   -9999   -9999   -9999   -9999   -9999   -9999   -9999   -9999   -9999   -9999   -9999   -9999   -9999   -9999   -9999   -9999   -9999   -9999   -9999   -9999   -9999   -9999   -9999   -9999   -9999   -9999   -9999   -9999
 -9999   -9999   -9999   -9999   -9999   -9999   -9999   -9999   -9999   -9999   -9999   -9999   -9999   -9999   -9999   -9999   -9999   -9999   -9999   2622.00   2609.00   2603.00   2600.00   2588.00   2614.00   2601.00   2595.00   2563.00   2519.00   2476.00   2481.00   2447.00   2413.00   2394.00   2380.00   2380.00   2375.00   2355.00   2351.00   2340.00   2322.00   2294.00   2269.00   2229.00   2251.00   2222.00   2225.00   2207.00   -9999   -9999   -9999   -9999   -9999   -9999   -9999   -9999   -9999   -9999   -9999   -9999   -9999   -9999   -9999   -9999   -9999   -9999   -9999   -9999   -9999   -9999   -9999   -9999   -9999   -9999   -9999   -9999   -9999   -9999   -9999   -9999   -9999   -9999   -9999   -9999   -9999   -9999   -9999   -9999   -9999   -9999   -9999   -9999   -9999   -9999   -9999   -9999   -9999   -9999   -9999   -9999   -9999   -9999   -9999   -9999   -9999   -9999   -9999   -9999   -9999   -9999   -9999   -9999   -9999   -9999   -9999   -9999   -9999   -9999   -9999   -9999   -9999   -9999   -9999   -9999   -9999   -9999   -9999   -9999   -9999   -9999   -9999   -9999   -9999   -9999   -9999   -9999   -9999   -9999   -9999   -9999   -9999   -9999   -9999   -9999   -9999   -9999   -9999   -9999   -9999   -9999   -9999   -9999   -9999   -9999   -9999   -9999   -9999   -9999   -9999   -9999   -9999   -9999   -9999   -9999   -9999   -9999   -9999   -9999   -9999   -9999   -9999   -9999   -9999   -9999   -9999   -9999   -9999   -9999   -9999
 -9999   -9999   -9999   -9999   -9999   -9999   -9999   -9999   -9999   -9999   -9999   -9999   -9999   -9999   -9999   -9999   -9999   -9999   -9999   2629.00   2612.00   2605.00   2593.00   2579.00   2608.00   2571.00   2549.00   2560.00   2501.00   2464.00   2452.00   2443.00   2410.00   2407.00   2379.00   2352.00   2368.00   2347.00   2334.00   2325.00   2318.00   2287.00   2284.00   2263.00   2222.00   2209.00   2173.00   2163.00   -9999   -9999   -9999   -9999   -9999   -9999   -9999   -9999   -9999   -9999   -9999   -9999   -9999   -9999   -9999   -9999   -9999   -9999   -9999   -9999   -9999   -9999   -9999   -9999   -9999   -9999   -9999   -9999   -9999   -9999   -9999   -9999   -9999   -9999   -9999   -9999   -9999   -9999   -9999   -9999   -9999   -9999   -9999   -9999   -9999   -9999   -9999   -9999   -9999   -9999   -9999   -9999   -9999   -9999   -9999   -9999   -9999   -9999   -9999   -9999   -9999   -9999   -9999   -9999   -9999   -9999   -9999   -9999   -9999   -9999   -9999   -9999   -9999   -9999   -9999   -9999   -9999   -9999   -9999   -9999   -9999   -9999   -9999   -9999   -9999   -9999   -9999   -9999   -9999   -9999   -9999   -9999   -9999   -9999   -9999   -9999   -9999   -9999   -9999   -9999   -9999   -9999   -9999   -9999   -9999   -9999   -9999   -9999   -9999   -9999   -9999   -9999   -9999   -9999   -9999   -9999   -9999   -9999   -9999   -9999   -9999   -9999   -9999   -9999   -9999   -9999   -9999   -9999   -9999   -9999   -9999
 -9999   -9999   -9999   -9999   -9999   -9999   -9999   -9999   -9999   -9999   -9999   -9999   -9999   -9999   -9999   -9999   -9999   -9999   -9999   -9999   -9999   -9999   2599.00   2581.00   2573.00   2561.00   2531.00   2501.00   2488.00   2445.00   2441.00   2414.00   2398.00   2385.00   2363.00   2357.00   2346.00   2343.00   2334.00   2313.00   2299.00   2284.00   2267.00   2259.00   2248.00   2231.00   2200.00   2152.00   2165.00   -9999   -9999   -9999   -9999   -9999   -9999   -9999   -9999   -9999   -9999   -9999   -9999   -9999   -9999   -9999   -9999   -9999   -9999   -9999   -9999   -9999   -9999   -9999   -9999   -9999   -9999   -9999   -9999   -9999   -9999   -9999   -9999   -9999   -9999   -9999   -9999   -9999   -9999   -9999   -9999   -9999   -9999   -9999   -9999   -9999   -9999   -9999   -9999   -9999   -9999   -9999   -9999   -9999   -9999   -9999   -9999   -9999   -9999   -9999   -9999   -9999   -9999   -9999   -9999   -9999   -9999   -9999   -9999   -9999   -9999   -9999   -9999   -9999   -9999   -9999   -9999   -9999   -9999   -9999   -9999   -9999   -9999   -9999   -9999   -9999   -9999   -9999   -9999   -9999   -9999   -9999   -9999   -9999   -9999   -9999   -9999   -9999   -9999   -9999   -9999   -9999   -9999   -9999   -9999   -9999   -9999   -9999   -9999   -9999   -9999   -9999   -9999   -9999   -9999   -9999   -9999   -9999   -9999   -9999   -9999   -9999   -9999   -9999   -9999   -9999   -9999   -9999   -9999   -9999   -9999
 -9999   -9999   -9999   -9999   -9999   -9999   -9999   -9999   -9999   -9999   -9999   -9999   -9999   -9999   -9999   -9999   -9999   -9999   -9999   -9999   -9999   -9999   2596.00   2602.00   2620.00   2584.00   2528.00   2480.00   2443.50   2443.50   2433.00   2404.00   2391.00   2372.00   2369.00   2348.00   2339.00   2332.00   2322.00   2322.00   2302.00   2284.00   2278.00   2267.00   2243.00   2244.00   2211.00   2168.00   2128.00   2156.00   -9999   -9999   -9999   -9999   -9999   -9999   -9999   -9999   -9999   -9999   -9999   -9999   -9999   -9999   -9999   -9999   -9999   -9999   -9999   -9999   -9999   -9999   -9999   -9999   -9999   -9999   -9999   -9999   -9999   -9999   -9999   -9999   -9999   -9999   -9999   -9999   -9999   -9999   -9999   -9999   -9999   -9999   -9999   -9999   -9999   -9999   -9999   -9999   -9999   -9999   -9999   -9999   -9999   -9999   -9999   -9999   -9999   -9999   -9999   -9999   -9999   -9999   -9999   -9999   -9999   -9999   -9999   -9999   -9999   -9999   -9999   -9999   -9999   -9999   -9999   -9999   -9999   -9999   -9999   -9999   -9999   -9999   -9999   -9999   -9999   -9999   -9999   -9999   -9999   -9999   -9999   -9999   -9999   -9999   -9999   -9999   -9999   -9999   -9999   -9999   -9999   -9999   -9999   -9999   -9999   -9999   -9999   -9999   -9999   -9999   -9999   -9999   -9999   -9999   -9999   -9999   -9999   -9999   -9999   -9999   -9999   -9999   -9999   -9999   -9999   -9999   -9999   -9999   -9999
 -9999   -9999   -9999   -9999   -9999   -9999   -9999   -9999   -9999   -9999   -9999   -9999   -9999   -9999   -9999   -9999   -9999   -9999   -9999   -9999   -9999   2585.00   2588.00   2602.00   2621.00   2574.00   2554.00   2509.00   2448.00   2430.00   2439.00   2420.00   2407.00   2385.00   2357.00   2349.00   2328.00   2324.00   2304.00   2321.00   2297.00   2286.00   2263.00   2260.00   2254.00   2231.00   2206.00   2171.00   2155.00   2113.00   2137.00   2133.00   -9999   -9999   -9999   -9999   -9999   -9999   -9999   -9999   -9999   -9999   -9999   -9999   -9999   -9999   -9999   -9999   -9999   -9999   -9999   -9999   -9999   -9999   -9999   -9999   -9999   -9999   -9999   -9999   -9999   -9999   -9999   -9999   -9999   -9999   -9999   -9999   -9999   -9999   -9999   -9999   -9999   -9999   -9999   -9999   -9999   -9999   -9999   -9999   -9999   -9999   -9999   -9999   -9999   -9999   -9999   -9999   -9999   -9999   -9999   -9999   -9999   -9999   -9999   -9999   -9999   -9999   -9999   -9999   -9999   -9999   -9999   -9999   -9999   -9999   -9999   -9999   -9999   -9999   -9999   -9999   -9999   -9999   -9999   -9999   -9999   -9999   -9999   -9999   -9999   -9999   -9999   -9999   -9999   -9999   -9999   -9999   -9999   -9999   -9999   -9999   -9999   -9999   -9999   -9999   -9999   -9999   -9999   -9999   -9999   -9999   -9999   -9999   -9999   -9999   -9999   -9999   -9999   -9999   -9999   -9999   -9999   -9999   -9999   -9999   -9999   -9999   -9999
 -9999   -9999   -9999   -9999   -9999   -9999   -9999   -9999   -9999   -9999   -9999   -9999   -9999   -9999   -9999   -9999   -9999   -9999   -9999   -9999   2574.00   2574.00   2574.00   2595.00   2620.00   2542.00   2521.00   2495.00   2433.00   2388.00   2421.00   2408.00   2387.00   2375.00   2369.00   2345.00   2332.00   2306.00   2301.00   2285.00   2294.00   2277.00   2268.00   2245.00   2243.00   2234.00   2209.00   2192.00   2154.00   2128.00   2101.00   2099.00   2103.00   2100.00   2089.00   2072.00   -9999   -9999   -9999   -9999   -9999   -9999   -9999   -9999   -9999   -9999   -9999   -9999   -9999   -9999   -9999   -9999   -9999   -9999   -9999   -9999   -9999   -9999   -9999   -9999   -9999   -9999   -9999   -9999   -9999   -9999   -9999   -9999   -9999   -9999   -9999   -9999   -9999   -9999   -9999   -9999   -9999   -9999   -9999   -9999   -9999   -9999   -9999   -9999   -9999   -9999   -9999   -9999   -9999   -9999   -9999   -9999   -9999   -9999   -9999   -9999   -9999   -9999   -9999   -9999   -9999   -9999   -9999   -9999   -9999   -9999   -9999   -9999   -9999   -9999   -9999   -9999   -9999   -9999   -9999   -9999   -9999   -9999   -9999   -9999   -9999   -9999   -9999   -9999   -9999   -9999   -9999   -9999   -9999   -9999   -9999   -9999   -9999   -9999   -9999   -9999   -9999   -9999   -9999   -9999   -9999   -9999   -9999   -9999   -9999   -9999   -9999   -9999   -9999   -9999   -9999   -9999   -9999   -9999   -9999   -9999   -9999   -9999   -9999
 -9999   -9999   -9999   -9999   -9999   -9999   -9999   -9999   -9999   -9999   -9999   -9999   -9999   -9999   -9999   -9999   -9999   -9999   -9999   -9999   2564.00   2558.00   2557.00   2584.00   2573.00   2505.00   2466.00   2443.00   2420.00   2402.00   2377.00   2382.00   2367.00   2371.00   2353.00   2336.00   2322.00   2308.00   2296.00   2292.00   2277.00   2273.00   2264.00   2243.00   2234.00   2225.00   2202.00   2191.00   2152.00   2139.00   2123.00   2100.00   2094.00   2063.00   2052.00   2061.00   2070.00   2060.00   -9999   -9999   -9999   -9999   -9999   -9999   -9999   -9999   -9999   -9999   -9999   -9999   -9999   -9999   -9999   -9999   -9999   -9999   -9999   -9999   -9999   -9999   -9999   -9999   -9999   -9999   -9999   -9999   -9999   -9999   -9999   -9999   -9999   -9999   -9999   -9999   -9999   -9999   -9999   -9999   -9999   -9999   -9999   -9999   -9999   -9999   -9999   -9999   -9999   -9999   -9999   -9999   -9999   -9999   -9999   -9999   -9999   -9999   -9999   -9999   -9999   -9999   -9999   -9999   -9999   -9999   -9999   -9999   -9999   -9999   -9999   -9999   -9999   -9999   -9999   -9999   -9999   -9999   -9999   -9999   -9999   -9999   -9999   -9999   -9999   -9999   -9999   -9999   -9999   -9999   -9999   -9999   -9999   -9999   -9999   -9999   -9999   -9999   -9999   -9999   -9999   -9999   -9999   -9999   -9999   -9999   -9999   -9999   -9999   -9999   -9999   -9999   -9999   -9999   -9999   -9999   -9999   -9999   -9999   -9999   -9999
 -9999   -9999   -9999   -9999   -9999   -9999   -9999   -9999   -9999   -9999   -9999   -9999   -9999   -9999   -9999   -9999   -9999   -9999   -9999   -9999   2545.00   2543.00   2532.00   2561.00   2546.00   2483.00   2451.00   2438.00   2415.00   2392.00   2379.00   2363.00   2358.00   2357.00   2343.00   2336.00   2313.00   2318.00   2298.00   2281.00   2272.00   2254.00   2254.00   2243.00   2220.00   2212.00   2205.00   2176.00   2147.00   2110.00   2100.00   2106.00   2107.00   2096.00   2089.00   2036.00   2059.00   2066.00   2050.00   -9999   -9999   -9999   -9999   -9999   -9999   -9999   -9999   -9999   -9999   -9999   -9999   -9999   -9999   -9999   -9999   -9999   -9999   -9999   -9999   -9999   -9999   -9999   -9999   -9999   -9999   -9999   -9999   -9999   -9999   -9999   -9999   -9999   -9999   -9999   -9999   -9999   -9999   -9999   -9999   -9999   -9999   -9999   -9999   -9999   -9999   -9999   -9999   -9999   -9999   -9999   -9999   -9999   -9999   -9999   -9999   -9999   -9999   -9999   -9999   -9999   -9999   -9999   -9999   -9999   -9999   -9999   -9999   -9999   -9999   -9999   -9999   -9999   -9999   -9999   -9999   -9999   -9999   -9999   -9999   -9999   -9999   -9999   -9999   -9999   -9999   -9999   -9999   -9999   -9999   -9999   -9999   -9999   -9999   -9999   -9999   -9999   -9999   -9999   -9999   -9999   -9999   -9999   -9999   -9999   -9999   -9999   -9999   -9999   -9999   -9999   -9999   -9999   -9999   -9999   -9999   -9999   -9999   -9999   -9999
 -9999   -9999   -9999   -9999   -9999   -9999   -9999   -9999   -9999   -9999   -9999   -9999   -9999   -9999   -9999   -9999   -9999   -9999   -9999   -9999   2535.00   2519.00   2517.00   2534.00   2557.00   2498.00   2443.00   2431.00   2393.00   2380.00   2369.00   2348.00   2345.50   2345.50   2339.00   2326.00   2305.00   2300.00   2291.00   2276.00   2263.00   2250.00   2252.00   2226.00   2213.50   2189.00   2181.00   2168.00   2148.00   2131.00   2091.00   2084.00   2090.00   2078.00   2066.00   2052.00   2011.00   2034.00   2039.00   2021.00   1999.00   -9999   -9999   -9999   -9999   -9999   -9999   -9999   -9999   -9999   -9999   -9999   -9999   -9999   -9999   -9999   -9999   -9999   -9999   -9999   -9999   -9999   -9999   -9999   -9999   -9999   -9999   -9999   -9999   -9999   -9999   -9999   -9999   -9999   -9999   -9999   -9999   -9999   -9999   -9999   -9999   -9999   -9999   -9999   -9999   -9999   -9999   -9999   -9999   -9999   -9999   -9999   -9999   -9999   -9999   -9999   -9999   -9999   -9999   -9999   -9999   -9999   -9999   -9999   -9999   -9999   -9999   -9999   -9999   -9999   -9999   -9999   -9999   -9999   -9999   -9999   -9999   -9999   -9999   -9999   -9999   -9999   -9999   -9999   -9999   -9999   -9999   -9999   -9999   -9999   -9999   -9999   -9999   -9999   -9999   -9999   -9999   -9999   -9999   -9999   -9999   -9999   -9999   -9999   -9999   -9999   -9999   -9999   -9999   -9999   -9999   -9999   -9999   -9999   -9999   -9999   -9999   -9999   -9999
 -9999   -9999   -9999   -9999   -9999   -9999   -9999   -9999   -9999   -9999   -9999   -9999   -9999   -9999   -9999   -9999   -9999   -9999   -9999   -9999   2531.00   2494.00   2499.00   2512.00   2527.00   2478.00   2448.00   2425.00   2398.00   2387.00   2371.00   2352.00   2334.00   2342.00   2318.00   2318.00   2313.00   2287.00   2281.00   2271.00   2245.00   2234.00   2211.00   2213.50   2191.00   2160.00   2170.00   2152.00   2134.00   2134.00   2103.00   2061.00   2065.00   2089.00   2077.00   2047.00   2001.00   2036.00   2018.00   2004.00   1993.00   1989.00   -9999   -9999   -9999   -9999   -9999   -9999   -9999   -9999   -9999   -9999   -9999   -9999   -9999   -9999   -9999   -9999   -9999   -9999   -9999   -9999   -9999   -9999   -9999   -9999   -9999   -9999   -9999   -9999   -9999   -9999   -9999   -9999   -9999   -9999   -9999   -9999   -9999   -9999   -9999   -9999   -9999   -9999   -9999   -9999   -9999   -9999   -9999   -9999   -9999   -9999   -9999   -9999   -9999   -9999   -9999   -9999   -9999   -9999   -9999   -9999   -9999   -9999   -9999   -9999   -9999   -9999   -9999   -9999   -9999   -9999   -9999   -9999   -9999   -9999   -9999   -9999   -9999   -9999   -9999   -9999   -9999   -9999   -9999   -9999   -9999   -9999   -9999   -9999   -9999   -9999   -9999   -9999   -9999   -9999   -9999   -9999   -9999   -9999   -9999   -9999   -9999   -9999   -9999   -9999   -9999   -9999   -9999   -9999   -9999   -9999   -9999   -9999   -9999   -9999   -9999   -9999   -9999
 -9999   -9999   -9999   -9999   -9999   -9999   -9999   -9999   -9999   -9999   -9999   -9999   -9999   -9999   -9999   -9999   -9999   -9999   -9999   -9999   2493.00   2482.50   2482.50   2495.00   2547.00   2506.00   2464.00   2434.00   2409.00   2393.00   2355.00   2341.00   2331.00   2312.00   2313.00   2296.00   2295.00   2288.00   2269.00   2263.00   2240.00   2234.00   2216.00   2192.00   2183.00   2155.00   2131.00   2148.00   2116.50   2106.00   2102.00   2073.00   2051.00   2062.00   2058.00   2044.00   2010.00   1992.00   1991.00   1985.00   1990.00   1982.00   1980.00   1970.00   1957.00   -9999   -9999   -9999   -9999   -9999   -9999   -9999   -9999   -9999   -9999   -9999   -9999   -9999   -9999   -9999   -9999   -9999   -9999   -9999   -9999   -9999   -9999   -9999   -9999   -9999   -9999   -9999   -9999   -9999   -9999   -9999   -9999   -9999   -9999   -9999   -9999   -9999   -9999   -9999   -9999   -9999   -9999   -9999   -9999   -9999   -9999   -9999   -9999   -9999   -9999   -9999   -9999   -9999   -9999   -9999   -9999   -9999   -9999   -9999   -9999   -9999   -9999   -9999   -9999   -9999   -9999   -9999   -9999   -9999   -9999   -9999   -9999   -9999   -9999   -9999   -9999   -9999   -9999   -9999   -9999   -9999   -9999   -9999   -9999   -9999   -9999   -9999   -9999   -9999   -9999   -9999   -9999   -9999   -9999   -9999   -9999   -9999   -9999   -9999   -9999   -9999   -9999   -9999   -9999   -9999   -9999   -9999   -9999   -9999   -9999   -9999   -9999   -9999   -9999
 -9999   -9999   -9999   -9999   -9999   -9999   -9999   -9999   -9999   -9999   -9999   -9999   -9999   -9999   -9999   -9999   -9999   -9999   -9999   -9999   2486.00   2468.00   2471.00   2483.00   2562.00   2527.00   2454.00   2433.00   2395.00   2395.00   2383.00   2355.00   2341.00   2300.00   2296.00   2287.00   2282.00   2266.00   2250.00   2254.00   2238.00   2213.00   2219.00   2200.00   2201.00   2169.50   2131.00   2116.50   2124.00   2101.00   2074.00   2072.00   2065.00   2042.00   2056.00   2036.00   2027.00   2011.00   2001.00   1982.00   1964.00   1973.00   1961.00   1947.00   1932.00   1929.00   1932.00   1913.00   1894.00   1873.00   1867.00   -9999   -9999   -9999   -9999   -9999   -9999   -9999   -9999   -9999   -9999   -9999   -9999   -9999   -9999   -9999   -9999   -9999   -9999   -9999   -9999   -9999   -9999   -9999   -9999   -9999   -9999   -9999   -9999   -9999   -9999   -9999   -9999   -9999   -9999   -9999   -9999   -9999   -9999   -9999   -9999   -9999   -9999   -9999   -9999   -9999   -9999   -9999   -9999   -9999   -9999   -9999   -9999   -9999   -9999   -9999   -9999   -9999   -9999   -9999   -9999   -9999   -9999   -9999   -9999   -9999   -9999   -9999   -9999   -9999   -9999   -9999   -9999   -9999   -9999   -9999   -9999   -9999   -9999   -9999   -9999   -9999   -9999   -9999   -9999   -9999   -9999   -9999   -9999   -9999   -9999   -9999   -9999   -9999   -9999   -9999   -9999   -9999   -9999   -9999   -9999   -9999   -9999   -9999   -9999   -9999   -9999   -9999   -9999
 -9999   -9999   -9999   -9999   -9999   -9999   -9999   -9999   -9999   -9999   -9999   -9999   -9999   -9999   -9999   -9999   -9999   -9999   -9999   -9999   2470.00   2455.50   2455.50   2468.00   2558.00   2508.00   2436.00   2419.00   2403.00   2381.00   2369.00   2351.00   2340.00   2322.00   2281.00   2281.00   2265.00   2265.00   2253.00   2240.00   2213.00   2221.00   2181.00   2189.00   2178.00   2169.50   2153.00   2119.00   2094.00   2079.00   2064.00   2064.00   2040.00   2028.51   2014.00   2035.00   2015.00   1999.00   2004.00   1988.00   1960.00   1933.99   1930.99   1919.00   1932.00   1909.00   1911.00   1906.00   1903.00   1875.00   1854.00   1865.00   -9999   -9999   -9999   -9999   -9999   -9999   -9999   -9999   -9999   -9999   -9999   -9999   -9999   -9999   -9999   -9999   -9999   -9999   -9999   -9999   -9999   -9999   -9999   -9999   -9999   -9999   -9999   -9999   -9999   -9999   -9999   -9999   -9999   -9999   -9999   -9999   -9999   -9999   -9999   -9999   -9999   -9999   -9999   -9999   -9999   -9999   -9999   -9999   -9999   -9999   -9999   -9999   -9999   -9999   -9999   -9999   -9999   -9999   -9999   -9999   -9999   -9999   -9999   -9999   -9999   -9999   -9999   -9999   -9999   -9999   -9999   -9999   -9999   -9999   -9999   -9999   -9999   -9999   -9999   -9999   -9999   -9999   -9999   -9999   -9999   -9999   -9999   -9999   -9999   -9999   -9999   -9999   -9999   -9999   -9999   -9999   -9999   -9999   -9999   -9999   -9999   -9999   -9999   -9999   -9999   -9999   -9999
 -9999   -9999   -9999   -9999   -9999   -9999   -9999   -9999   -9999   -9999   -9999   -9999   -9999   -9999   -9999   -9999   -9999   -9999   -9999   -9999   2452.00   2436.50   2436.50   2463.00   2548.00   2456.00   2417.00   2400.00   2390.00   2370.00   2353.00   2352.00   2333.00   2315.00   2298.00   2272.00   2246.50   2246.50   2251.00   2246.00   2229.00   2181.00   2193.00   2167.34   2147.00   2154.00   2143.00   2119.00   2107.00   2096.00   2061.00   2043.00   2028.49   2022.00   2022.00   2002.33   2002.34   1991.00   1984.00   1990.00   1965.00   1934.01   1931.01   1913.00   1893.00   1906.00   1897.00   1896.00   1893.00   1882.00   1853.00   1849.00   1849.00   -9999   -9999   -9999   -9999   -9999   -9999   -9999   -9999   -9999   -9999   -9999   -9999   -9999   -9999   -9999   -9999   -9999   -9999   -9999   -9999   -9999   -9999   -9999   -9999   -9999   -9999   -9999   -9999   -9999   -9999   -9999   -9999   -9999   -9999   -9999   -9999   -9999   -9999   -9999   -9999   -9999   -9999   -9999   -9999   -9999   -9999   -9999   -9999   -9999   -9999   -9999   -9999   -9999   -9999   -9999   -9999   -9999   -9999   -9999   -9999   -9999   -9999   -9999   -9999   -9999   -9999   -9999   -9999   -9999   -9999   -9999   -9999   -9999   -9999   -9999   -9999   -9999   -9999   -9999   -9999   -9999   -9999   -9999   -9999   -9999   -9999   -9999   -9999   -9999   -9999   -9999   -9999   -9999   -9999   -9999   -9999   -9999   -9999   -9999   -9999   -9999   -9999   -9999   -9999   -9999   -9999
 -9999   -9999   -9999   -9999   -9999   -9999   -9999   -9999   -9999   -9999   -9999   -9999   -9999   -9999   -9999   -9999   -9999   -9999   -9999   -9999   2433.00   2413.00   2413.00   2443.00   2471.00   2428.00   2396.00   2379.00   2363.00   2338.00   2330.00   2330.00   2329.00   2309.00   2292.00   2279.00   2246.50   2257.00   2239.00   2221.00   2215.00   2194.00   2167.33   2181.00   2155.00   2137.00   2126.00   2118.00   2096.00   2082.00   2061.00   2064.00   2055.00   2019.00   2002.33   2014.00   1999.00   1992.00   1962.99   1963.01   1969.00   1944.00   1916.00   1912.00   1890.00   1877.51   1877.24   1862.00   1883.00   1865.00   1860.00   1832.00   1845.00   1832.00   1829.00   -9999   -9999   -9999   -9999   -9999   -9999   -9999   -9999   -9999   -9999   -9999   -9999   -9999   -9999   -9999   -9999   -9999   -9999   -9999   -9999   -9999   -9999   -9999   -9999   -9999   -9999   -9999   -9999   -9999   -9999   -9999   -9999   -9999   -9999   -9999   -9999   -9999   -9999   -9999   -9999   -9999   -9999   -9999   -9999   -9999   -9999   -9999   -9999   -9999   -9999   -9999   -9999   -9999   -9999   -9999   -9999   -9999   -9999   -9999   -9999   -9999   -9999   -9999   -9999   -9999   -9999   -9999   -9999   -9999   -9999   -9999   -9999   -9999   -9999   -9999   -9999   -9999   -9999   -9999   -9999   -9999   -9999   -9999   -9999   -9999   -9999   -9999   -9999   -9999   -9999   -9999   -9999   -9999   -9999   -9999   -9999   -9999   -9999   -9999   -9999   -9999   -9999   -9999   -9999
 -9999   -9999   -9999   -9999   -9999   -9999   -9999   -9999   -9999   -9999   -9999   -9999   -9999   -9999   -9999   -9999   -9999   -9999   -9999   -9999   2411.00   2374.55   2400.00   2413.00   2420.00   2410.00   2379.00   2393.00   2380.00   2364.00   2341.00   2316.00   2304.00   2283.00   2284.00   2283.00   2246.50   2221.00   2221.00   2213.00   2214.00   2201.00   2167.33   2165.00   2170.00   2143.00   2113.00   2110.00   2103.00   2095.00   2060.00   2041.00   2029.00   2033.00   2010.99   1970.32   1989.00   1994.00   1978.00   1955.00   1958.00   1944.00   1931.00   1908.00   1898.00   1899.00   1877.25   1871.00   1859.00   1858.00   1862.00   1826.00   1829.00   1821.00   1828.00   1812.00   -9999   -9999   -9999   -9999   -9999   -9999   -9999   -9999   -9999   -9999   -9999   -9999   -9999   -9999   -9999   -9999   -9999   -9999   -9999   -9999   -9999   -9999   -9999   -9999   -9999   -9999   -9999   -9999   -9999   -9999   -9999   -9999   -9999   -9999   -9999   -9999   -9999   -9999   -9999   -9999   -9999   -9999   -9999   -9999   -9999   -9999   -9999   -9999   -9999   -9999   -9999   -9999   -9999   -9999   -9999   -9999   -9999   -9999   -9999   -9999   -9999   -9999   -9999   -9999   -9999   -9999   -9999   -9999   -9999   -9999   -9999   -9999   -9999   -9999   -9999   -9999   -9999   -9999   -9999   -9999   -9999   -9999   -9999   -9999   -9999   -9999   -9999   -9999   -9999   -9999   -9999   -9999   -9999   -9999   -9999   -9999   -9999   -9999   -9999   -9999   -9999   -9999   -9999
 -9999   -9999   -9999   -9999   -9999   -9999   -9999   -9999   -9999   -9999   -9999   -9999   -9999   -9999   -9999   -9999   -9999   -9999   -9999   -9999   2374.55   2399.00   2374.55   2401.00   2404.00   2392.00   2379.00   2375.00   2381.00   2377.00   2355.00   2330.00   2324.00   2306.00   2278.00   2259.00   2239.00   2221.00   2219.00   2204.34   2202.00   2183.00   2162.00   2146.00   2146.00   2145.00   2111.00   2094.00   2079.00   2067.00   2063.00   2047.00   2032.00   2011.01   2002.00   1970.34   1958.00   1970.00   1975.00   1960.00   1942.00   1935.00   1927.00   1925.00   1900.00   1880.00   1895.00   1871.00   1848.00   1833.00   1826.00   1850.00   1821.00   1827.00   1800.00   1802.00   1804.00   1811.00   -9999   -9999   -9999   -9999   -9999   -9999   -9999   -9999   -9999   -9999   -9999   -9999   -9999   -9999   -9999   -9999   -9999   -9999   -9999   -9999   -9999   -9999   -9999   -9999   -9999   -9999   -9999   -9999   -9999   -9999   -9999   -9999   -9999   -9999   -9999   -9999   -9999   -9999   -9999   -9999   -9999   -9999   -9999   -9999   -9999   -9999   -9999   -9999   -9999   -9999   -9999   -9999   -9999   -9999   -9999   -9999   -9999   -9999   -9999   -9999   -9999   -9999   -9999   -9999   -9999   -9999   -9999   -9999   -9999   -9999   -9999   -9999   -9999   -9999   -9999   -9999   -9999   -9999   -9999   -9999   -9999   -9999   -9999   -9999   -9999   -9999   -9999   -9999   -9999   -9999   -9999   -9999   -9999   -9999   -9999   -9999   -9999   -9999   -9999   -9999   -9999
 -9999   -9999   -9999   -9999   -9999   -9999   -9999   -9999   -9999   -9999   -9999   -9999   -9999   -9999   -9999   -9999   -9999   -9999   -9999   -9999   -9999   2393.00   2374.55   2406.00   2399.00   2380.00   2370.00   2370.00   2371.00   2351.00   2343.00   2328.00   2314.00   2298.00   2283.00   2257.00   2241.00   2218.00   2202.89   2202.89   2183.00   2174.00   2153.00   2142.50   2142.50   2124.00   2108.00   2088.00   2061.00   2063.00   2040.51   2033.00   2020.00   2015.00   1990.00   1970.34   1966.00   1950.00   1940.00   1947.00   1953.00   1899.00   1926.00   1903.00   1892.00   1889.00   1861.00   1854.00   1868.00   1861.00   1821.00   1818.00   1833.00   1813.00   1812.00   1796.01   1787.00   1788.00   1789.00   -9999   -9999   -9999   -9999   -9999   -9999   -9999   -9999   -9999   -9999   -9999   -9999   -9999   -9999   -9999   -9999   -9999   -9999   -9999   -9999   -9999   -9999   -9999   -9999   -9999   -9999   -9999   -9999   -9999   -9999   -9999   -9999   -9999   -9999   -9999   -9999   -9999   -9999   -9999   -9999   -9999   -9999   -9999   -9999   -9999   -9999   -9999   -9999   -9999   -9999   -9999   -9999   -9999   -9999   -9999   -9999   -9999   -9999   -9999   -9999   -9999   -9999   -9999   -9999   -9999   -9999   -9999   -9999   -9999   -9999   -9999   -9999   -9999   -9999   -9999   -9999   -9999   -9999   -9999   -9999   -9999   -9999   -9999   -9999   -9999   -9999   -9999   -9999   -9999   -9999   -9999   -9999   -9999   -9999   -9999   -9999   -9999   -9999   -9999   -9999
 -9999   -9999   -9999   -9999   -9999   -9999   -9999   -9999   -9999   -9999   -9999   -9999   -9999   -9999   -9999   -9999   -9999   -9999   -9999   -9999   -9999   2397.00   2374.55   2411.00   2403.00   2380.00   2364.00   2362.00   2362.00   2356.00   2337.00   2326.00   2308.00   2297.00   2284.00   2249.00   2235.00   2211.00   2202.88   2199.00   2182.00   2163.00   2160.00   2133.00   2137.00   2124.00   2112.00   2090.00   2073.00   2040.49   2035.00   2018.34   2011.00   2003.00   1992.00   1977.00   1967.00   1954.00   1945.00   1937.49   1937.51   1932.00   1887.00   1909.00   1896.00   1879.00   1878.00   1856.00   1842.00   1841.00   1847.00   1824.00   1808.51   1808.49   1792.00   1795.99   1793.00   1781.00   1773.00   1775.00   1770.00   -9999   -9999   -9999   -9999   -9999   -9999   -9999   -9999   -9999   -9999   -9999   -9999   -9999   -9999   -9999   -9999   -9999   -9999   -9999   -9999   -9999   -9999   -9999   -9999   -9999   -9999   -9999   -9999   -9999   -9999   -9999   -9999   -9999   -9999   -9999   -9999   -9999   -9999   -9999   -9999   -9999   -9999   -9999   -9999   -9999   -9999   -9999   -9999   -9999   -9999   -9999   -9999   -9999   -9999   -9999   -9999   -9999   -9999   -9999   -9999   -9999   -9999   -9999   -9999   -9999   -9999   -9999   -9999   -9999   -9999   -9999   -9999   -9999   -9999   -9999   -9999   -9999   -9999   -9999   -9999   -9999   -9999   -9999   -9999   -9999   -9999   -9999   -9999   -9999   -9999   -9999   -9999   -9999   -9999   -9999   -9999   -9999   -9999
 -9999   -9999   -9999   -9999   -9999   -9999   -9999   -9999   -9999   -9999   -9999   -9999   -9999   -9999   -9999   -9999   -9999   -9999   -9999   -9999   -9999   2399.00   2374.55   2413.00   2415.00   2383.00   2359.00   2366.00   2372.00   2342.00   2319.00   2310.00   2298.00   2282.00   2255.00   2229.00   2216.00   2219.00   2177.00   2174.00   2177.00   2168.00   2143.00   2134.00   2114.00   2112.00   2091.00   2091.00   2056.00   2036.00   2018.34   2037.00   2001.00   2002.00   2007.00   1974.00   1964.00   1964.00   1937.00   1922.00   1919.67   1919.67   1906.00   1884.00   1876.00   1862.00   1860.00   1874.00   1867.00   1830.00   1824.00   1830.00   1820.00   1797.00   1791.00   1776.00   1770.00   1772.00   1771.00   1757.00   1749.00   1754.00   -9999   -9999   -9999   -9999   -9999   -9999   -9999   -9999   -9999   -9999   -9999   -9999   -9999   -9999   -9999   -9999   -9999   -9999   -9999   -9999   -9999   -9999   -9999   -9999   -9999   -9999   -9999   -9999   -9999   -9999   -9999   -9999   -9999   -9999   -9999   -9999   -9999   -9999   -9999   -9999   -9999   -9999   -9999   -9999   -9999   -9999   -9999   -9999   -9999   -9999   -9999   -9999   -9999   -9999   -9999   -9999   -9999   -9999   -9999   -9999   -9999   -9999   -9999   -9999   -9999   -9999   -9999   -9999   -9999   -9999   -9999   -9999   -9999   -9999   -9999   -9999   -9999   -9999   -9999   -9999   -9999   -9999   -9999   -9999   -9999   -9999   -9999   -9999   -9999   -9999   -9999   -9999   -9999   -9999   -9999   -9999   -9999
 -9999   -9999   -9999   -9999   -9999   -9999   -9999   -9999   -9999   -9999   -9999   -9999   -9999   -9999   -9999   -9999   -9999   -9999   -9999   -9999   -9999   2402.00   2374.55   2395.00   2420.00   2384.00   2355.00   2354.00   2355.00   2345.00   2327.00   2301.00   2285.00   2278.00   2262.00   2232.00   2213.00   2194.00   2177.00   2168.00   2148.00   2160.00   2149.00   2126.00   2108.00   2084.00   2081.00   2036.68   2036.66   2045.00   2018.32   2001.00   2006.00   1981.00   1970.01   1982.00   1965.00   1942.00   1953.00   1940.00   1919.66   1921.00   1918.00   1893.00   1902.00   1878.00   1841.00   1851.00   1850.00   1840.00   1838.00   1817.00   1807.00   1797.00   1811.00   1788.00   1781.00   1762.00   1744.00   1765.00   1750.00   1727.51   1745.00   -9999   -9999   -9999   -9999   -9999   -9999   -9999   -9999   -9999   -9999   -9999   -9999   -9999   -9999   -9999   -9999   -9999   -9999   -9999   -9999   -9999   -9999   -9999   -9999   -9999   -9999   -9999   -9999   -9999   -9999   -9999   -9999   -9999   -9999   -9999   -9999   -9999   -9999   -9999   -9999   -9999   -9999   -9999   -9999   -9999   -9999   -9999   -9999   -9999   -9999   -9999   -9999   -9999   -9999   -9999   -9999   -9999   -9999   -9999   -9999   -9999   -9999   -9999   -9999   -9999   -9999   -9999   -9999   -9999   -9999   -9999   -9999   -9999   -9999   -9999   -9999   -9999   -9999   -9999   -9999   -9999   -9999   -9999   -9999   -9999   -9999   -9999   -9999   -9999   -9999   -9999   -9999   -9999   -9999   -9999   -9999
 -9999   -9999   -9999   -9999   -9999   -9999   -9999   -9999   -9999   -9999   -9999   -9999   -9999   -9999   -9999   -9999   -9999   -9999   -9999   -9999   -9999   2399.00   2387.00   2374.54   2407.00   2384.00   2364.00   2378.00   2354.00   2336.00   2311.00   2306.00   2281.00   2265.00   2248.00   2228.00   2224.00   2199.00   2180.00   2168.00   2155.00   2139.00   2123.00   2119.00   2102.00   2097.00   2073.00   2068.00   2062.00   2036.66   2028.99   2015.00   1981.00   2001.00   1983.00   1969.99   1964.00   1950.00   1938.00   1931.00   1912.00   1911.00   1907.00   1890.00   1881.00   1888.00   1878.00   1836.51   1836.49   1845.00   1825.00   1808.00   1805.00   1788.00   1790.00   1790.00   1777.00   1777.00   1749.00   1732.00   1727.49   1732.00   1719.51   1721.00   -9999   -9999   -9999   -9999   -9999   -9999   -9999   -9999   -9999   -9999   -9999   -9999   -9999   -9999   -9999   -9999   -9999   -9999   -9999   -9999   -9999   -9999   -9999   -9999   -9999   -9999   -9999   -9999   -9999   -9999   -9999   -9999   -9999   -9999   -9999   -9999   -9999   -9999   -9999   -9999   -9999   -9999   -9999   -9999   -9999   -9999   -9999   -9999   -9999   -9999   -9999   -9999   -9999   -9999   -9999   -9999   -9999   -9999   -9999   -9999   -9999   -9999   -9999   -9999   -9999   -9999   -9999   -9999   -9999   -9999   -9999   -9999   -9999   -9999   -9999   -9999   -9999   -9999   -9999   -9999   -9999   -9999   -9999   -9999   -9999   -9999   -9999   -9999   -9999   -9999   -9999   -9999   -9999   -9999   -9999
 -9999   -9999   -9999   -9999   -9999   -9999   -9999   -9999   -9999   -9999   -9999   -9999   -9999   -9999   -9999   -9999   -9999   -9999   -9999   -9999   -9999   -9999   2392.00   2374.54   2391.00   2412.00   2397.00   2407.00   2377.00   2349.00   2324.00   2280.00   2267.00   2254.00   2242.00   2225.00   2207.00   2198.00   2192.00   2173.00   2164.00   2151.00   2135.00   2123.00   2106.00   2099.00   2089.00   2073.00   2058.00   2042.00   2029.01   2011.00   1992.00   1973.00   1973.00   1954.00   1950.00   1957.00   1944.00   1931.00   1919.00   1902.00   1890.00   1897.00   1876.00   1879.00   1864.00   1856.00   1838.00   1820.00   1802.00   1800.00   1788.00   1797.00   1779.00   1774.00   1763.00   1766.00   1754.00   1754.00   1725.00   1713.00   1719.49   1705.00   1702.00   -9999   -9999   -9999   -9999   -9999   -9999   -9999   -9999   -9999   -9999   -9999   -9999   -9999   -9999   -9999   -9999   -9999   -9999   -9999   -9999   -9999   -9999   -9999   -9999   -9999   -9999   -9999   -9999   -9999   -9999   -9999   -9999   -9999   -9999   -9999   -9999   -9999   -9999   -9999   -9999   -9999   -9999   -9999   -9999   -9999   -9999   -9999   -9999   -9999   -9999   -9999   -9999   -9999   -9999   -9999   -9999   -9999   -9999   -9999   -9999   -9999   -9999   -9999   -9999   -9999   -9999   -9999   -9999   -9999   -9999   -9999   -9999   -9999   -9999   -9999   -9999   -9999   -9999   -9999   -9999   -9999   -9999   -9999   -9999   -9999   -9999   -9999   -9999   -9999   -9999   -9999   -9999   -9999   -9999
 -9999   -9999   -9999   -9999   -9999   -9999   -9999   -9999   -9999   -9999   -9999   -9999   -9999   -9999   -9999   -9999   -9999   -9999   -9999   -9999   -9999   -9999   2395.00   2384.00   2374.54   2405.00   2402.00   2398.00   2371.00   2343.00   2326.00   2303.00   2281.00   2260.00   2239.00   2222.00   2214.00   2201.00   2185.00   2170.00   2160.00   2148.00   2133.00   2127.00   2107.00   2101.00   2079.00   2067.00   2045.00   2042.00   2029.00   2010.00   1999.00   1991.00   1975.00   1965.00   1941.00   1950.00   1935.00   1927.00   1922.00   1904.00   1885.00   1896.00   1881.00   1859.76   1868.00   1858.00   1842.00   1833.00   1836.00   1826.00   1787.00   1804.00   1784.00   1780.00   1757.01   1777.00   1755.50   1746.00   1730.00   1715.00   1703.00   1693.00   1709.00   1689.00   -9999   -9999   -9999   -9999   -9999   -9999   -9999   -9999   -9999   -9999   -9999   -9999   -9999   -9999   -9999   -9999   -9999   -9999   -9999   -9999   -9999   -9999   -9999   -9999   -9999   -9999   -9999   -9999   -9999   -9999   -9999   -9999   -9999   -9999   -9999   -9999   -9999   -9999   -9999   -9999   -9999   -9999   -9999   -9999   -9999   -9999   -9999   -9999   -9999   -9999   -9999   -9999   -9999   -9999   -9999   -9999   -9999   -9999   -9999   -9999   -9999   -9999   -9999   -9999   -9999   -9999   -9999   -9999   -9999   -9999   -9999   -9999   -9999   -9999   -9999   -9999   -9999   -9999   -9999   -9999   -9999   -9999   -9999   -9999   -9999   -9999   -9999   -9999   -9999   -9999   -9999   -9999   -9999
 -9999   -9999   -9999   -9999   -9999   -9999   -9999   -9999   -9999   -9999   -9999   -9999   -9999   -9999   -9999   -9999   -9999   -9999   -9999   -9999   -9999   2406.00   2405.00   2391.00   2374.53   2386.00   2386.00   2378.00   2363.00   2344.00   2322.00   2303.00   2289.00   2279.00   2268.00   2254.00   2231.00   2208.00   2191.00   2177.00   2164.00   2140.50   2129.00   2115.00   2095.00   2080.00   2074.00   2056.00   2042.00   2031.00   2016.00   2004.00   1991.00   1981.00   1971.00   1962.00   1936.00   1929.00   1914.00   1925.00   1910.00   1904.00   1888.00   1859.75   1859.75   1870.00   1849.00   1837.00   1836.00   1823.00   1812.00   1811.00   1793.00   1778.00   1769.00   1772.00   1757.00   1754.74   1754.75   1738.00   1730.00   1713.00   1704.00   1709.00   1687.00   1684.00   1679.00   1686.00   1668.00   -9999   -9999   -9999   -9999   -9999   -9999   -9999   -9999   -9999   -9999   -9999   -9999   -9999   -9999   -9999   -9999   -9999   -9999   -9999   -9999   -9999   -9999   -9999   -9999   -9999   -9999   -9999   -9999   -9999   -9999   -9999   -9999   -9999   -9999   -9999   -9999   -9999   -9999   -9999   -9999   -9999   -9999   -9999   -9999   -9999   -9999   -9999   -9999   -9999   -9999   -9999   -9999   -9999   -9999   -9999   -9999   -9999   -9999   -9999   -9999   -9999   -9999   -9999   -9999   -9999   -9999   -9999   -9999   -9999   -9999   -9999   -9999   -9999   -9999   -9999   -9999   -9999   -9999   -9999   -9999   -9999   -9999   -9999   -9999   -9999   -9999   -9999   -9999   -9999   -9999
 -9999   -9999   -9999   -9999   -9999   -9999   -9999   -9999   -9999   -9999   -9999   -9999   -9999   -9999   -9999   -9999   -9999   -9999   -9999   -9999   -9999   -9999   2411.00   2400.00   2374.00   2392.00   2416.00   2413.00   2377.00   2356.00   2337.00   2312.00   2310.00   2279.00   2261.00   2242.00   2230.00   2210.00   2190.00   2179.00   2159.00   2140.50   2130.00   2115.00   2095.00   2080.00   2074.00   2056.00   2042.00   2026.00   2006.00   1985.49   1979.00   1966.00   1968.00   1952.00   1953.00   1942.00   1926.00   1906.00   1909.00   1897.00   1890.00   1877.00   1859.74   1841.34   1841.34   1827.00   1827.00   1820.00   1819.00   1799.00   1793.00   1792.00   1791.00   1753.00   1743.00   1735.00   1759.00   1733.00   1731.00   1724.00   1698.00   1689.00   1700.00   1682.00   1666.00   1660.00   1672.00   -9999   -9999   -9999   -9999   -9999   -9999   -9999   -9999   -9999   -9999   -9999   -9999   -9999   -9999   -9999   -9999   -9999   -9999   -9999   -9999   -9999   -9999   -9999   -9999   -9999   -9999   -9999   -9999   -9999   -9999   -9999   -9999   -9999   -9999   -9999   -9999   -9999   -9999   -9999   -9999   -9999   -9999   -9999   -9999   -9999   -9999   -9999   -9999   -9999   -9999   -9999   -9999   -9999   -9999   -9999   -9999   -9999   -9999   -9999   -9999   -9999   -9999   -9999   -9999   -9999   -9999   -9999   -9999   -9999   -9999   -9999   -9999   -9999   -9999   -9999   -9999   -9999   -9999   -9999   -9999   -9999   -9999   -9999   -9999   -9999   -9999   -9999   -9999   -9999   -9999
 -9999   -9999   -9999   -9999   -9999   -9999   -9999   -9999   -9999   -9999   -9999   -9999   -9999   -9999   -9999   -9999   -9999   -9999   -9999   -9999   -9999   -9999   2398.00   2391.00   2374.00   2383.00   2414.00   2417.00   2401.00   2381.00   2353.00   2333.00   2306.00   2290.00   2260.00   2245.00   2235.00   2214.00   2191.00   2183.00   2164.00   2149.00   2126.00   2111.00   2102.00   2082.00   2064.00   2057.00   2034.00   2029.00   2013.00   1985.51   1978.00   1951.00   1937.00   1951.00   1939.00   1931.00   1921.00   1899.00   1885.00   1891.00   1879.00   1879.00   1862.00   1841.32   1843.00   1829.00   1825.00   1805.00   1809.00   1806.00   1794.00   1775.00   1776.00   1772.00   1739.00   1718.00   1739.00   1742.00   1727.00   1701.00   1696.00   1695.00   1689.00   1682.00   1683.00   1678.00   1646.00   1655.00   1651.00   1643.00   -9999   -9999   -9999   -9999   -9999   -9999   -9999   -9999   -9999   -9999   -9999   -9999   -9999   -9999   -9999   -9999   -9999   -9999   -9999   -9999   -9999   -9999   -9999   -9999   -9999   -9999   -9999   -9999   -9999   -9999   -9999   -9999   -9999   -9999   -9999   -9999   -9999   -9999   -9999   -9999   -9999   -9999   -9999   -9999   -9999   -9999   -9999   -9999   -9999   -9999   -9999   -9999   -9999   -9999   -9999   -9999   -9999   -9999   -9999   -9999   -9999   -9999   -9999   -9999   -9999   -9999   -9999   -9999   -9999   -9999   -9999   -9999   -9999   -9999   -9999   -9999   -9999   -9999   -9999   -9999   -9999   -9999   -9999   -9999   -9999   -9999   -9999
 -9999   -9999   -9999   -9999   -9999   -9999   -9999   -9999   -9999   -9999   -9999   -9999   -9999   -9999   -9999   -9999   -9999   -9999   -9999   -9999   -9999   -9999   2370.00   2362.00   2360.00   2368.00   2401.00   2411.00   2390.00   2366.00   2357.00   2350.00   2326.00   2293.00   2277.00   2249.00   2225.00   2217.00   2203.00   2185.00   2173.00   2155.00   2145.00   2123.00   2095.00   2084.00   2068.00   2068.00   2061.00   2038.00   2021.00   1983.00   1983.00   1952.00   1947.00   1918.00   1934.00   1921.00   1911.00   1904.00   1872.00   1849.51   1849.49   1863.00   1857.00   1846.00   1825.49   1825.51   1825.00   1823.00   1794.00   1790.00   1786.00   1771.00   1760.00   1766.00   1751.00   1736.00   1713.00   1720.00   1734.00   1717.00   1688.00   1685.00   1684.00   1668.00   1666.00   1666.00   1648.99   1635.00   1641.00   1646.00   1637.00   -9999   -9999   -9999   -9999   -9999   -9999   -9999   -9999   -9999   -9999   -9999   -9999   -9999   -9999   -9999   -9999   -9999   -9999   -9999   -9999   -9999   -9999   -9999   -9999   -9999   -9999   -9999   -9999   -9999   -9999   -9999   -9999   -9999   -9999   -9999   -9999   -9999   -9999   -9999   -9999   -9999   -9999   -9999   -9999   -9999   -9999   -9999   -9999   -9999   -9999   -9999   -9999   -9999   -9999   -9999   -9999   -9999   -9999   -9999   -9999   -9999   -9999   -9999   -9999   -9999   -9999   -9999   -9999   -9999   -9999   -9999   -9999   -9999   -9999   -9999   -9999   -9999   -9999   -9999   -9999   -9999   -9999   -9999   -9999   -9999   -9999
 -9999   -9999   -9999   -9999   -9999   -9999   -9999   -9999   -9999   -9999   -9999   -9999   -9999   -9999   -9999   -9999   -9999   -9999   -9999   -9999   -9999   -9999   2348.41   2348.41   2347.64   2358.00   2390.00   2402.00   2398.00   2360.00   2332.00   2323.00   2320.00   2297.00   2280.00   2266.00   2232.00   2201.00   2180.00   2160.00   2145.00   2123.00   2137.00   2126.00   2113.00   2099.00   2079.00   2055.00   2044.00   2041.00   2028.00   2009.00   1963.00   1941.00   1931.00   1916.00   1919.00   1924.00   1904.00   1896.00   1888.00   1880.00   1849.00   1828.00   1844.00   1844.00   1829.00   1812.00   1810.00   1814.00   1802.00   1791.00   1779.00   1783.00   1758.00   1752.00   1750.00   1730.00   1708.00   1694.00   1716.00   1711.00   1697.00   1682.00   1688.00   1681.00   1675.00   1656.00   1649.01   1653.00   1635.00   1624.00   1631.00   1628.00   -9999   -9999   -9999   -9999   -9999   -9999   -9999   -9999   -9999   -9999   -9999   -9999   -9999   -9999   -9999   -9999   -9999   -9999   -9999   -9999   -9999   -9999   -9999   -9999   -9999   -9999   -9999   -9999   -9999   -9999   -9999   -9999   -9999   -9999   -9999   -9999   -9999   -9999   -9999   -9999   -9999   -9999   -9999   -9999   -9999   -9999   -9999   -9999   -9999   -9999   -9999   -9999   -9999   -9999   -9999   -9999   -9999   -9999   -9999   -9999   -9999   -9999   -9999   -9999   -9999   -9999   -9999   -9999   -9999   -9999   -9999   -9999   -9999   -9999   -9999   -9999   -9999   -9999   -9999   -9999   -9999   -9999   -9999   -9999   -9999
 -9999   -9999   -9999   -9999   -9999   -9999   -9999   -9999   -9999   -9999   -9999   -9999   -9999   -9999   -9999   -9999   -9999   -9999   -9999   -9999   -9999   -9999   2347.64   2347.64   2349.00   2347.09   2347.08   2373.00   2376.00   2359.00   2332.00   2297.00   2301.00   2290.00   2269.00   2258.00   2223.00   2196.00   2163.00   2135.00   2114.00   2104.00   2103.00   2080.00   2095.00   2099.00   2079.00   2056.00   2051.00   2021.00   2024.00   2015.00   1973.00   1931.00   1905.00   1903.00   1872.00   1893.00   1887.00   1876.00   1867.00   1866.00   1852.00   1839.00   1814.00   1834.00   1825.00   1809.00   1797.00   1801.00   1799.00   1779.51   1779.00   1765.00   1754.00   1737.00   1741.00   1732.01   1723.00   1723.00   1694.00   1694.00   1701.00   1681.00   1673.00   1677.00   1662.00   1666.00   1656.00   1637.00   1637.00   1642.00   1620.49   1615.00   1621.00   1611.00   1598.00   1608.00   1598.00   -9999   -9999   -9999   -9999   -9999   -9999   -9999   -9999   -9999   -9999   -9999   -9999   -9999   -9999   -9999   -9999   -9999   -9999   -9999   -9999   -9999   -9999   -9999   -9999   -9999   -9999   -9999   -9999   -9999   -9999   -9999   -9999   -9999   -9999   -9999   -9999   -9999   -9999   -9999   -9999   -9999   -9999   -9999   -9999   -9999   -9999   -9999   -9999   -9999   -9999   -9999   -9999   -9999   -9999   -9999   -9999   -9999   -9999   -9999   -9999   -9999   -9999   -9999   -9999   -9999   -9999   -9999   -9999   -9999   -9999   -9999   -9999   -9999   -9999   -9999   -9999   -9999   -9999   -9999   -9999
 -9999   -9999   -9999   -9999   -9999   -9999   -9999   -9999   -9999   -9999   -9999   -9999   -9999   -9999   -9999   -9999   -9999   -9999   -9999   -9999   -9999   -9999   2363.00   2367.00   2353.00   2347.09   2343.00   2343.00   2343.00   2332.00   2313.00   2303.00   2278.00   2286.00   2255.00   2242.00   2224.00   2192.00   2149.00   2131.00   2115.00   2101.00   2091.00   2076.00   2065.00   2061.00   2052.00   2052.00   2040.00   1997.00   2000.00   2004.00   1995.00   1928.00   1911.00   1934.00   1929.00   1872.00   1857.67   1857.67   1858.00   1853.00   1843.00   1839.00   1811.00   1810.00   1821.00   1809.00   1809.00   1790.49   1779.49   1785.00   1758.51   1760.00   1755.00   1747.00   1722.00   1731.99   1721.00   1715.51   1710.00   1689.00   1684.00   1673.00   1681.00   1661.00   1674.00   1656.00   1647.00   1649.00   1635.00   1620.51   1627.00   1618.00   1598.00   1592.49   1592.51   1580.00   1577.00   1592.00   1587.00   -9999   -9999   -9999   -9999   -9999   -9999   -9999   -9999   -9999   -9999   -9999   -9999   -9999   -9999   -9999   -9999   -9999   -9999   -9999   -9999   -9999   -9999   -9999   -9999   -9999   -9999   -9999   -9999   -9999   -9999   -9999   -9999   -9999   -9999   -9999   -9999   -9999   -9999   -9999   -9999   -9999   -9999   -9999   -9999   -9999   -9999   -9999   -9999   -9999   -9999   -9999   -9999   -9999   -9999   -9999   -9999   -9999   -9999   -9999   -9999   -9999   -9999   -9999   -9999   -9999   -9999   -9999   -9999   -9999   -9999   -9999   -9999   -9999   -9999   -9999   -9999   -9999   -9999
 -9999   -9999   -9999   -9999   -9999   -9999   -9999   -9999   -9999   -9999   -9999   -9999   -9999   -9999   -9999   -9999   -9999   -9999   -9999   -9999   -9999   -9999   2379.00   2376.00   2382.00   2367.00   2364.00   2388.00   2396.00   2332.00   2303.00   2312.00   2285.00   2278.00   2262.00   2230.00   2192.00   2201.00   2183.00   2117.00   2101.00   2105.00   2082.50   2065.00   2054.00   2035.00   2030.00   2020.00   2028.00   2013.00   1978.00   1986.00   1959.00   1951.00   1947.00   1961.00   1953.00   1916.00   1882.00   1876.00   1857.66   1824.00   1815.00   1812.00   1813.00   1790.00   1790.00   1799.00   1790.00   1790.51   1786.00   1758.49   1767.00   1754.00   1745.00   1739.00   1723.00   1719.00   1709.49   1715.49   1706.00   1689.00   1697.00   1678.00   1657.00   1668.00   1651.00   1644.00   1642.00   1640.00   1639.00   1624.00   1627.00   1621.00   1624.00   1605.00   1592.00   1592.00   1584.00   1576.00   1585.00   1586.00   -9999   -9999   -9999   -9999   -9999   -9999   -9999   -9999   -9999   -9999   -9999   -9999   -9999   -9999   -9999   -9999   -9999   -9999   -9999   -9999   -9999   -9999   -9999   -9999   -9999   -9999   -9999   -9999   -9999   -9999   -9999   -9999   -9999   -9999   -9999   -9999   -9999   -9999   -9999   -9999   -9999   -9999   -9999   -9999   -9999   -9999   -9999   -9999   -9999   -9999   -9999   -9999   -9999   -9999   -9999   -9999   -9999   -9999   -9999   -9999   -9999   -9999   -9999   -9999   -9999   -9999   -9999   -9999   -9999   -9999   -9999   -9999   -9999   -9999   -9999   -9999   -9999
 -9999   -9999   -9999   -9999   -9999   -9999   -9999   -9999   -9999   -9999   -9999   -9999   -9999   -9999   -9999   -9999   -9999   -9999   -9999   -9999   -9999   -9999   -9999   2384.00   2385.00   2379.00   2371.00   2389.00   2408.00   2391.00   2332.00   2303.00   2285.00   2258.00   2246.00   2232.00   2216.00   2188.50   2168.00   2149.00   2112.00   2095.00   2082.50   2062.00   2036.00   2024.00   2006.00   1997.00   1996.00   1980.99   1973.00   1972.00   1982.00   1961.00   1966.00   1973.00   1948.00   1926.00   1924.00   1915.00   1882.00   1830.00   1834.00   1816.00   1790.00   1812.00   1790.00   1774.00   1779.00   1775.00   1770.00   1755.00   1747.00   1734.00   1738.00   1731.00   1721.01   1721.00   1709.51   1701.00   1697.00   1695.00   1689.00   1675.00   1658.00   1644.00   1644.00   1640.00   1641.00   1622.00   1622.00   1622.00   1612.00   1622.00   1611.00   1612.00   1602.00   1603.00   1588.00   1568.00   1571.00   1578.00   1574.00   -9999   -9999   -9999   -9999   -9999   -9999   -9999   -9999   -9999   -9999   -9999   -9999   -9999   -9999   -9999   -9999   -9999   -9999   -9999   -9999   -9999   -9999   -9999   -9999   -9999   -9999   -9999   -9999   -9999   -9999   -9999   -9999   -9999   -9999   -9999   -9999   -9999   -9999   -9999   -9999   -9999   -9999   -9999   -9999   -9999   -9999   -9999   -9999   -9999   -9999   -9999   -9999   -9999   -9999   -9999   -9999   -9999   -9999   -9999   -9999   -9999   -9999   -9999   -9999   -9999   -9999   -9999   -9999   -9999   -9999   -9999   -9999   -9999   -9999   -9999   -9999
 -9999   -9999   -9999   -9999   -9999   -9999   -9999   -9999   -9999   -9999   -9999   -9999   -9999   -9999   -9999   -9999   -9999   -9999   -9999   -9999   -9999   -9999   -9999   2385.00   2381.00   2378.00   2364.00   2372.00   2399.00   2395.00   2385.00   2333.00   2310.00   2282.00   2259.00   2241.00   2220.00   2188.50   2168.00   2156.00   2132.00   2106.00   2085.00   2069.00   2090.00   2083.00   2034.00   2001.00   1981.01   1987.00   1991.00   1985.00   1992.00   1973.00   1970.00   1974.00   1957.00   1957.00   1940.00   1917.00   1911.00   1893.00   1880.00   1859.00   1809.00   1785.00   1785.00   1784.00   1761.00   1761.00   1764.00   1755.00   1759.00   1747.00   1725.00   1720.99   1712.00   1719.00   1714.00   1705.00   1691.00   1679.00   1681.00   1677.00   1667.00   1662.00   1641.00   1638.00   1629.00   1637.00   1634.00   1620.00   1617.00   1602.00   1600.00   1595.00   1595.00   1589.01   1585.00   1579.00   1562.00   1558.00   1571.00   1561.00   -9999   -9999   -9999   -9999   -9999   -9999   -9999   -9999   -9999   -9999   -9999   -9999   -9999   -9999   -9999   -9999   -9999   -9999   -9999   -9999   -9999   -9999   -9999   -9999   -9999   -9999   -9999   -9999   -9999   -9999   -9999   -9999   -9999   -9999   -9999   -9999   -9999   -9999   -9999   -9999   -9999   -9999   -9999   -9999   -9999   -9999   -9999   -9999   -9999   -9999   -9999   -9999   -9999   -9999   -9999   -9999   -9999   -9999   -9999   -9999   -9999   -9999   -9999   -9999   -9999   -9999   -9999   -9999   -9999   -9999   -9999   -9999   -9999   -9999   -9999
 -9999   -9999   -9999   -9999   -9999   -9999   -9999   -9999   -9999   -9999   -9999   -9999   -9999   -9999   -9999   -9999   -9999   -9999   -9999   -9999   2412.00   2390.00   2391.00   2386.00   2378.00   2365.00   2350.00   2377.00   2390.00   2392.00   2370.00   2355.00   2358.00   2341.00   2310.00   2269.00   2246.00   2225.00   2187.00   2150.00   2132.00   2103.00   2102.00   2100.00   2098.00   2078.00   2052.00   2024.00   1997.00   2000.00   1990.00   1993.00   1991.00   1977.00   1984.00   1977.00   1972.00   1960.00   1944.00   1900.00   1885.00   1889.00   1867.00   1852.00   1810.00   1797.00   1770.00   1778.00   1768.00   1750.00   1751.00   1749.00   1746.00   1743.00   1741.00   1717.00   1705.00   1705.00   1712.00   1688.00   1699.00   1686.00   1671.00   1668.00   1664.00   1663.00   1647.00   1639.49   1623.00   1618.00   1631.00   1624.00   1612.00   1605.00   1602.00   1585.00   1588.99   1587.00   1583.00   1580.00   1571.00   1560.00   1552.00   1562.00   1556.00   -9999   -9999   -9999   -9999   -9999   -9999   -9999   -9999   -9999   -9999   -9999   -9999   -9999   -9999   -9999   -9999   -9999   -9999   -9999   -9999   -9999   -9999   -9999   -9999   -9999   -9999   -9999   -9999   -9999   -9999   -9999   -9999   -9999   -9999   -9999   -9999   -9999   -9999   -9999   -9999   -9999   -9999   -9999   -9999   -9999   -9999   -9999   -9999   -9999   -9999   -9999   -9999   -9999   -9999   -9999   -9999   -9999   -9999   -9999   -9999   -9999   -9999   -9999   -9999   -9999   -9999   -9999   -9999   -9999   -9999   -9999   -9999   -9999   -9999
 -9999   -9999   -9999   -9999   -9999   -9999   -9999   -9999   -9999   -9999   -9999   -9999   -9999   -9999   -9999   -9999   -9999   -9999   -9999   -9999   -9999   2372.00   2373.00   2381.00   2379.00   2366.00   2341.00   2379.00   2386.00   2381.00   2389.00   2374.00   2362.00   2361.00   2337.00   2309.00   2283.00   2237.00   2182.00   2139.00   2143.00   2133.00   2134.00   2146.00   2124.00   2088.00   2059.00   2039.00   2024.00   2017.00   2016.00   2001.00   1999.00   1994.00   1981.00   1972.00   1943.00   1938.00   1906.00   1860.00   1854.00   1855.00   1832.00   1818.00   1789.00   1793.00   1780.00   1761.00   1769.00   1770.00   1745.00   1735.00   1739.00   1740.00   1736.00   1717.00   1713.00   1701.00   1685.00   1686.00   1676.00   1683.00   1676.00   1665.00   1654.00   1647.00   1649.00   1639.51   1638.00   1626.00   1608.00   1611.00   1598.00   1589.00   1585.00   1578.00   1566.00   1582.00   1578.00   1578.00   1575.00   1566.00   1555.00   1540.49   1540.51   1560.00   -9999   -9999   -9999   -9999   -9999   -9999   -9999   -9999   -9999   -9999   -9999   -9999   -9999   -9999   -9999   -9999   -9999   -9999   -9999   -9999   -9999   -9999   -9999   -9999   -9999   -9999   -9999   -9999   -9999   -9999   -9999   -9999   -9999   -9999   -9999   -9999   -9999   -9999   -9999   -9999   -9999   -9999   -9999   -9999   -9999   -9999   -9999   -9999   -9999   -9999   -9999   -9999   -9999   -9999   -9999   -9999   -9999   -9999   -9999   -9999   -9999   -9999   -9999   -9999   -9999   -9999   -9999   -9999   -9999   -9999   -9999   -9999   -9999
 -9999   -9999   -9999   -9999   -9999   -9999   -9999   -9999   -9999   -9999   -9999   -9999   -9999   -9999   -9999   -9999   -9999   -9999   -9999   -9999   -9999   2358.00   2351.00   2340.00   2346.00   2324.00   2313.33   2349.00   2358.00   2363.00   2372.00   2375.00   2366.00   2354.00   2341.00   2330.00   2319.00   2270.00   2222.00   2208.00   2181.00   2158.00   2159.00   2152.00   2114.00   2072.00   2060.00   2051.00   2043.00   2031.00   2017.00   2003.00   2000.00   1980.00   1958.00   1948.00   1913.00   1914.00   1910.00   1878.00   1854.00   1852.00   1856.00   1847.00   1819.00   1772.00   1772.00   1759.00   1749.01   1746.00   1752.00   1731.00   1724.00   1723.00   1731.00   1711.00   1712.00   1703.00   1689.00   1672.00   1683.00   1671.00   1665.00   1665.00   1662.00   1642.00   1628.00   1628.00   1624.00   1613.00   1612.00   1599.00   1589.00   1605.00   1603.00   1589.00   1566.00   1580.00   1570.00   1573.00   1568.00   1566.00   1557.00   1549.00   1537.00   1556.00   1557.00   -9999   -9999   -9999   -9999   -9999   -9999   -9999   -9999   -9999   -9999   -9999   -9999   -9999   -9999   -9999   -9999   -9999   -9999   -9999   -9999   -9999   -9999   -9999   -9999   -9999   -9999   -9999   -9999   -9999   -9999   -9999   -9999   -9999   -9999   -9999   -9999   -9999   -9999   -9999   -9999   -9999   -9999   -9999   -9999   -9999   -9999   -9999   -9999   -9999   -9999   -9999   -9999   -9999   -9999   -9999   -9999   -9999   -9999   -9999   -9999   -9999   -9999   -9999   -9999   -9999   -9999   -9999   -9999   -9999   -9999   -9999   -9999
 -9999   -9999   -9999   -9999   -9999   -9999   -9999   -9999   -9999   -9999   -9999   -9999   -9999   -9999   -9999   -9999   -9999   -9999   -9999   -9999   -9999   2370.00   2369.00   2339.00   2321.00   2313.34   2331.00   2313.33   2306.00   2318.00   2344.00   2338.00   2323.00   2341.00   2328.00   2318.00   2309.00   2281.00   2251.00   2197.00   2188.00   2170.00   2167.00   2143.00   2112.00   2068.00   2054.00   2040.00   2023.00   2011.00   2003.00   1975.00   1971.66   1941.00   1941.00   1930.00   1933.00   1909.00   1898.00   1895.00   1877.00   1863.00   1855.00   1854.00   1815.00   1807.00   1772.00   1771.00   1760.00   1748.99   1733.00   1746.00   1729.00   1712.00   1716.00   1712.00   1705.00   1700.00   1692.00   1676.49   1662.00   1652.00   1655.99   1656.01   1654.00   1648.00   1637.00   1615.00   1619.00   1611.00   1613.00   1609.00   1604.00   1597.00   1594.00   1588.00   1582.00   1564.00   1564.00   1562.00   1567.00   1563.00   1559.00   1556.00   1535.00   1536.00   1552.00   -9999   -9999   -9999   -9999   -9999   -9999   -9999   -9999   -9999   -9999   -9999   -9999   -9999   -9999   -9999   -9999   -9999   -9999   -9999   -9999   -9999   -9999   -9999   -9999   -9999   -9999   -9999   -9999   -9999   -9999   -9999   -9999   -9999   -9999   -9999   -9999   -9999   -9999   -9999   -9999   -9999   -9999   -9999   -9999   -9999   -9999   -9999   -9999   -9999   -9999   -9999   -9999   -9999   -9999   -9999   -9999   -9999   -9999   -9999   -9999   -9999   -9999   -9999   -9999   -9999   -9999   -9999   -9999   -9999   -9999   -9999   -9999
 -9999   -9999   -9999   -9999   -9999   -9999   -9999   -9999   -9999   -9999   -9999   -9999   -9999   -9999   -9999   -9999   -9999   -9999   -9999   -9999   -9999   -9999   2369.00   2355.00   2339.00   2320.00   2332.00   2326.00   2316.00   2305.00   2324.00   2324.00   2293.00   2286.00   2283.00   2302.00   2290.00   2279.00   2240.00   2191.00   2173.00   2149.00   2112.00   2085.00   2068.00   2065.00   2039.00   2024.00   2000.51   2000.49   1988.00   1971.67   1966.00   1941.00   1943.00   1935.00   1917.00   1913.00   1888.00   1879.00   1867.00   1869.00   1851.00   1845.00   1807.00   1798.00   1793.00   1772.00   1758.00   1752.00   1741.00   1721.01   1730.00   1707.00   1695.01   1710.00   1706.00   1688.51   1694.00   1676.51   1671.00   1666.00   1645.00   1645.00   1647.00   1641.00   1635.00   1624.99   1612.00   1607.00   1601.01   1608.00   1604.00   1591.00   1586.00   1591.00   1585.00   1579.00   1561.00   1549.00   1563.00   1562.00   1560.00   1556.00   1550.00   1529.00   1546.00   1548.00   1546.01   -9999   -9999   -9999   -9999   -9999   -9999   -9999   -9999   -9999   -9999   -9999   -9999   -9999   -9999   -9999   -9999   -9999   -9999   -9999   -9999   -9999   -9999   -9999   -9999   -9999   -9999   -9999   -9999   -9999   -9999   -9999   -9999   -9999   -9999   -9999   -9999   -9999   -9999   -9999   -9999   -9999   -9999   -9999   -9999   -9999   -9999   -9999   -9999   -9999   -9999   -9999   -9999   -9999   -9999   -9999   -9999   -9999   -9999   -9999   -9999   -9999   -9999   -9999   -9999   -9999   -9999   -9999   -9999   -9999   -9999
 -9999   -9999   -9999   -9999   -9999   -9999   -9999   -9999   -9999   -9999   -9999   -9999   -9999   -9999   -9999   -9999   -9999   -9999   -9999   -9999   2365.00   2374.00   2375.00   2356.00   2341.00   2336.00   2345.00   2283.00   2283.00   2303.00   2291.00   2290.00   2282.00   2260.00   2244.00   2269.00   2268.00   2265.00   2247.00   2234.00   2212.00   2177.00   2142.00   2115.00   2098.00   2081.00   2075.00   2068.00   2045.00   2045.00   2019.00   1971.67   1963.00   1946.00   1929.00   1914.00   1902.00   1895.00   1886.00   1870.00   1835.00   1828.00   1816.00   1812.00   1811.00   1785.00   1772.00   1764.00   1758.00   1746.00   1731.00   1733.00   1719.99   1709.00   1697.00   1694.99   1684.00   1688.49   1685.00   1679.00   1666.00   1661.00   1654.00   1626.00   1631.00   1629.00   1625.01   1626.00   1621.00   1614.00   1609.00   1600.99   1600.00   1592.00   1584.01   1585.00   1584.00   1579.00   1572.00   1570.00   1549.00   1561.00   1556.00   1552.00   1549.00   1544.00   1529.00   1545.99   1543.00   1541.00   -9999   -9999   -9999   -9999   -9999   -9999   -9999   -9999   -9999   -9999   -9999   -9999   -9999   -9999   -9999   -9999   -9999   -9999   -9999   -9999   -9999   -9999   -9999   -9999   -9999   -9999   -9999   -9999   -9999   -9999   -9999   -9999   -9999   -9999   -9999   -9999   -9999   -9999   -9999   -9999   -9999   -9999   -9999   -9999   -9999   -9999   -9999   -9999   -9999   -9999   -9999   -9999   -9999   -9999   -9999   -9999   -9999   -9999   -9999   -9999   -9999   -9999   -9999   -9999   -9999   -9999   -9999   -9999   -9999
 -9999   -9999   -9999   -9999   -9999   -9999   -9999   -9999   -9999   -9999   -9999   -9999   -9999   -9999   -9999   -9999   -9999   -9999   -9999   2359.00   2349.00   2348.00   2376.00   2355.00   2333.00   2322.00   2351.00   2314.00   2292.00   2281.00   2266.00   2264.00   2260.00   2273.00   2266.00   2244.00   2226.34   2226.33   2226.33   2213.00   2177.00   2192.00   2174.00   2154.00   2125.00   2103.00   2085.00   2068.00   2057.00   2041.00   2027.00   2003.00   1989.00   1973.00   1945.00   1920.00   1876.00   1871.00   1853.00   1833.00   1829.00   1813.00   1798.51   1789.00   1780.00   1786.00   1771.00   1760.00   1750.00   1757.00   1745.00   1733.00   1720.00   1718.00   1706.00   1696.00   1689.00   1662.01   1664.00   1676.00   1664.00   1654.51   1643.00   1636.00   1623.99   1624.00   1615.00   1615.00   1610.00   1614.00   1605.00   1591.00   1583.99   1584.00   1576.00   1575.00   1578.00   1576.00   1577.00   1568.00   1560.49   1547.00   1547.00   1550.00   1547.00   1544.00   1526.00   1529.00   1537.00   1534.00   1535.00   -9999   -9999   -9999   -9999   -9999   -9999   -9999   -9999   -9999   -9999   -9999   -9999   -9999   -9999   -9999   -9999   -9999   -9999   -9999   -9999   -9999   -9999   -9999   -9999   -9999   -9999   -9999   -9999   -9999   -9999   -9999   -9999   -9999   -9999   -9999   -9999   -9999   -9999   -9999   -9999   -9999   -9999   -9999   -9999   -9999   -9999   -9999   -9999   -9999   -9999   -9999   -9999   -9999   -9999   -9999   -9999   -9999   -9999   -9999   -9999   -9999   -9999   -9999   -9999   -9999   -9999   -9999   -9999
 -9999   -9999   -9999   -9999   -9999   -9999   -9999   -9999   -9999   -9999   -9999   -9999   -9999   -9999   -9999   -9999   -9999   -9999   -9999   2344.00   2345.00   2329.00   2350.00   2344.00   2336.00   2307.00   2324.00   2318.00   2292.00   2287.00   2279.00   2283.00   2289.00   2275.00   2266.00   2264.00   2267.00   2244.00   2234.00   2217.00   2176.00   2152.00   2165.00   2146.00   2122.00   2115.00   2097.00   2079.00   2055.00   2032.00   2016.00   1992.00   1986.00   1941.00   1938.00   1933.00   1920.00   1868.00   1837.00   1818.00   1807.00   1798.49   1801.00   1780.01   1778.00   1769.00   1764.00   1756.00   1735.51   1735.49   1737.00   1727.00   1714.00   1704.00   1699.00   1693.00   1691.00   1675.00   1661.99   1655.00   1654.49   1661.00   1648.00   1639.00   1624.01   1621.00   1612.00   1608.00   1597.01   1605.00   1605.00   1596.00   1593.00   1579.00   1574.00   1566.00   1570.00   1569.00   1565.00   1563.00   1560.51   1555.00   1548.00   1536.00   1542.00   1541.00   1530.00   1518.00   1529.00   1532.00   1530.51   1529.00   -9999   -9999   -9999   -9999   -9999   -9999   -9999   -9999   -9999   -9999   -9999   -9999   -9999   -9999   -9999   -9999   -9999   -9999   -9999   -9999   -9999   -9999   -9999   -9999   -9999   -9999   -9999   -9999   -9999   -9999   -9999   -9999   -9999   -9999   -9999   -9999   -9999   -9999   -9999   -9999   -9999   -9999   -9999   -9999   -9999   -9999   -9999   -9999   -9999   -9999   -9999   -9999   -9999   -9999   -9999   -9999   -9999   -9999   -9999   -9999   -9999   -9999   -9999   -9999   -9999   -9999   -9999
 -9999   -9999   -9999   -9999   -9999   -9999   -9999   -9999   -9999   -9999   -9999   -9999   -9999   -9999   -9999   -9999   -9999   -9999   -9999   2323.00   2345.00   2320.00   2340.00   2331.00   2325.00   2299.00   2325.00   2305.00   2287.00   2279.00   2265.00   2254.00   2250.00   2244.00   2229.00   2251.00   2266.00   2255.00   2212.00   2183.00   2163.00   2124.00   2127.00   2126.00   2102.00   2110.00   2093.00   2079.00   2053.00   2024.00   2011.00   2000.00   1983.00   1947.00   1898.00   1873.00   1868.00   1872.00   1852.00   1839.00   1837.00   1828.00   1790.00   1779.99   1769.00   1764.00   1754.00   1748.00   1743.00   1737.00   1722.00   1722.00   1718.00   1704.00   1702.00   1689.00   1686.00   1680.00   1666.00   1669.00   1643.00   1632.00   1639.00   1635.00   1629.00   1625.00   1611.00   1596.99   1591.00   1598.00   1601.00   1596.00   1591.00   1586.00   1575.00   1566.00   1560.00   1562.00   1562.00   1558.51   1555.00   1554.00   1553.00   1547.00   1533.00   1538.00   1538.00   1523.00   1516.00   1530.49   1528.00   1526.00   1526.00   -9999   -9999   -9999   -9999   -9999   -9999   -9999   -9999   -9999   -9999   -9999   -9999   -9999   -9999   -9999   -9999   -9999   -9999   -9999   -9999   -9999   -9999   -9999   -9999   -9999   -9999   -9999   -9999   -9999   -9999   -9999   -9999   -9999   -9999   -9999   -9999   -9999   -9999   -9999   -9999   -9999   -9999   -9999   -9999   -9999   -9999   -9999   -9999   -9999   -9999   -9999   -9999   -9999   -9999   -9999   -9999   -9999   -9999   -9999   -9999   -9999   -9999   -9999   -9999   -9999   -9999
 -9999   -9999   -9999   -9999   -9999   -9999   -9999   -9999   -9999   -9999   -9999   -9999   -9999   -9999   -9999   -9999   -9999   -9999   -9999   2295.00   2310.00   2303.00   2330.00   2311.00   2297.00   2281.00   2311.00   2311.00   2295.00   2279.00   2265.00   2250.00   2262.00   2258.00   2240.00   2220.00   2236.00   2252.00   2237.00   2204.00   2182.00   2154.00   2107.00   2095.00   2062.00   2072.00   2051.00   2052.00   2025.00   2025.00   1999.00   2001.00   1983.00   1946.00   1920.00   1889.00   1879.00   1870.00   1843.00   1841.00   1830.00   1823.00   1815.00   1797.00   1769.00   1760.00   1743.00   1732.51   1729.00   1728.00   1716.00   1707.00   1715.00   1702.00   1694.00   1682.00   1678.00   1670.00   1675.00   1662.00   1655.00   1640.00   1620.00   1631.00   1622.00   1617.00   1612.00   1600.00   1586.00   1591.00   1596.00   1594.00   1590.00   1582.00   1577.00   1571.00   1567.00   1556.00   1558.49   1557.00   1558.00   1552.00   1552.00   1549.00   1542.00   1528.51   1536.00   1535.00   1528.00   1515.49   1526.00   1524.00   1524.00   -9999   -9999   -9999   -9999   -9999   -9999   -9999   -9999   -9999   -9999   -9999   -9999   -9999   -9999   -9999   -9999   -9999   -9999   -9999   -9999   -9999   -9999   -9999   -9999   -9999   -9999   -9999   -9999   -9999   -9999   -9999   -9999   -9999   -9999   -9999   -9999   -9999   -9999   -9999   -9999   -9999   -9999   -9999   -9999   -9999   -9999   -9999   -9999   -9999   -9999   -9999   -9999   -9999   -9999   -9999   -9999   -9999   -9999   -9999   -9999   -9999   -9999   -9999   -9999   -9999   -9999
 -9999   -9999   -9999   -9999   -9999   -9999   -9999   -9999   -9999   -9999   -9999   2277.00   2268.00   -9999   -9999   -9999   -9999   -9999   -9999   2295.00   2285.00   2275.00   2302.00   2294.00   2282.00   2277.00   2308.00   2301.00   2305.00   2292.00   2275.00   2264.00   2252.00   2251.00   2250.00   2234.00   2208.00   2211.00   2214.00   2222.00   2200.00   2160.00   2135.00   2099.00   2072.00   2017.00   2017.00   2015.00   1975.00   1956.00   1935.00   1949.00   1922.00   1918.00   1925.00   1916.00   1905.00   1891.00   1877.00   1875.00   1851.00   1841.00   1827.00   1805.00   1796.00   1787.00   1786.00   1773.00   1732.49   1723.00   1715.00   1692.00   1697.00   1703.00   1694.00   1680.00   1669.00   1658.00   1668.00   1660.00   1654.00   1641.00   1627.00   1614.00   1599.00   1597.00   1598.00   1599.00   1582.00   1573.00   1578.00   1589.00   1584.00   1583.00   1573.00   1572.00   1567.00   1565.00   1554.00   1551.00   1553.00   1552.00   1549.00   1546.00   1545.00   1528.49   1532.00   1532.00   1529.00   1515.51   1511.00   1522.00   1522.00   -9999   -9999   -9999   -9999   -9999   -9999   -9999   -9999   -9999   -9999   -9999   -9999   -9999   -9999   -9999   -9999   -9999   -9999   -9999   -9999   -9999   -9999   -9999   -9999   -9999   -9999   -9999   -9999   -9999   -9999   -9999   -9999   -9999   -9999   -9999   -9999   -9999   -9999   -9999   -9999   -9999   -9999   -9999   -9999   -9999   -9999   -9999   -9999   -9999   -9999   -9999   -9999   -9999   -9999   -9999   -9999   -9999   -9999   -9999   -9999   -9999   -9999   -9999   -9999   -9999   -9999
 -9999   -9999   -9999   -9999   -9999   -9999   -9999   -9999   -9999   -9999   -9999   2279.00   2261.00   2268.00   -9999   -9999   -9999   -9999   -9999   -9999   2296.00   2270.34   2291.00   2289.00   2263.00   2275.00   2304.00   2291.00   2301.00   2298.00   2289.00   2268.00   2252.00   2254.00   2242.00   2228.00   2202.00   2184.00   2165.00   2196.00   2183.00   2169.00   2120.00   2082.00   2055.00   2017.00   2009.00   2006.00   1956.00   1969.00   1926.00   1918.00   1900.00   1886.00   1879.00   1875.00   1873.00   1873.00   1869.00   1868.00   1857.00   1842.00   1837.00   1830.00   1805.00   1784.00   1784.00   1769.00   1754.00   1728.00   1714.00   1692.00   1689.00   1678.00   1693.00   1678.00   1665.00   1667.00   1632.38   1632.38   1632.38   1638.00   1629.00   1620.00   1620.00   1610.00   1593.00   1591.00   1581.00   1588.00   1568.51   1572.00   1582.00   1572.00   1574.00   1570.00   1565.00   1563.00   1563.00   1546.00   1550.00   1551.00   1547.00   1546.00   1540.00   1535.99   1522.00   1530.00   1526.00   1526.00   1515.00   1511.00   1523.00   1519.00   -9999   -9999   -9999   -9999   -9999   -9999   -9999   -9999   -9999   -9999   -9999   -9999   -9999   -9999   -9999   -9999   -9999   -9999   -9999   -9999   -9999   -9999   -9999   -9999   -9999   -9999   -9999   -9999   -9999   -9999   -9999   -9999   -9999   -9999   -9999   -9999   -9999   -9999   -9999   -9999   -9999   -9999   -9999   -9999   -9999   -9999   -9999   -9999   -9999   -9999   -9999   -9999   -9999   -9999   -9999   -9999   -9999   -9999   -9999   -9999   -9999   -9999   -9999   -9999   -9999
 -9999   -9999   -9999   -9999   -9999   -9999   -9999   -9999   -9999   -9999   -9999   2278.00   2239.00   2256.00   2234.00   2243.00   -9999   -9999   -9999   2300.00   2295.00   2276.00   2270.33   2270.33   2257.00   2267.00   2275.00   2266.00   2293.00   2276.00   2272.00   2254.00   2243.00   2215.00   2203.00   2203.00   2179.00   2180.00   2168.00   2152.00   2151.00   2125.00   2101.00   2064.00   2058.00   2034.00   2009.00   2009.00   1984.00   1956.00   1926.00   1900.00   1909.00   1890.00   1893.00   1879.00   1865.00   1854.34   1844.00   1837.00   1827.00   1802.00   1811.00   1818.00   1798.00   1780.00   1766.00   1771.00   1761.00   1749.00   1736.00   1718.00   1703.00   1682.00   1667.51   1667.49   1632.37   1632.38   1657.00   1648.00   1640.00   1632.38   1625.99   1615.00   1616.00   1613.00   1607.00   1597.00   1591.00   1589.00   1585.00   1568.49   1569.00   1566.00   1556.00   1562.00   1560.00   1555.00   1553.00   1550.49   1540.00   1549.00   1548.00   1542.00   1536.01   1533.00   1519.00   1525.00   1525.00   1523.00   1517.00   1505.01   1515.00   1518.00   1517.00   -9999   -9999   -9999   -9999   -9999   -9999   -9999   -9999   -9999   -9999   -9999   -9999   -9999   -9999   -9999   -9999   -9999   -9999   -9999   -9999   -9999   -9999   -9999   -9999   -9999   -9999   -9999   -9999   -9999   -9999   -9999   -9999   -9999   -9999   -9999   -9999   -9999   -9999   -9999   -9999   -9999   -9999   -9999   -9999   -9999   -9999   -9999   -9999   -9999   -9999   -9999   -9999   -9999   -9999   -9999   -9999   -9999   -9999   -9999   -9999   -9999   -9999   -9999   -9999
 -9999   -9999   -9999   -9999   -9999   -9999   -9999   -9999   -9999   -9999   -9999   2259.00   2225.00   2231.00   2214.00   2226.00   2238.00   2244.00   2290.00   2291.00   2293.00   2283.50   2299.00   2276.00   2250.00   2280.00   2281.00   2252.00   2265.00   2261.00   2260.00   2246.00   2223.00   2199.00   2190.00   2168.00   2144.00   2155.00   2168.00   2132.00   2130.00   2126.00   2097.00   2087.00   2062.00   2034.00   2017.00   2001.00   1984.00   1985.00   1976.00   1926.00   1900.00   1888.00   1873.00   1873.00   1854.34   1852.67   1844.00   1831.51   1818.51   1805.00   1793.00   1786.00   1798.00   1785.00   1766.00   1754.00   1754.00   1752.00   1745.00   1733.00   1710.00   1691.00   1684.00   1671.00   1671.00   1632.37   1651.00   1650.00   1637.00   1638.00   1626.01   1620.00   1609.00   1612.00   1603.00   1595.00   1588.00   1585.00   1579.00   1578.49   1562.00   1549.00   1543.51   1545.00   1558.00   1551.00   1550.51   1548.00   1542.00   1535.00   1546.00   1540.00   1533.00   1529.00   1518.00   1523.00   1525.00   1522.00   1520.00   1504.67   1504.67   1509.00   1516.00   1513.00   -9999   -9999   -9999   -9999   -9999   -9999   -9999   -9999   -9999   -9999   -9999   -9999   -9999   -9999   -9999   -9999   -9999   -9999   -9999   -9999   -9999   -9999   -9999   -9999   -9999   -9999   -9999   -9999   -9999   -9999   -9999   -9999   -9999   -9999   -9999   -9999   -9999   -9999   -9999   -9999   -9999   -9999   -9999   -9999   -9999   -9999   -9999   -9999   -9999   -9999   -9999   -9999   -9999   -9999   -9999   -9999   -9999   -9999   -9999   -9999   -9999   -9999   -9999
 -9999   -9999   -9999   -9999   -9999   -9999   -9999   -9999   -9999   -9999   -9999   2242.00   2214.00   2206.00   2208.00   2221.00   2236.00   2240.00   2265.00   2284.00   2301.00   2285.00   2283.50   2267.00   2250.00   2282.00   2281.00   2263.00   2245.00   2244.00   2240.00   2230.00   2214.00   2189.00   2178.00   2174.00   2149.00   2134.00   2136.00   2146.00   2134.00   2100.00   2084.00   2084.00   2067.00   2030.00   2011.00   2013.00   1999.00   1969.00   1958.00   1950.00   1918.00   1916.00   1902.00   1887.00   1868.00   1852.65   1844.00   1831.49   1818.49   1800.00   1789.00   1784.00   1778.51   1772.00   1766.00   1762.00   1742.00   1726.00   1734.00   1729.00   1718.00   1694.00   1680.00   1669.00   1658.00   1655.00   1632.36   1627.00   1622.00   1618.00   1620.00   1615.00   1606.00   1601.00   1600.00   1591.00   1583.00   1585.00   1578.51   1577.00   1578.00   1571.00   1562.00   1543.49   1546.00   1552.00   1550.01   1548.00   1547.00   1534.00   1534.00   1538.00   1527.00   1526.00   1525.00   1514.00   1523.00   1521.00   1518.00   1513.00   1506.00   1504.65   1509.00   1511.00   1509.00   1507.00   1506.00   -9999   -9999   -9999   -9999   -9999   -9999   -9999   -9999   -9999   -9999   -9999   -9999   -9999   -9999   -9999   -9999   -9999   -9999   -9999   -9999   -9999   -9999   -9999   -9999   -9999   -9999   -9999   -9999   -9999   -9999   -9999   -9999   -9999   -9999   -9999   -9999   -9999   -9999   -9999   -9999   -9999   -9999   -9999   -9999   -9999   -9999   -9999   -9999   -9999   -9999   -9999   -9999   -9999   -9999   -9999   -9999   -9999   -9999   -9999   -9999
 -9999   -9999   -9999   -9999   -9999   -9999   -9999   -9999   -9999   -9999   -9999   2235.00   2224.00   2203.00   2199.00   2226.00   2243.00   2225.00   2236.00   2262.00   2288.00   2285.00   2300.00   2285.00   2250.00   2277.00   2258.00   2243.00   2220.00   2212.00   2218.00   2212.00   2214.00   2166.00   2163.00   2152.00   2144.00   2139.00   2126.00   2129.00   2111.00   2111.00   2102.00   2077.00   2062.00   2025.00   2008.00   2000.00   1995.00   1985.00   1965.00   1960.00   1937.00   1920.00   1902.00   1893.00   1893.00   1880.00   1866.00   1835.00   1821.00   1810.00   1786.00   1778.49   1774.00   1770.00   1759.51   1742.00   1751.00   1738.26   1724.00   1710.00   1692.00   1675.00   1670.00   1662.00   1648.00   1649.00   1651.00   1640.00   1636.00   1619.00   1607.00   1604.00   1600.00   1591.00   1586.49   1593.00   1581.51   1580.25   1575.00   1573.00   1575.00   1567.00   1561.00   1558.00   1538.51   1549.99   1550.00   1547.00   1542.00   1539.00   1533.00   1526.00   1523.00   1518.01   1521.00   1521.00   1513.00   1517.00   1517.00   1513.00   1512.00   1510.00   1497.67   1506.00   1507.00   1504.00   1503.00   1501.00   -9999   -9999   -9999   -9999   -9999   -9999   -9999   -9999   -9999   -9999   -9999   -9999   -9999   -9999   -9999   -9999   -9999   -9999   -9999   -9999   -9999   -9999   -9999   -9999   -9999   -9999   -9999   -9999   -9999   -9999   -9999   -9999   -9999   -9999   -9999   -9999   -9999   -9999   -9999   -9999   -9999   -9999   -9999   -9999   -9999   -9999   -9999   -9999   -9999   -9999   -9999   -9999   -9999   -9999   -9999   -9999   -9999   -9999   -9999
 -9999   -9999   -9999   -9999   -9999   -9999   -9999   -9999   -9999   -9999   -9999   2228.00   2232.00   2200.00   2195.00   2224.00   2232.00   2217.00   2219.00   2237.00   2272.00   2283.00   2284.00   2264.00   2243.00   2243.00   2243.00   2245.00   2217.00   2203.00   2196.00   2172.00   2166.00   2152.00   2133.00   2132.00   2110.00   2105.00   2096.00   2096.00   2094.00   2089.00   2090.00   2079.00   2042.00   2028.00   2012.00   1992.00   1976.00   1990.00   1965.01   1953.00   1938.00   1932.00   1925.00   1904.00   1883.00   1876.00   1871.00   1856.00   1828.00   1817.00   1805.00   1785.00   1770.00   1770.00   1759.49   1742.00   1738.25   1742.00   1729.00   1709.00   1693.00   1670.00   1653.00   1666.00   1651.00   1632.00   1637.00   1636.00   1634.00   1625.00   1616.00   1611.00   1607.00   1598.00   1586.51   1580.00   1580.24   1575.00   1574.00   1568.00   1566.00   1565.00   1560.00   1554.00   1538.49   1540.00   1551.00   1543.00   1539.00   1537.00   1536.00   1535.00   1534.00   1530.00   1517.99   1513.00   1508.00   1512.00   1518.00   1515.00   1510.00   1505.00   1500.00   1497.67   1506.00   1502.00   1498.00   1499.00   1498.00   1495.00   -9999   -9999   -9999   -9999   -9999   -9999   -9999   -9999   -9999   -9999   -9999   -9999   -9999   -9999   -9999   -9999   -9999   -9999   -9999   -9999   -9999   -9999   -9999   -9999   -9999   -9999   -9999   -9999   -9999   -9999   -9999   -9999   -9999   -9999   -9999   -9999   -9999   -9999   -9999   -9999   -9999   -9999   -9999   -9999   -9999   -9999   -9999   -9999   -9999   -9999   -9999   -9999   -9999   -9999   -9999   -9999   -9999
 -9999   -9999   -9999   -9999   -9999   -9999   -9999   -9999   -9999   -9999   -9999   -9999   2237.00   2194.00   2192.00   2210.00   2218.00   2223.00   2214.00   2225.00   2261.00   2293.00   2285.00   2282.00   2263.00   2266.00   2243.00   2227.00   2203.00   2206.00   2189.00   2178.00   2160.00   2158.00   2120.00   2116.00   2108.00   2092.00   2084.00   2072.00   2049.00   2067.00   2061.00   2062.00   2045.00   2044.00   2025.00   2000.00   1980.00   1964.99   1965.00   1930.00   1917.00   1909.00   1900.00   1895.00   1872.00   1864.00   1856.00   1854.00   1840.00   1828.00   1828.00   1818.00   1806.00   1802.00   1779.00   1749.00   1738.25   1738.24   1709.00   1723.00   1701.76   1691.00   1672.00   1647.00   1642.00   1640.00   1623.00   1627.00   1630.00   1622.00   1614.00   1606.00   1605.00   1599.00   1595.00   1586.00   1572.00   1569.00   1572.00   1565.00   1558.00   1559.00   1557.00   1553.00   1549.00   1534.51   1543.00   1540.00   1537.00   1536.00   1535.00   1535.00   1532.00   1529.00   1526.00   1520.00   1506.00   1512.00   1517.00   1516.00   1511.00   1506.00   1507.00   1500.00   1497.66   1502.00   1498.00   1497.00   1496.00   1494.00   1492.00   -9999   -9999   -9999   -9999   -9999   -9999   -9999   -9999   -9999   -9999   -9999   -9999   -9999   -9999   -9999   -9999   -9999   -9999   -9999   -9999   -9999   -9999   -9999   -9999   -9999   -9999   -9999   -9999   -9999   -9999   -9999   -9999   -9999   -9999   -9999   -9999   -9999   -9999   -9999   -9999   -9999   -9999   -9999   -9999   -9999   -9999   -9999   -9999   -9999   -9999   -9999   -9999   -9999   -9999   -9999   -9999
 -9999   -9999   -9999   -9999   -9999   -9999   -9999   -9999   -9999   -9999   -9999   -9999   2240.00   2191.00   2176.00   2194.00   2210.00   2213.00   2203.00   2207.00   2243.00   2287.00   2293.00   2294.00   2275.00   2294.00   2269.00   2236.00   2180.00   2167.00   2165.00   2161.00   2146.00   2132.00   2120.00   2095.00   2086.00   2081.50   2081.50   2063.00   2026.00   2037.00   2033.00   2043.00   2030.00   2007.00   2000.00   1999.00   1977.00   1956.00   1930.00   1932.00   1911.00   1910.00   1907.00   1900.00   1889.00   1876.00   1862.00   1834.00   1823.00   1809.51   1821.00   1814.51   1812.00   1807.00   1800.00   1788.00   1781.00   1768.00   1728.00   1701.75   1717.00   1711.00   1690.00   1668.00   1628.00   1636.00   1627.00   1620.00   1621.00   1614.00   1613.00   1607.00   1595.00   1596.00   1591.00   1584.00   1581.00   1572.00   1556.00   1553.00   1548.67   1548.67   1553.00   1549.00   1546.00   1540.00   1534.49   1545.00   1537.00   1532.00   1533.00   1534.00   1531.00   1527.00   1524.00   1520.00   1511.00   1503.51   1515.00   1512.00   1507.00   1503.00   1503.00   1503.00   1495.00   1501.00   1497.00   1496.00   1494.00   1493.00   1491.00   1489.00   -9999   -9999   -9999   -9999   -9999   -9999   -9999   -9999   -9999   -9999   -9999   -9999   -9999   -9999   -9999   -9999   -9999   -9999   -9999   -9999   -9999   -9999   -9999   -9999   -9999   -9999   -9999   -9999   -9999   -9999   -9999   -9999   -9999   -9999   -9999   -9999   -9999   -9999   -9999   -9999   -9999   -9999   -9999   -9999   -9999   -9999   -9999   -9999   -9999   -9999   -9999   -9999   -9999   -9999   -9999
 -9999   -9999   -9999   -9999   -9999   -9999   -9999   -9999   -9999   -9999   -9999   -9999   2233.00   2176.00   2176.00   2176.00   2194.00   2210.00   2185.00   2188.00   2195.00   2266.00   2292.00   2298.00   2273.00   2272.00   2243.00   2214.00   2187.00   2158.00   2141.00   2144.00   2130.00   2114.00   2100.00   2093.00   2078.00   2064.00   2069.00   2053.00   2039.00   2014.00   2020.00   2013.00   2031.00   1999.00   1976.00   1971.00   1970.00   1936.00   1920.00   1918.00   1891.00   1885.00   1883.00   1882.00   1887.00   1873.00   1862.00   1859.00   1843.00   1809.49   1814.49   1808.00   1805.00   1794.00   1792.00   1790.00   1778.00   1767.00   1757.00   1733.00   1701.75   1701.74   1688.00   1628.00   1648.00   1620.99   1621.01   1623.00   1613.00   1612.00   1602.00   1606.00   1595.00   1590.00   1583.00   1579.00   1579.00   1575.00   1572.00   1567.00   1560.00   1548.66   1545.00   1549.00   1549.00   1539.00   1526.00   1532.00   1536.00   1529.00   1528.00   1528.00   1527.00   1528.00   1523.00   1517.00   1512.00   1501.50   1501.49   1507.00   1504.00   1499.00   1494.00   1493.00   1492.00   1496.00   1495.00   1491.00   1491.00   1493.00   1490.00   1488.00   1488.00   1486.00   -9999   -9999   -9999   -9999   -9999   -9999   -9999   -9999   -9999   -9999   -9999   -9999   -9999   -9999   -9999   -9999   -9999   -9999   -9999   -9999   -9999   -9999   -9999   -9999   -9999   -9999   -9999   -9999   -9999   -9999   -9999   -9999   -9999   -9999   -9999   -9999   -9999   -9999   -9999   -9999   -9999   -9999   -9999   -9999   -9999   -9999   -9999   -9999   -9999   -9999   -9999   -9999   -9999
 -9999   -9999   -9999   -9999   -9999   -9999   -9999   -9999   -9999   -9999   -9999   -9999   2231.00   2180.00   2182.00   2174.00   2185.00   2202.00   2172.00   2173.00   2181.00   2239.00   2279.00   2290.00   2284.00   2268.00   2213.00   2186.00   2185.00   2170.00   2141.00   2117.00   2102.00   2102.00   2088.00   2073.00   2066.00   2056.00   2034.49   2034.51   2017.00   2005.00   1986.00   1999.00   2001.00   1994.00   1990.00   1973.00   1959.00   1937.00   1943.00   1947.00   1932.00   1911.00   1890.00   1872.00   1861.00   1847.00   1856.00   1863.00   1849.00   1843.00   1801.00   1803.00   1802.00   1799.00   1786.00   1779.00   1774.00   1766.00   1743.00   1742.00   1734.00   1708.00   1695.00   1673.00   1628.00   1615.00   1624.00   1613.51   1610.00   1605.00   1595.00   1597.00   1594.00   1585.00   1581.00   1574.00   1572.00   1571.00   1566.00   1569.00   1564.00   1559.00   1548.00   1542.00   1539.00   1541.00   1534.00   1520.51   1520.49   1526.00   1525.00   1526.00   1523.00   1521.00   1523.00   1517.00   1513.00   1501.50   1502.00   1501.00   1496.00   1495.00   1493.00   1493.00   1488.00   1489.00   1492.00   1487.00   1489.00   1489.00   1487.00   1487.00   1486.00   1485.00   1485.00   1483.00   -9999   -9999   -9999   -9999   -9999   -9999   -9999   -9999   -9999   -9999   -9999   -9999   -9999   -9999   -9999   -9999   -9999   -9999   -9999   -9999   -9999   -9999   -9999   -9999   -9999   -9999   -9999   -9999   -9999   -9999   -9999   -9999   -9999   -9999   -9999   -9999   -9999   -9999   -9999   -9999   -9999   -9999   -9999   -9999   -9999   -9999   -9999   -9999   -9999   -9999   -9999
 -9999   -9999   -9999   -9999   -9999   -9999   -9999   -9999   -9999   -9999   -9999   -9999   -9999   -9999   2188.00   2183.00   2170.00   2184.00   2162.00   2148.00   2173.00   2210.00   2258.00   2278.00   2290.00   2289.00   2254.00   2181.00   2172.00   2167.00   2158.00   2142.00   2112.00   2094.00   2069.00   2061.00   2040.00   2047.00   2023.00   2025.00   2011.00   1995.00   1967.00   1967.00   1975.00   1971.00   1967.00   1991.00   1985.00   1972.00   1956.00   1939.00   1930.00   1932.00   1908.00   1881.00   1865.00   1862.00   1847.00   1837.00   1839.00   1839.00   1824.00   1801.00   1790.00   1789.00   1779.00   1776.00   1769.00   1763.00   1752.00   1742.00   1715.00   1693.00   1687.00   1675.00   1664.00   1615.00   1613.49   1613.00   1604.00   1603.00   1601.00   1584.51   1589.00   1586.00   1581.00   1576.00   1565.00   1563.00   1561.00   1557.00   1555.00   1558.00   1554.00   1549.00   1544.00   1536.00   1528.00   1527.00   1525.00   1515.00   1525.00   1523.00   1521.00   1518.00   1518.00   1514.00   1511.00   1504.00   1504.00   1506.00   1503.00   1502.00   1501.00   1498.00   1488.00   1487.00   1490.00   1486.00   1484.00   1484.00   1482.00   1484.00   1483.00   1483.00   1482.00   1482.00   1482.00   -9999   -9999   -9999   -9999   -9999   -9999   -9999   -9999   -9999   -9999   -9999   -9999   -9999   -9999   -9999   -9999   -9999   -9999   -9999   -9999   -9999   -9999   -9999   -9999   -9999   -9999   -9999   -9999   -9999   -9999   -9999   -9999   -9999   -9999   -9999   -9999   -9999   -9999   -9999   -9999   -9999   -9999   -9999   -9999   -9999   -9999   -9999   -9999   -9999   -9999
 -9999   -9999   -9999   -9999   -9999   -9999   -9999   -9999   -9999   -9999   -9999   -9999   -9999   -9999   2184.00   2180.00   2168.00   2175.00   2169.00   2133.34   2152.00   2206.00   2259.00   2269.00   2291.00   2286.00   2257.00   2193.00   2170.00   2162.00   2166.00   2152.00   2120.00   2101.00   2080.00   2056.00   2041.00   2026.00   2018.00   2005.51   1995.00   1992.00   1985.00   1975.00   1955.00   1953.49   1953.51   1948.00   1963.00   1986.00   1976.00   1954.00   1944.00   1929.00   1892.00   1877.00   1853.01   1852.99   1847.00   1822.00   1816.00   1828.00   1829.00   1814.00   1807.00   1797.00   1785.00   1761.00   1750.00   1736.00   1719.00   1732.00   1728.00   1690.00   1679.00   1668.00   1664.00   1637.00   1602.00   1599.00   1605.00   1599.00   1593.00   1584.49   1580.00   1576.00   1576.00   1570.00   1557.00   1556.00   1556.00   1553.00   1554.00   1552.00   1550.00   1550.00   1545.00   1542.00   1539.00   1531.00   1528.00   1512.51   1512.49   1516.00   1511.00   1513.00   1515.00   1515.00   1511.00   1508.00   1505.00   1504.00   1502.00   1501.00   1500.00   1497.00   1491.00   1483.00   1484.00   1485.00   1483.00   1482.00   1480.00   1477.00   1481.00   1481.00   1481.00   1480.00   1479.00   1480.00   -9999   -9999   -9999   -9999   -9999   -9999   -9999   -9999   -9999   -9999   -9999   -9999   -9999   -9999   -9999   -9999   -9999   -9999   -9999   -9999   -9999   -9999   -9999   -9999   -9999   -9999   -9999   -9999   -9999   -9999   -9999   -9999   -9999   -9999   -9999   -9999   -9999   -9999   -9999   -9999   -9999   -9999   -9999   -9999   -9999   -9999   -9999   -9999   -9999
 -9999   -9999   -9999   -9999   -9999   -9999   -9999   -9999   -9999   -9999   -9999   -9999   -9999   -9999   2179.00   2177.00   2168.00   2174.00   2169.00   2133.34   2135.00   2180.00   2248.00   2256.00   2273.00   2271.00   2258.00   2216.00   2185.00   2156.00   2162.00   2134.00   2113.00   2104.00   2080.00   2060.00   2031.00   2012.00   2005.24   2008.00   1992.00   1966.00   1957.00   1967.00   1964.00   1945.00   1951.00   1945.00   1959.00   1979.00   1981.00   1967.00   1950.00   1931.00   1911.00   1899.00   1873.00   1851.00   1824.00   1806.00   1797.00   1801.00   1820.00   1815.00   1808.00   1798.00   1789.00   1776.00   1769.00   1758.00   1736.00   1700.00   1717.00   1700.00   1677.00   1660.00   1638.00   1620.00   1620.00   1604.00   1596.00   1599.00   1592.00   1590.00   1580.00   1570.51   1565.00   1565.00   1556.00   1550.00   1549.00   1547.00   1546.00   1547.00   1547.00   1546.00   1545.00   1541.00   1535.00   1529.00   1524.00   1520.00   1518.00   1512.00   1507.00   1502.51   1502.49   1508.00   1508.00   1509.00   1508.00   1504.00   1500.00   1498.00   1497.00   1495.00   1491.00   1483.00   1476.51   1476.49   1479.00   1481.00   1480.00   1481.00   1469.00   1469.00   1475.00   1477.00   1477.00   1477.00   1478.00   -9999   -9999   -9999   -9999   -9999   -9999   -9999   -9999   -9999   -9999   -9999   -9999   -9999   -9999   -9999   -9999   -9999   -9999   -9999   -9999   -9999   -9999   -9999   -9999   -9999   -9999   -9999   -9999   -9999   -9999   -9999   -9999   -9999   -9999   -9999   -9999   -9999   -9999   -9999   -9999   -9999   -9999   -9999   -9999   -9999   -9999   -9999   -9999
 -9999   -9999   -9999   -9999   -9999   -9999   -9999   -9999   -9999   -9999   -9999   -9999   -9999   -9999   2177.00   2173.00   2168.00   2169.00   2169.00   2133.34   2132.75   2179.00   2236.00   2243.00   2247.00   2257.00   2254.00   2216.00   2178.00   2148.00   2151.00   2135.00   2117.00   2097.00   2075.00   2047.00   2031.00   2005.25   1983.00   1973.99   1961.00   1954.00   1949.00   1933.00   1941.00   1926.00   1939.00   1957.00   1962.00   1977.00   1963.00   1951.00   1950.00   1945.00   1926.00   1896.00   1867.00   1856.00   1823.00   1783.00   1767.51   1767.49   1809.00   1809.00   1804.00   1791.00   1788.00   1782.00   1768.00   1761.00   1737.00   1690.00   1690.00   1689.00   1671.00   1662.84   1651.00   1633.00   1622.00   1611.00   1597.00   1584.00   1579.00   1574.00   1570.49   1577.00   1573.00   1560.00   1548.00   1553.00   1550.00   1545.00   1540.00   1542.00   1542.00   1542.00   1542.00   1538.00   1535.00   1535.00   1529.00   1521.00   1518.00   1519.00   1517.00   1513.00   1504.00   1497.00   1502.00   1506.00   1507.00   1505.00   1500.00   1495.00   1494.00   1490.00   1487.00   1484.00   1482.00   1478.00   1471.00   1466.00   1473.00   1479.00   1479.00   1467.00   1458.00   1453.00   1473.00   1477.00   1479.00   -9999   -9999   -9999   -9999   -9999   -9999   -9999   -9999   -9999   -9999   -9999   -9999   -9999   -9999   -9999   -9999   -9999   -9999   -9999   -9999   -9999   -9999   -9999   -9999   -9999   -9999   -9999   -9999   -9999   -9999   -9999   -9999   -9999   -9999   -9999   -9999   -9999   -9999   -9999   -9999   -9999   -9999   -9999   -9999   -9999   -9999   -9999   -9999
 -9999   -9999   -9999   -9999   -9999   -9999   -9999   -9999   -9999   -9999   -9999   -9999   -9999   -9999   2168.00   2169.00   2171.00   2165.00   2168.00   2153.00   2132.75   2176.00   2231.00   2238.00   2241.00   2246.00   2246.00   2200.00   2164.00   2151.00   2138.00   2121.00   2106.00   2062.00   2062.00   2051.00   2014.00   1994.00   1986.00   1974.01   1961.00   1952.00   1925.00   1922.00   1920.00   1907.00   1947.00   1961.00   1975.00   1961.00   1950.00   1944.00   1948.00   1946.00   1932.00   1905.00   1879.00   1877.00   1862.00   1820.00   1800.00   1759.00   1793.00   1799.00   1796.00   1770.00   1750.00   1748.00   1735.00   1728.00   1700.00   1690.00   1699.00   1663.67   1662.82   1657.00   1638.00   1620.00   1614.00   1609.00   1603.00   1591.00   1588.00   1583.00   1579.00   1564.00   1557.00   1553.00   1543.00   1539.51   1539.49   1549.00   1544.00   1534.00   1537.00   1534.00   1532.00   1536.00   1535.00   1534.00   1531.00   1526.00   1523.00   1517.00   1513.00   1509.00   1510.00   1506.49   1495.00   1502.00   1506.00   1503.00   1500.00   1498.00   1495.00   1493.00   1489.00   1486.00   1484.00   1484.00   1482.00   1478.00   1465.00   1463.01   1462.99   1457.00   1455.00   1449.01   1468.00   1477.00   1477.00   1476.00   1476.00   1474.00   1473.00   -9999   -9999   -9999   -9999   -9999   -9999   -9999   -9999   -9999   -9999   -9999   -9999   -9999   -9999   -9999   -9999   -9999   -9999   -9999   -9999   -9999   -9999   -9999   -9999   -9999   -9999   -9999   -9999   -9999   -9999   -9999   -9999   -9999   -9999   -9999   -9999   -9999   -9999   -9999   -9999   -9999   -9999   -9999   -9999
 -9999   -9999   -9999   -9999   -9999   -9999   -9999   -9999   -9999   -9999   -9999   -9999   -9999   -9999   2178.00   2155.00   2160.00   2160.00   2161.00   2153.00   2132.74   2163.00   2214.00   2228.00   2229.00   2238.00   2227.00   2178.00   2147.00   2144.00   2138.00   2118.00   2093.00   2082.00   2071.00   2048.00   2037.00   1998.00   1982.00   1977.00   1950.00   1940.00   1925.00   1924.00   1902.00   1918.00   1951.00   1948.00   1967.00   1961.00   1938.00   1932.00   1928.00   1921.00   1918.00   1911.00   1902.00   1888.00   1858.00   1830.00   1813.00   1761.00   1754.00   1770.00   1766.00   1729.00   1718.00   1728.00   1717.00   1717.00   1708.00   1675.00   1675.00   1663.67   1630.00   1630.00   1620.00   1613.00   1608.00   1605.00   1600.00   1596.00   1585.00   1581.00   1578.00   1574.00   1571.00   1565.00   1557.00   1554.00   1545.00   1534.00   1534.00   1540.00   1531.00   1525.34   1525.34   1527.00   1531.00   1531.00   1527.00   1525.00   1522.00   1521.00   1517.00   1512.00   1506.51   1505.00   1497.00   1493.00   1498.00   1501.00   1498.00   1497.00   1496.00   1492.00   1490.00   1487.00   1484.00   1484.00   1481.00   1479.00   1475.00   1474.00   1475.00   1474.00   1470.00   1464.00   1448.99   1471.00   1474.00   1474.00   1475.00   1475.00   1472.00   1472.00   1471.00   1471.00   1471.00   1471.00   1470.76   -9999   -9999   -9999   -9999   -9999   -9999   -9999   -9999   -9999   -9999   -9999   -9999   -9999   -9999   -9999   -9999   -9999   -9999   -9999   -9999   -9999   -9999   -9999   -9999   -9999   -9999   -9999   -9999   -9999   -9999   -9999   -9999   -9999   -9999   -9999   -9999   -9999   -9999
 -9999   -9999   -9999   -9999   -9999   -9999   -9999   -9999   -9999   -9999   -9999   -9999   -9999   -9999   2175.00   2157.00   2145.00   2145.00   2156.00   2152.00   2132.74   2142.00   2172.00   2213.00   2207.00   2196.00   2187.00   2175.00   2134.00   2129.00   2134.00   2118.00   2093.00   2077.00   2060.00   2061.00   2025.00   2028.00   2020.00   2001.00   1975.00   1941.00   1925.00   1908.00   1896.00   1915.00   1946.00   1938.00   1960.00   1960.00   1956.00   1929.00   1898.00   1896.00   1907.00   1905.00   1902.00   1889.00   1856.00   1825.00   1817.00   1789.00   1749.99   1735.00   1729.00   1737.00   1725.00   1711.00   1709.00   1697.00   1683.00   1665.01   1664.99   1657.00   1630.00   1616.00   1604.00   1595.00   1594.51   1596.00   1593.00   1590.00   1587.00   1581.00   1573.00   1571.00   1570.00   1567.00   1562.00   1557.00   1554.00   1551.00   1532.00   1530.00   1525.32   1525.00   1533.00   1530.00   1526.00   1523.00   1522.00   1522.00   1520.00   1520.00   1520.00   1513.00   1507.00   1502.00   1498.00   1490.00   1489.00   1494.00   1494.00   1497.00   1495.00   1491.00   1488.00   1485.00   1483.00   1481.00   1478.00   1476.00   1475.00   1472.00   1471.00   1471.00   1462.00   1453.00   1450.00   1448.51   1447.74   1457.00   1472.00   1475.00   1472.01   1471.00   1470.00   1470.00   1471.00   1470.73   1470.75   1471.21   1471.20   1471.20   -9999   -9999   -9999   -9999   -9999   -9999   -9999   -9999   -9999   -9999   -9999   -9999   -9999   -9999   -9999   -9999   -9999   -9999   -9999   -9999   -9999   -9999   -9999   -9999   -9999   -9999   -9999   -9999   -9999   -9999   -9999   -9999   -9999   -9999   -9999
 -9999   -9999   -9999   -9999   -9999   -9999   -9999   -9999   -9999   -9999   -9999   -9999   -9999   -9999   -9999   2167.00   2146.00   2143.00   2146.00   2142.00   2132.00   2128.00   2142.00   2205.00   2191.00   2182.00   2156.00   2158.00   2138.00   2115.00   2111.00   2105.00   2079.00   2057.00   2041.00   2046.00   2048.00   2026.00   2015.00   2007.00   1975.00   1958.00   1920.00   1910.00   1886.00   1909.00   1935.00   1925.00   1939.00   1943.00   1941.00   1912.00   1900.00   1885.00   1874.00   1869.00   1868.00   1858.00   1839.00   1815.00   1784.00   1768.00   1750.01   1745.00   1731.00   1719.99   1716.00   1709.00   1696.00   1683.00   1692.00   1672.00   1660.00   1659.00   1651.00   1621.00   1609.00   1602.00   1594.49   1592.00   1583.00   1580.00   1578.00   1574.00   1570.51   1562.00   1560.00   1561.00   1558.00   1558.00   1553.00   1552.00   1548.00   1542.00   1534.00   1525.00   1526.00   1530.00   1530.00   1527.00   1521.00   1516.00   1518.00   1519.00   1517.00   1513.00   1507.00   1503.00   1498.00   1495.00   1492.00   1488.00   1485.01   1484.99   1488.00   1487.00   1482.00   1476.00   1474.00   1470.00   1470.00   1466.00   1460.68   1460.66   1460.66   1456.01   1455.99   1468.00   1463.00   1457.00   1447.75   1444.59   1454.00   1471.99   1470.00   1469.51   1470.00   1469.51   1469.34   1471.00   1470.72   1470.75   1471.51   1471.49   1471.20   1473.00   -9999   -9999   -9999   -9999   -9999   -9999   -9999   -9999   -9999   -9999   -9999   -9999   -9999   -9999   -9999   -9999   -9999   -9999   -9999   -9999   -9999   -9999   -9999   -9999   -9999   -9999   -9999   -9999   -9999   -9999   -9999   -9999   -9999
 -9999   -9999   -9999   -9999   -9999   -9999   -9999   -9999   -9999   -9999   -9999   -9999   -9999   -9999   -9999   2163.00   2142.00   2142.00   2150.00   2136.00   2116.00   2105.00   2125.00   2178.00   2179.00   2165.00   2123.00   2133.00   2110.00   2105.00   2104.00   2088.00   2052.00   2041.00   2031.00   2023.00   2036.00   2033.00   2008.00   1990.00   1983.00   1931.00   1911.00   1896.00   1887.00   1880.00   1897.00   1910.00   1930.00   1919.00   1923.00   1906.00   1891.00   1886.00   1842.00   1822.00   1817.00   1803.00   1810.00   1804.00   1781.00   1747.00   1738.51   1738.49   1733.00   1720.01   1716.00   1714.00   1706.00   1689.00   1673.00   1660.00   1653.67   1657.00   1659.00   1649.00   1632.00   1639.00   1627.00   1608.00   1591.00   1574.00   1567.00   1570.49   1572.00   1567.00   1562.00   1554.00   1553.00   1553.00   1550.00   1550.00   1549.00   1547.00   1545.00   1537.00   1522.00   1519.01   1528.00   1529.00   1525.00   1516.00   1512.49   1512.00   1512.00   1512.00   1508.00   1504.00   1502.00   1500.00   1495.00   1490.00   1487.00   1484.99   1479.49   1475.00   1475.00   1471.00   1470.00   1473.00   1469.00   1464.00   1472.00   1475.00   1474.00   1473.00   1473.00   1473.00   1473.00   1471.00   1468.00   1460.00   1444.58   1458.00   1469.49   1469.00   1469.00   1469.49   1469.34   1470.00   1470.72   1472.00   1470.74   1472.34   1472.34   1471.19   1473.00   -9999   -9999   -9999   -9999   -9999   -9999   -9999   -9999   -9999   -9999   -9999   -9999   -9999   -9999   -9999   -9999   -9999   -9999   -9999   -9999   -9999   -9999   -9999   -9999   -9999   -9999   -9999   -9999   -9999   -9999   -9999   -9999
 -9999   -9999   -9999   -9999   -9999   -9999   -9999   -9999   -9999   -9999   -9999   -9999   -9999   -9999   -9999   2149.00   2135.00   2136.00   2149.00   2135.00   2105.00   2100.50   2100.50   2148.00   2156.00   2143.00   2104.00   2107.00   2088.00   2090.00   2088.00   2075.00   2051.00   2032.00   2016.00   2014.00   2020.00   2025.00   1991.00   1943.00   1950.00   1958.00   1932.00   1888.00   1881.00   1872.00   1856.00   1869.00   1904.00   1898.00   1881.00   1888.00   1880.00   1886.00   1867.00   1829.00   1792.00   1780.00   1783.00   1773.00   1768.00   1748.00   1740.00   1741.00   1738.00   1733.00   1722.00   1700.00   1702.00   1696.00   1685.00   1669.00   1653.67   1653.66   1657.00   1652.00   1645.00   1638.00   1634.00   1616.00   1588.00   1585.00   1578.00   1564.00   1556.00   1563.00   1562.00   1560.00   1551.00   1548.00   1544.00   1548.00   1547.00   1545.00   1543.00   1538.00   1533.00   1518.99   1523.00   1525.00   1521.00   1516.00   1512.51   1510.00   1506.00   1506.99   1507.01   1502.00   1500.00   1498.00   1496.00   1491.00   1488.00   1485.01   1479.51   1480.00   1480.00   1479.00   1479.00   1477.00   1476.00   1477.00   1476.00   1476.00   1475.00   1475.00   1475.00   1475.00   1474.00   1473.00   1472.00   1470.00   1458.00   1444.58   1457.00   1466.00   1468.00   1467.00   1469.00   1469.32   1470.00   1470.72   1470.71   1473.00   1473.00   1472.32   1471.00   1470.00   -9999   -9999   -9999   -9999   -9999   -9999   -9999   -9999   -9999   -9999   -9999   -9999   -9999   -9999   -9999   -9999   -9999   -9999   -9999   -9999   -9999   -9999   -9999   -9999   -9999   -9999   -9999   -9999   -9999   -9999   -9999
 -9999   -9999   -9999   -9999   -9999   -9999   -9999   -9999   -9999   -9999   -9999   -9999   -9999   -9999   -9999   2131.00   2131.00   2131.00   2142.00   2115.00   2097.00   2100.00   2100.00   2147.00   2140.00   2142.00   2124.00   2080.00   2065.00   2078.00   2090.00   2048.00   2042.00   2022.00   2019.00   1999.00   1995.00   2007.00   1998.00   1960.00   1924.00   1928.00   1928.00   1902.00   1887.00   1869.00   1861.00   1840.00   1840.00   1869.00   1836.00   1823.00   1857.00   1863.00   1847.00   1823.00   1787.00   1776.00   1770.00   1769.00   1762.00   1742.00   1737.00   1735.00   1734.00   1729.00   1724.00   1715.00   1688.00   1677.00   1677.00   1675.00   1666.00   1655.49   1643.00   1624.01   1628.00   1636.00   1631.00   1622.00   1609.00   1591.00   1572.00   1570.00   1560.00   1551.01   1558.00   1556.00   1555.00   1555.00   1550.00   1542.00   1539.00   1537.99   1533.01   1532.99   1530.00   1523.00   1513.51   1512.25   1511.00   1515.00   1513.00   1508.00   1506.00   1502.99   1503.01   1500.35   1497.00   1494.00   1492.00   1489.00   1486.00   1483.00   1481.00   1481.00   1481.00   1479.00   1478.00   1478.00   1477.00   1476.00   1476.00   1477.00   1477.00   1476.00   1476.00   1475.00   1474.00   1473.00   1473.00   1472.00   1468.00   1452.00   1444.57   1444.56   1448.00   1464.00   1468.00   1470.00   1469.00   1471.00   1470.70   1473.00   1473.00   1472.00   1471.00   1469.00   -9999   -9999   -9999   -9999   -9999   -9999   -9999   -9999   -9999   -9999   -9999   -9999   -9999   -9999   -9999   -9999   -9999   -9999   -9999   -9999   -9999   -9999   -9999   -9999   -9999   -9999   -9999   -9999   -9999   -9999   -9999
 -9999   -9999   -9999   -9999   -9999   -9999   -9999   -9999   -9999   -9999   -9999   -9999   -9999   -9999   2154.00   2139.00   2128.00   2123.00   2123.00   2101.00   2094.00   2092.00   2092.00   2137.00   2128.00   2137.00   2137.00   2104.00   2054.00   2036.00   2034.00   2016.00   2009.00   1991.00   1993.00   1993.00   1975.00   1975.00   1979.00   1952.00   1915.00   1894.00   1895.00   1884.00   1866.00   1866.00   1855.00   1854.00   1830.00   1817.49   1817.51   1804.00   1808.00   1824.00   1825.00   1800.00   1780.00   1772.00   1769.00   1766.00   1761.00   1740.00   1732.00   1728.51   1728.49   1723.00   1718.00   1715.00   1709.00   1672.00   1676.00   1675.00   1665.00   1655.51   1649.00   1635.00   1623.99   1622.00   1627.00   1622.00   1611.00   1586.00   1572.00   1566.00   1564.00   1557.00   1550.99   1545.00   1545.00   1550.00   1547.00   1546.00   1541.00   1538.01   1536.00   1532.00   1529.00   1522.00   1515.00   1512.24   1509.00   1508.00   1509.00   1508.00   1504.00   1500.32   1500.33   1500.00   1499.00   1496.00   1492.00   1488.00   1486.00   1484.00   1483.00   1480.00   1480.00   1479.00   1478.00   1476.00   1476.00   1477.00   1475.00   1475.00   1475.00   1476.00   1476.00   1475.00   1474.00   1473.00   1473.00   1473.00   1472.00   1471.00   1468.00   1468.00   1444.56   1452.00   1466.00   1469.00   1468.00   1470.00   1470.70   1472.00   1471.00   1470.00   1470.00   1467.00   1466.00   -9999   -9999   -9999   -9999   -9999   -9999   -9999   -9999   -9999   -9999   -9999   -9999   -9999   -9999   -9999   -9999   -9999   -9999   -9999   -9999   -9999   -9999   -9999   -9999   -9999   -9999   -9999   -9999   -9999   -9999
 -9999   -9999   -9999   -9999   -9999   -9999   -9999   -9999   -9999   -9999   -9999   -9999   -9999   -9999   2152.00   2140.00   2120.00   2105.00   2103.00   2092.00   2080.00   2068.00   2084.00   2106.00   2110.00   2125.00   2133.00   2114.00   2070.00   2053.00   2045.00   2007.00   1989.00   1991.00   1984.00   1986.00   1978.00   1975.00   1963.49   1937.00   1931.00   1914.00   1894.00   1888.00   1866.00   1871.00   1848.01   1839.00   1841.00   1830.00   1814.00   1798.00   1795.00   1786.00   1787.00   1783.01   1777.00   1774.00   1764.00   1759.00   1748.00   1737.00   1742.00   1734.00   1732.00   1719.00   1726.00   1717.00   1716.00   1687.00   1666.00   1666.00   1657.00   1647.01   1640.00   1638.00   1629.00   1622.00   1606.00   1599.00   1598.00   1593.00   1571.00   1560.00   1557.00   1551.00   1543.00   1543.00   1544.00   1540.00   1546.00   1545.00   1541.00   1540.00   1534.00   1535.00   1533.00   1529.00   1526.00   1522.00   1514.00   1505.00   1502.49   1502.51   1502.00   1502.00   1500.00   1496.00   1498.00   1497.00   1495.00   1492.00   1489.00   1487.00   1483.00   1481.00   1480.00   1478.00   1477.00   1475.00   1475.00   1475.00   1474.00   1473.00   1474.00   1475.00   1475.00   1474.00   1474.00   1473.00   1473.00   1473.00   1472.00   1472.00   1469.00   1462.00   1465.00   1444.56   1449.00   1456.00   1463.00   1467.00   1468.00   1469.00   1470.00   1469.00   1468.00   1460.00   1441.00   1455.00   -9999   -9999   -9999   -9999   -9999   -9999   -9999   -9999   -9999   -9999   -9999   -9999   -9999   -9999   -9999   -9999   -9999   -9999   -9999   -9999   -9999   -9999   -9999   -9999   -9999   -9999   -9999   -9999   -9999
 -9999   -9999   -9999   -9999   -9999   -9999   -9999   -9999   -9999   -9999   -9999   -9999   -9999   -9999   2143.00   2124.00   2105.00   2102.00   2073.00   2073.00   2072.00   2063.00   2061.00   2067.00   2088.00   2115.00   2128.00   2100.00   2073.00   2052.00   2059.00   2030.00   1993.00   1969.00   1972.99   1973.01   1966.00   1973.00   1963.51   1942.00   1931.00   1916.00   1910.00   1902.00   1877.00   1847.99   1848.00   1843.00   1831.51   1822.00   1815.00   1815.00   1799.00   1782.01   1782.99   1775.01   1768.00   1767.00   1766.00   1764.00   1751.00   1743.00   1740.00   1735.00   1733.00   1729.00   1719.00   1715.00   1713.00   1691.00   1669.00   1653.00   1649.00   1646.99   1641.00   1630.00   1621.00   1617.00   1609.00   1596.00   1577.00   1576.00   1576.00   1574.00   1569.00   1563.00   1558.00   1550.00   1537.00   1531.00   1529.00   1537.00   1538.00   1532.00   1523.68   1523.67   1523.65   1526.00   1522.00   1517.00   1508.00   1507.00   1506.00   1501.00   1498.00   1497.00   1496.00   1495.00   1496.00   1497.00   1494.00   1492.00   1492.00   1486.00   1484.00   1482.00   1480.00   1479.00   1477.00   1477.00   1475.00   1475.00   1474.00   1473.00   1472.00   1471.00   1471.00   1472.00   1472.00   1471.00   1472.00   1472.00   1471.00   1459.00   1446.00   1441.87   1441.87   1462.00   1441.86   1441.85   1441.85   1463.00   1458.00   1441.00   1464.00   1464.00   1460.00   1441.00   1459.00   1467.00   -9999   -9999   -9999   -9999   -9999   -9999   -9999   -9999   -9999   -9999   -9999   -9999   -9999   -9999   -9999   -9999   -9999   -9999   -9999   -9999   -9999   -9999   -9999   -9999   -9999   -9999   -9999   -9999   -9999
 -9999   -9999   -9999   -9999   -9999   -9999   -9999   -9999   -9999   -9999   -9999   -9999   -9999   -9999   2131.00   2109.00   2096.00   2080.00   2068.50   2068.50   2057.00   2057.00   2061.00   2043.67   2076.00   2102.00   2121.00   2100.00   2088.00   2059.00   2050.00   2043.00   1995.00   1978.00   1966.00   1966.00   1955.00   1933.00   1944.00   1935.00   1921.00   1909.00   1893.00   1895.00   1885.00   1860.00   1837.00   1831.49   1828.00   1822.00   1810.00   1797.00   1801.00   1798.00   1781.99   1774.99   1765.00   1749.00   1749.00   1756.00   1748.00   1743.00   1740.00   1734.00   1735.00   1727.00   1715.00   1713.00   1704.00   1693.00   1678.00   1676.00   1669.00   1638.00   1633.00   1633.00   1617.00   1604.00   1593.00   1587.00   1579.00   1576.00   1572.00   1563.00   1559.00   1555.00   1552.00   1547.00   1548.00   1544.00   1536.00   1525.00   1525.00   1524.00   1532.00   1529.00   1523.00   1517.00   1512.51   1512.49   1515.00   1516.00   1514.00   1507.00   1501.00   1497.00   1496.00   1494.00   1492.00   1489.49   1489.51   1487.00   1490.00   1489.00   1487.00   1485.00   1480.00   1479.00   1477.00   1476.00   1476.00   1475.00   1473.00   1472.00   1472.00   1467.00   1461.34   1461.34   1461.32   1461.01   1467.00   1469.00   1453.51   1453.49   1460.00   1458.00   1452.00   1441.86   1454.00   1465.00   1444.00   1441.84   1441.00   1455.00   1441.00   1441.00   1441.00   1457.00   1445.00   1468.00   -9999   -9999   -9999   -9999   -9999   -9999   -9999   -9999   -9999   -9999   -9999   -9999   -9999   -9999   -9999   -9999   -9999   -9999   -9999   -9999   -9999   -9999   -9999   -9999   -9999   -9999   -9999   -9999   -9999
 -9999   -9999   -9999   -9999   -9999   -9999   -9999   -9999   -9999   -9999   -9999   -9999   -9999   2160.00   2128.00   2107.00   2105.00   2086.00   2070.00   2059.00   2057.00   2065.00   2043.67   2036.00   2073.00   2092.00   2112.00   2098.00   2095.00   2076.00   2051.00   2040.00   2004.00   1973.00   1969.00   1961.00   1933.00   1938.00   1918.00   1934.00   1906.00   1886.00   1872.01   1872.00   1874.00   1868.00   1845.00   1827.24   1815.00   1808.00   1799.00   1796.00   1784.00   1782.00   1789.00   1786.00   1780.00   1768.00   1747.00   1744.00   1742.00   1742.00   1734.00   1737.00   1737.00   1730.00   1720.00   1711.00   1701.00   1690.00   1690.00   1682.00   1672.00   1658.00   1654.00   1651.00   1637.00   1625.00   1611.00   1615.00   1606.00   1600.00   1592.00   1578.00   1570.00   1560.00   1553.00   1547.00   1543.00   1544.00   1538.00   1532.00   1533.00   1534.00   1535.00   1535.00   1528.00   1524.00   1520.00   1521.00   1521.00   1521.00   1518.00   1510.00   1505.00   1499.00   1498.00   1495.00   1492.00   1490.00   1487.00   1487.00   1485.00   1485.00   1484.00   1481.00   1479.00   1477.00   1476.00   1476.00   1475.00   1474.00   1473.00   1472.00   1471.00   1470.00   1470.00   1468.00   1471.00   1466.00   1460.99   1456.00   1460.00   1470.00   1469.00   1469.00   1466.00   1462.00   1464.00   1463.00   1459.00   1454.00   1459.00   1467.00   1467.00   1467.00   1466.00   1457.00   1445.00   1466.00   -9999   -9999   -9999   -9999   -9999   -9999   -9999   -9999   -9999   -9999   -9999   -9999   -9999   -9999   -9999   -9999   -9999   -9999   -9999   -9999   -9999   -9999   -9999   -9999   -9999   -9999   -9999   -9999   -9999
 -9999   -9999   -9999   -9999   -9999   -9999   -9999   -9999   -9999   -9999   -9999   -9999   -9999   -9999   2130.00   2111.00   2104.00   2093.00   2071.00   2059.00   2063.00   2062.00   2043.66   2030.00   2057.00   2086.00   2098.00   2091.00   2085.00   2097.00   2076.00   2035.00   2006.00   1982.00   1972.00   1959.00   1933.00   1951.00   1926.00   1908.00   1911.00   1900.00   1890.00   1871.99   1850.00   1839.00   1828.51   1827.25   1830.00   1824.00   1815.00   1810.00   1795.00   1784.00   1770.00   1764.00   1759.51   1759.49   1755.00   1740.00   1740.00   1733.00   1737.00   1729.00   1731.00   1728.00   1719.00   1712.00   1703.00   1695.00   1686.00   1675.00   1666.00   1656.00   1655.00   1644.00   1638.00   1631.00   1632.00   1627.00   1620.00   1618.00   1608.00   1594.00   1570.00   1564.00   1557.00   1552.00   1548.00   1538.00   1543.00   1541.00   1539.51   1538.00   1537.00   1535.00   1530.00   1525.00   1522.00   1522.00   1521.00   1520.00   1518.00   1514.00   1508.00   1504.00   1501.00   1498.00   1494.00   1488.00   1485.00   1483.99   1484.01   1484.00   1481.00   1479.00   1478.00   1476.01   1475.58   1475.58   1475.00   1473.01   1473.00   1471.00   1472.00   1474.00   1474.00   1472.00   1472.00   1472.00   1471.00   1470.00   1471.00   1472.00   1472.00   1471.00   1469.00   1468.00   1467.00   1468.00   1467.00   1469.00   1470.00   1471.00   1470.00   1470.00   1463.00   1446.49   1465.00   1470.00   1473.00   -9999   -9999   -9999   -9999   -9999   -9999   -9999   -9999   -9999   -9999   -9999   -9999   -9999   -9999   -9999   -9999   -9999   -9999   -9999   -9999   -9999   -9999   -9999   -9999   -9999   -9999   -9999   -9999
 -9999   -9999   -9999   -9999   -9999   -9999   -9999   -9999   -9999   -9999   -9999   -9999   -9999   -9999   2126.00   2116.00   -9999   -9999   -9999   -9999   2072.00   2084.00   2072.00   2057.00   2030.00   2082.00   2092.00   2082.00   2081.00   2097.00   2061.00   2037.00   2015.00   1981.00   1971.00   1960.00   1945.00   1926.00   1933.00   1919.00   1901.00   1888.00   1873.00   1869.00   1855.00   1853.00   1844.00   1828.00   1810.00   1805.00   1817.00   1803.00   1800.00   1796.00   1791.00   1784.00   1778.00   1766.00   1751.00   1758.00   1741.00   1723.51   1720.00   1725.00   1719.00   1717.00   1709.00   1701.00   1697.00   1694.00   1683.00   1682.00   1666.00   1655.00   1650.00   1645.00   1637.00   1634.00   1632.00   1630.00   1627.00   1618.00   1613.00   1603.00   1588.00   1588.00   1584.00   1560.00   1550.00   1547.00   1538.00   1539.49   1541.00   1538.00   1535.00   1535.00   1532.00   1529.00   1523.00   1522.00   1521.00   1520.00   1519.00   1515.00   1510.00   1502.00   1498.00   1496.00   1491.67   1487.00   1485.00   1485.00   1483.00   1482.00   1480.00   1480.00   1479.00   1478.00   1475.57   1475.43   1475.29   1474.64   1472.99   1474.00   1475.00   1476.00   1477.00   1475.00   1473.00   1475.00   1475.00   1475.00   1475.00   1475.00   1476.00   1474.00   1472.00   1472.00   1470.00   1471.00   1473.00   1474.00   1473.00   1473.00   1471.00   1472.00   1466.00   1446.51   1457.00   1471.00   1474.00   -9999   -9999   -9999   -9999   -9999   -9999   -9999   -9999   -9999   -9999   -9999   -9999   -9999   -9999   -9999   -9999   -9999   -9999   -9999   -9999   -9999   -9999   -9999   -9999   -9999   -9999   -9999   -9999
 -9999   -9999   -9999   -9999   -9999   -9999   -9999   -9999   -9999   -9999   -9999   -9999   -9999   -9999   -9999   -9999   -9999   -9999   -9999   -9999   -9999   -9999   2076.00   2085.00   2066.00   2030.00   2088.00   2078.00   2077.00   2081.00   2036.00   2024.00   1996.00   1963.00   1966.00   1955.00   1946.00   1922.00   1919.00   1913.00   1888.00   1903.00   1881.51   1861.00   1849.00   1833.00   1843.00   1836.00   1818.00   1804.00   1787.00   1787.00   1789.00   1784.00   1779.00   1780.00   1777.00   1771.00   1757.00   1738.99   1731.99   1737.00   1723.49   1715.00   1709.00   1705.00   1705.00   1705.00   1699.00   1694.00   1691.00   1679.00   1675.00   1660.00   1647.00   1643.00   1632.00   1632.00   1629.00   1629.00   1626.00   1622.00   1616.00   1610.00   1601.57   1601.59   1597.00   1579.00   1583.00   1579.00   1563.00   1538.00   1530.00   1533.00   1531.00   1530.00   1530.00   1529.00   1524.00   1521.00   1521.00   1517.00   1517.00   1516.00   1512.00   1504.00   1501.00   1496.00   1491.67   1487.00   1485.00   1485.00   1483.00   1482.00   1482.00   1482.00   1481.00   1478.00   1475.57   1475.43   1475.27   1474.63   1476.00   1475.00   1477.00   1478.00   1477.00   1476.00   1476.00   1476.00   1476.00   1479.00   1478.00   1478.00   1479.00   1478.00   1475.00   1475.00   1473.00   1474.00   1474.00   1473.00   1472.00   1472.00   1473.00   1473.00   1468.00   1449.00   1470.00   1476.00   1475.00   1475.00   -9999   -9999   -9999   -9999   -9999   -9999   -9999   -9999   -9999   -9999   -9999   -9999   -9999   -9999   -9999   -9999   -9999   -9999   -9999   -9999   -9999   -9999   -9999   -9999   -9999   -9999   -9999
 -9999   -9999   -9999   -9999   -9999   -9999   -9999   -9999   -9999   -9999   -9999   -9999   -9999   -9999   -9999   -9999   -9999   -9999   -9999   -9999   -9999   -9999   -9999   2075.00   2063.00   2030.00   2070.00   2077.00   2075.00   2075.00   2014.00   2011.00   1986.00   1958.00   1953.00   1949.00   1936.00   1922.00   1919.00   1917.00   1904.49   1888.00   1881.49   1849.00   1862.00   1845.00   1827.00   1820.00   1819.00   1817.00   1808.00   1799.00   1777.00   1774.00   1762.01   1765.00   1768.00   1766.00   1752.00   1739.01   1732.01   1720.00   1715.00   1712.00   1704.99   1695.00   1692.00   1693.00   1702.00   1695.00   1687.00   1678.00   1674.00   1670.00   1647.00   1644.00   1636.00   1629.00   1629.00   1622.00   1620.00   1621.00   1619.00   1610.00   1602.16   1602.17   1599.00   1591.00   1588.00   1587.00   1580.00   1558.00   1539.00   1527.00   1525.00   1524.00   1523.00   1522.00   1522.00   1520.00   1518.00   1518.00   1515.00   1509.00   1504.00   1503.00   1500.00   1496.00   1490.65   1490.67   1488.00   1486.00   1485.00   1482.00   1484.00   1483.00   1483.00   1478.00   1478.00   1478.00   1478.00   1477.00   1478.00   1478.00   1479.00   1479.00   1478.00   1479.00   1477.00   1477.00   1478.00   1478.51   1478.49   1480.00   1481.00   1480.00   1479.00   1476.00   1473.00   1473.00   1474.00   1474.00   1473.00   1467.00   1466.00   1467.00   1451.11   1452.00   1474.00   1479.00   1483.00   1481.00   1477.00   -9999   -9999   -9999   -9999   -9999   -9999   -9999   -9999   -9999   -9999   -9999   -9999   -9999   -9999   -9999   -9999   -9999   -9999   -9999   -9999   -9999   -9999   -9999   -9999   -9999   -9999
 -9999   -9999   -9999   -9999   -9999   -9999   -9999   -9999   -9999   -9999   -9999   -9999   -9999   -9999   -9999   -9999   -9999   -9999   -9999   -9999   -9999   -9999   -9999   2063.00   2054.00   2030.00   2048.00   2072.00   2075.00   2075.00   2042.00   2005.00   1995.00   1960.00   1962.00   1965.00   1951.00   1924.00   1907.00   1912.00   1904.51   1891.00   1882.00   1849.00   1845.00   1849.00   1836.00   1825.00   1818.00   1814.00   1802.00   1793.00   1794.00   1775.00   1761.99   1753.01   1750.00   1757.00   1754.00   1747.00   1735.00   1735.00   1728.00   1711.00   1705.01   1705.00   1701.00   1687.00   1682.00   1684.00   1688.00   1673.01   1667.00   1668.00   1643.00   1640.00   1634.00   1631.00   1628.00   1626.00   1621.00   1618.00   1611.00   1611.00   1608.00   1603.51   1593.00   1587.00   1585.00   1586.00   1576.00   1554.00   1544.00   1535.00   1540.00   1535.00   1524.00   1520.00   1516.67   1516.67   1514.84   1511.00   1512.00   1506.00   1506.00   1503.00   1502.00   1493.74   1492.00   1491.34   1489.00   1488.00   1485.00   1483.00   1484.00   1482.00   1480.00   1480.00   1481.00   1482.00   1480.00   1480.00   1479.00   1480.00   1478.00   1479.00   1479.00   1479.00   1480.00   1479.00   1481.00   1481.00   1481.00   1483.00   1483.00   1483.00   1482.00   1479.00   1475.00   1475.00   1472.00   1473.00   1469.00   1453.00   1452.25   1452.25   1451.13   1463.00   1468.00   1476.00   1481.00   1483.00   1480.00   -9999   -9999   -9999   -9999   -9999   -9999   -9999   -9999   -9999   -9999   -9999   -9999   -9999   -9999   -9999   -9999   -9999   -9999   -9999   -9999   -9999   -9999   -9999   -9999   -9999   -9999
 -9999   -9999   -9999   -9999   -9999   -9999   -9999   -9999   -9999   -9999   -9999   -9999   -9999   -9999   -9999   -9999   -9999   -9999   -9999   -9999   -9999   -9999   -9999   -9999   2042.00   2024.00   2033.00   2058.00   2079.00   2077.00   2049.00   2013.00   2005.00   1988.00   1981.00   1954.00   1936.00   1931.00   1918.00   1903.00   1901.00   1888.00   1879.00   1858.00   1832.00   1834.00   1834.00   1826.00   1809.00   1810.00   1808.00   1800.00   1783.00   1786.00   1766.00   1763.00   1752.99   1742.01   1740.00   1734.77   1726.51   1729.00   1725.00   1717.00   1711.00   1701.99   1692.00   1685.00   1684.00   1674.00   1672.99   1673.00   1661.00   1653.00   1642.00   1635.00   1626.00   1626.00   1631.00   1626.00   1626.00   1625.00   1618.00   1613.00   1605.00   1596.00   1590.00   1578.00   1582.00   1580.00   1575.00   1563.00   1542.00   1545.00   1544.00   1537.00   1533.00   1530.00   1528.00   1520.00   1514.82   1514.00   1508.00   1508.00   1510.00   1509.00   1506.00   1495.51   1493.75   1491.00   1489.00   1488.00   1485.00   1484.00   1483.00   1482.00   1481.00   1483.00   1486.00   1486.00   1485.00   1483.00   1481.00   1480.00   1481.00   1480.00   1481.00   1481.00   1481.00   1481.00   1483.01   1481.00   1484.01   1484.00   1484.68   1484.00   1483.00   1480.00   1468.00   1463.00   1460.00   1459.00   1458.00   1452.26   1465.00   1468.00   1468.00   1465.00   1466.00   1473.00   1477.00   1480.00   1480.00   -9999   -9999   -9999   -9999   -9999   -9999   -9999   -9999   -9999   -9999   -9999   -9999   -9999   -9999   -9999   -9999   -9999   -9999   -9999   -9999   -9999   -9999   -9999   -9999   -9999   -9999
 -9999   -9999   -9999   -9999   -9999   -9999   -9999   -9999   -9999   -9999   -9999   -9999   -9999   -9999   -9999   -9999   -9999   -9999   -9999   -9999   -9999   -9999   -9999   -9999   2032.00   2014.51   2017.00   2048.00   2074.00   2056.00   2026.00   2007.00   1995.00   1983.00   1954.00   1946.00   1935.00   1927.00   1917.00   1900.49   1883.00   1879.00   1868.00   1858.00   1829.00   1821.00   1818.00   1806.00   1801.00   1794.00   1787.51   1789.00   1778.51   1774.00   1762.00   1758.00   1752.00   1742.00   1744.00   1734.75   1726.49   1720.00   1715.00   1715.00   1705.00   1702.01   1700.00   1697.00   1684.00   1672.00   1665.00   1649.21   1649.19   1649.18   1648.99   1644.00   1635.00   1609.24   1609.25   1609.00   1616.00   1614.00   1595.24   1595.00   1583.00   1570.00   1567.01   1565.50   1561.00   1567.00   1573.00   1564.00   1554.00   1549.00   1546.00   1542.00   1536.00   1530.00   1530.00   1528.00   1524.00   1522.00   1518.00   1516.00   1509.00   1508.00   1507.00   1505.00   1491.00   1490.00   1489.00   1487.00   1486.00   1485.00   1484.00   1481.07   1482.00   1485.00   1487.00   1485.00   1484.00   1483.00   1482.00   1481.00   1481.00   1482.00   1482.00   1482.00   1483.00   1485.00   1484.00   1483.00   1483.68   1483.66   1484.66   1486.00   1486.00   1479.00   1460.00   1453.68   1453.66   1453.66   1453.00   1455.00   1472.00   1480.00   1479.00   1473.00   1471.00   1474.00   1476.00   1480.00   1481.00   -9999   -9999   -9999   -9999   -9999   -9999   -9999   -9999   -9999   -9999   -9999   -9999   -9999   -9999   -9999   -9999   -9999   -9999   -9999   -9999   -9999   -9999   -9999   -9999   -9999   -9999
 -9999   -9999   -9999   -9999   -9999   -9999   -9999   -9999   -9999   -9999   -9999   -9999   -9999   -9999   -9999   -9999   -9999   -9999   -9999   -9999   -9999   -9999   -9999   -9999   2030.00   2037.00   2014.49   2026.00   2059.00   2048.00   1998.00   1991.00   1992.00   1978.00   1967.00   1938.00   1939.00   1925.00   1915.00   1900.51   1891.00   1879.00   1863.00   1848.00   1837.00   1831.00   1821.00   1811.00   1794.00   1803.00   1793.00   1787.49   1778.49   1773.49   1762.00   1756.00   1752.00   1741.99   1734.74   1734.00   1730.00   1727.00   1719.00   1699.00   1697.00   1699.00   1692.00   1688.00   1694.00   1685.00   1670.00   1649.21   1663.00   1658.00   1649.01   1637.00   1628.00   1609.51   1605.00   1595.26   1595.25   1595.25   1596.00   1588.00   1582.00   1589.00   1573.00   1565.49   1567.00   1556.00   1543.00   1542.00   1542.00   1535.00   1534.00   1532.00   1535.00   1526.00   1523.00   1521.00   1524.00   1522.00   1521.00   1514.00   1509.00   1499.00   1501.00   1502.00   1493.00   1489.00   1487.00   1484.49   1481.99   1481.37   1481.08   1481.08   1481.12   1484.00   1486.00   1486.00   1485.00   1484.00   1483.49   1483.00   1482.00   1483.00   1482.00   1483.51   1483.51   1486.00   1484.00   1484.00   1483.00   1484.00   1483.65   1484.66   1485.00   1478.00   1455.21   1455.22   1464.00   1463.00   1455.00   1456.49   1468.00   1483.00   1486.00   1479.00   1476.00   1486.00   1484.00   1484.00   1483.00   -9999   -9999   -9999   -9999   -9999   -9999   -9999   -9999   -9999   -9999   -9999   -9999   -9999   -9999   -9999   -9999   -9999   -9999   -9999   -9999   -9999   -9999   -9999   -9999   -9999   -9999
 -9999   -9999   -9999   -9999   -9999   -9999   -9999   -9999   -9999   -9999   -9999   -9999   -9999   -9999   -9999   -9999   -9999   -9999   -9999   -9999   -9999   -9999   -9999   -9999   -9999   2041.00   2026.00   2002.00   2045.00   2044.00   2000.00   1989.00   1989.00   1973.00   1963.00   1953.00   1932.00   1918.00   1909.00   1898.00   1894.00   1884.00   1869.00   1848.00   1825.51   1828.00   1817.00   1826.00   1830.00   1793.00   1782.00   1777.00   1773.51   1776.00   1766.00   1760.00   1760.00   1754.00   1746.00   1734.74   1719.00   1724.00   1719.00   1711.00   1702.00   1681.00   1691.00   1692.00   1680.00   1675.00   1674.00   1666.00   1649.21   1651.00   1644.00   1630.00   1618.00   1620.00   1620.00   1614.00   1609.00   1607.00   1605.00   1592.00   1584.00   1578.00   1580.00   1587.00   1582.00   1575.00   1563.00   1560.00   1542.00   1537.00   1539.00   1529.00   1521.00   1517.00   1513.00   1511.00   1512.00   1512.00   1514.00   1509.00   1500.00   1495.00   1495.00   1494.00   1490.00   1489.00   1490.99   1484.51   1482.01   1481.38   1481.12   1481.25   1482.00   1484.00   1486.00   1485.00   1485.00   1483.51   1485.00   1484.00   1483.00   1483.00   1483.00   1484.00   1483.49   1483.49   1483.00   1484.00   1482.99   1484.00   1482.00   1478.00   1475.00   1473.00   1455.44   1455.45   1457.00   1462.00   1460.00   1456.51   1461.00   1474.00   1485.00   1483.00   1478.00   1482.00   1485.00   1488.00   1490.00   -9999   -9999   -9999   -9999   -9999   -9999   -9999   -9999   -9999   -9999   -9999   -9999   -9999   -9999   -9999   -9999   -9999   -9999   -9999   -9999   -9999   -9999   -9999   -9999   -9999   -9999
 -9999   -9999   -9999   -9999   -9999   -9999   -9999   -9999   -9999   -9999   -9999   -9999   -9999   -9999   -9999   -9999   -9999   -9999   -9999   -9999   -9999   -9999   -9999   -9999   -9999   2034.00   2031.00   2002.00   2002.00   2035.00   1999.51   1981.00   1982.00   1970.00   1962.00   1962.00   1954.00   1935.00   1921.00   1896.00   1887.00   1877.00   1866.00   1864.00   1835.00   1825.49   1818.00   1853.00   1839.00   1812.00   1788.00   1795.00   1786.00   1777.00   1767.00   1758.00   1744.51   1744.49   1739.00   1731.00   1726.00   1714.00   1707.00   1704.00   1695.00   1680.00   1677.00   1673.00   1671.00   1658.51   1658.49   1660.00   1656.00   1644.00   1640.00   1636.00   1637.00   1625.00   1619.00   1614.00   1606.00   1598.00   1595.00   1589.00   1585.00   1591.00   1593.00   1588.00   1581.00   1572.49   1565.00   1558.00   1549.00   1557.00   1559.00   1548.00   1536.00   1522.00   1518.00   1516.00   1509.00   1505.00   1504.49   1504.51   1501.00   1505.00   1498.00   1493.01   1490.00   1491.00   1497.00   1491.01   1481.48   1481.67   1481.38   1484.00   1488.00   1487.00   1488.00   1487.00   1485.00   1484.51   1484.49   1483.00   1484.00   1486.00   1484.00   1483.00   1481.00   1476.00   1473.00   1479.00   1478.00   1481.00   1481.00   1477.00   1457.32   1457.32   1455.68   1456.00   1458.00   1464.00   1470.00   1461.00   1460.00   1465.00   1473.49   1480.00   1482.00   1484.00   1487.00   1493.00   1495.00   -9999   -9999   -9999   -9999   -9999   -9999   -9999   -9999   -9999   -9999   -9999   -9999   -9999   -9999   -9999   -9999   -9999   -9999   -9999   -9999   -9999   -9999   -9999   -9999   -9999   -9999
 -9999   -9999   -9999   -9999   -9999   -9999   -9999   -9999   -9999   -9999   -9999   -9999   -9999   -9999   -9999   -9999   -9999   -9999   -9999   -9999   -9999   -9999   -9999   -9999   -9999   2030.00   2037.00   2021.00   2011.00   1999.49   2009.00   1971.00   1974.00   1971.00   1964.00   1961.00   1954.00   1943.00   1937.00   1928.00   1916.00   1886.00   1882.00   1873.00   1855.00   1864.00   1867.00   1851.00   1839.00   1837.00   1828.00   1820.00   1813.00   1803.00   1778.00   1762.00   1749.00   1747.00   1742.00   1736.00   1731.00   1724.00   1710.49   1703.00   1697.00   1691.00   1684.00   1677.00   1677.00   1674.00   1671.00   1649.00   1646.00   1650.00   1647.00   1639.00   1629.00   1623.00   1615.00   1607.00   1601.00   1606.00   1600.00   1594.00   1589.00   1596.00   1592.00   1585.49   1586.00   1575.00   1572.51   1571.00   1566.00   1562.00   1561.00   1553.00   1545.00   1542.00   1543.00   1517.00   1522.00   1511.00   1505.00   1500.00   1504.00   1498.99   1495.00   1492.99   1491.00   1491.00   1494.00   1491.00   1485.00   1484.00   1488.00   1489.00   1489.00   1488.00   1488.00   1487.00   1486.00   1485.00   1484.00   1482.00   1483.00   1485.00   1484.00   1482.00   1478.00   1469.00   1464.00   1463.51   1463.49   1467.00   1469.00   1457.50   1457.34   1458.00   1459.00   1461.00   1461.00   1467.00   1475.00   1470.00   1467.00   1472.00   1473.51   1476.00   1480.00   1482.00   1486.00   1489.00   1490.00   -9999   -9999   -9999   -9999   -9999   -9999   -9999   -9999   -9999   -9999   -9999   -9999   -9999   -9999   -9999   -9999   -9999   -9999   -9999   -9999   -9999   -9999   -9999   -9999   -9999   -9999
 -9999   -9999   -9999   -9999   -9999   -9999   -9999   -9999   -9999   -9999   -9999   -9999   -9999   -9999   -9999   -9999   -9999   -9999   -9999   -9999   -9999   -9999   -9999   -9999   -9999   2010.00   2022.00   2016.00   2020.00   2003.00   1971.00   1982.00   1948.00   1962.00   1940.00   1934.00   1947.00   1947.00   1941.00   1931.00   1923.00   1911.00   1903.00   1899.00   1887.00   1883.00   1871.00   1844.00   1825.00   1821.00   1818.00   1817.00   1804.00   1798.00   1794.00   1790.00   1772.00   1755.00   1741.00   1728.00   1723.00   1719.00   1710.51   1706.00   1703.00   1697.00   1691.00   1683.00   1673.00   1663.00   1668.00   1659.00   1647.00   1639.00   1636.00   1635.00   1626.00   1612.00   1610.00   1610.00   1610.00   1607.00   1602.00   1597.00   1599.00   1595.00   1590.00   1588.00   1585.51   1585.00   1578.00   1578.00   1568.00   1566.00   1566.00   1564.00   1549.00   1555.00   1556.00   1529.00   1553.00   1536.00   1527.00   1502.00   1499.00   1499.01   1501.00   1498.00   1495.00   1496.00   1495.00   1492.00   1492.00   1490.00   1489.00   1490.00   1490.00   1490.00   1488.00   1487.00   1488.00   1487.00   1486.00   1484.00   1480.00   1481.00   1480.00   1474.00   1473.00   1467.01   1466.99   1466.00   1464.00   1459.00   1457.51   1457.50   1457.51   1463.00   1462.74   1469.00   1464.00   1466.00   1473.00   1478.00   1476.00   1479.00   1484.00   1488.00   1486.00   1483.00   1483.00   1485.00   1488.00   -9999   -9999   -9999   -9999   -9999   -9999   -9999   -9999   -9999   -9999   -9999   -9999   -9999   -9999   -9999   -9999   -9999   -9999   -9999   -9999   -9999   -9999   -9999   -9999   -9999   -9999
 -9999   -9999   -9999   -9999   -9999   -9999   -9999   -9999   -9999   -9999   -9999   -9999   -9999   -9999   -9999   -9999   -9999   -9999   -9999   -9999   -9999   -9999   -9999   -9999   -9999   2024.00   2010.00   2008.00   2003.00   2012.00   1992.49   1965.00   1917.00   1922.00   1924.00   1912.00   1903.00   1908.00   1926.00   1919.00   1920.00   1916.00   1907.00   1900.00   1889.00   1875.00   1869.00   1854.00   1842.00   1836.00   1828.00   1819.00   1821.00   1812.00   1795.00   1778.00   1769.00   1752.00   1746.00   1740.00   1729.00   1721.00   1711.00   1701.00   1693.00   1689.00   1688.00   1679.00   1673.00   1665.00   1654.00   1656.00   1647.00   1647.00   1636.00   1629.00   1620.00   1622.00   1622.00   1615.00   1611.00   1605.00   1598.00   1603.00   1600.00   1599.00   1594.00   1589.00   1591.00   1591.00   1583.00   1577.00   1582.00   1580.00   1573.00   1562.00   1559.00   1569.00   1563.00   1541.00   1557.00   1552.00   1548.00   1516.00   1508.00   1501.00   1507.00   1512.00   1509.00   1505.00   1501.00   1501.00   1498.00   1492.00   1491.00   1491.00   1491.00   1491.00   1491.00   1490.00   1492.00   1490.00   1489.00   1488.00   1485.00   1479.00   1475.51   1475.49   1476.00   1472.00   1477.00   1477.00   1470.00   1461.00   1458.00   1458.00   1462.76   1462.75   1462.74   1473.00   1474.00   1470.00   1471.00   1481.00   1489.00   1493.00   1498.00   1502.00   1498.00   1492.00   1488.00   1487.00   1488.00   -9999   -9999   -9999   -9999   -9999   -9999   -9999   -9999   -9999   -9999   -9999   -9999   -9999   -9999   -9999   -9999   -9999   -9999   -9999   -9999   -9999   -9999   -9999   -9999   -9999   -9999
 -9999   -9999   -9999   -9999   -9999   -9999   -9999   -9999   -9999   -9999   -9999   -9999   -9999   -9999   -9999   -9999   -9999   -9999   -9999   -9999   -9999   -9999   -9999   -9999   -9999   2031.00   2031.00   2007.00   1998.00   1992.51   2005.00   1979.00   1924.00   1912.49   1912.51   1899.00   1896.00   1883.00   1892.00   1876.00   1873.00   1903.00   1899.00   1894.00   1885.00   1876.00   1870.00   1858.00   1846.00   1841.00   1827.00   1817.00   1816.00   1803.00   1789.00   1762.00   1743.00   1732.00   1726.01   1729.00   1723.00   1716.00   1707.00   1703.00   1697.00   1685.00   1676.49   1676.51   1670.00   1665.00   1654.00   1644.00   1643.00   1641.00   1633.00   1620.00   1620.00   1626.00   1618.00   1613.00   1604.00   1602.00   1608.00   1603.00   1602.00   1599.00   1597.00   1598.00   1596.00   1591.00   1584.00   1588.00   1581.00   1573.00   1565.00   1561.00   1566.00   1568.00   1558.00   1551.00   1564.00   1562.00   1551.00   1539.00   1535.00   1509.00   1512.00   1523.00   1518.00   1512.00   1508.00   1502.00   1497.00   1494.00   1494.00   1493.00   1492.51   1492.25   1491.00   1492.00   1492.00   1492.00   1492.00   1490.00   1489.00   1484.00   1483.00   1484.00   1483.00   1479.00   1481.00   1477.00   1469.00   1462.00   1458.00   1461.00   1467.00   1466.00   1464.00   1472.00   1479.00   1481.00   1475.00   1481.00   1492.00   1509.00   1525.00   1525.00   1508.00   1499.00   1493.00   1489.00   1491.00   -9999   -9999   -9999   -9999   -9999   -9999   -9999   -9999   -9999   -9999   -9999   -9999   -9999   -9999   -9999   -9999   -9999   -9999   -9999   -9999   -9999   -9999   -9999   -9999   -9999   -9999
 -9999   -9999   -9999   -9999   -9999   -9999   -9999   -9999   -9999   -9999   -9999   -9999   -9999   -9999   -9999   -9999   -9999   -9999   -9999   -9999   -9999   -9999   -9999   -9999   -9999   2035.00   2043.00   2023.00   1996.00   1990.51   1999.00   1996.00   1969.00   1936.00   1898.00   1903.00   1888.00   1889.00   1880.00   1875.00   1861.00   1861.00   1884.00   1880.00   1860.00   1845.00   1860.00   1858.00   1835.00   1830.00   1817.00   1803.00   1776.00   1774.00   1762.00   1760.00   1751.00   1742.00   1733.00   1725.49   1716.00   1706.00   1698.00   1691.49   1691.51   1683.00   1680.00   1671.00   1665.00   1665.00   1661.00   1657.00   1653.00   1649.00   1640.00   1632.00   1625.00   1620.00   1613.00   1607.01   1604.00   1611.00   1609.00   1606.00   1605.00   1602.00   1604.00   1601.00   1599.00   1593.00   1590.00   1583.00   1573.00   1573.00   1579.00   1579.00   1576.00   1575.00   1566.00   1560.00   1570.00   1561.00   1550.00   1555.00   1529.00   1514.00   1534.00   1543.00   1535.00   1520.00   1510.00   1502.00   1497.00   1497.00   1496.00   1494.00   1493.51   1492.24   1491.00   1491.00   1489.00   1489.00   1488.00   1487.00   1486.00   1484.00   1483.00   1483.00   1480.00   1475.00   1479.00   1473.00   1462.00   1461.00   1459.00   1462.00   1472.00   1471.00   1464.01   1466.00   1473.00   1483.00   1486.00   1483.00   1492.00   1517.00   1550.00   1543.00   1518.00   1505.00   1496.00   1493.00   1492.00   -9999   -9999   -9999   -9999   -9999   -9999   -9999   -9999   -9999   -9999   -9999   -9999   -9999   -9999   -9999   -9999   -9999   -9999   -9999   -9999   -9999   -9999   -9999   -9999   -9999   -9999
 -9999   -9999   -9999   -9999   -9999   -9999   -9999   -9999   -9999   -9999   -9999   -9999   -9999   -9999   -9999   -9999   -9999   -9999   -9999   -9999   -9999   -9999   2057.00   2041.00   2031.00   2034.00   2040.00   2023.00   2005.00   1992.00   1990.49   1983.00   1955.00   1912.00   1893.00   1888.00   1892.00   1886.00   1882.00   1868.01   1859.00   1852.51   1842.00   1827.00   1818.01   1820.00   1835.00   1851.00   1838.00   1803.00   1790.00   1790.00   1783.00   1783.00   1777.00   1780.00   1766.00   1755.00   1733.00   1725.50   1722.00   1710.00   1698.00   1693.00   1685.00   1678.00   1678.00   1674.00   1668.00   1665.00   1660.00   1657.00   1652.00   1648.00   1644.00   1635.00   1631.00   1626.00   1617.00   1606.99   1614.00   1613.00   1611.00   1612.00   1611.00   1608.00   1606.00   1603.00   1604.00   1596.00   1593.00   1582.00   1594.00   1592.00   1588.00   1585.00   1577.00   1571.00   1566.00   1567.00   1570.00   1561.00   1561.00   1550.00   1553.00   1543.00   1534.00   1550.00   1548.00   1538.00   1521.00   1507.00   1503.00   1501.00   1498.00   1496.00   1493.49   1493.00   1492.00   1489.00   1488.99   1487.51   1487.00   1484.00   1483.00   1484.00   1482.00   1476.00   1474.00   1467.00   1471.00   1468.00   1460.00   1459.00   1459.00   1461.00   1470.00   1476.00   1473.00   1470.00   1466.00   1479.00   1486.00   1487.00   1490.00   1508.00   1532.00   1533.00   1519.00   1508.00   1502.00   1499.00   -9999   -9999   -9999   -9999   -9999   -9999   -9999   -9999   -9999   -9999   -9999   -9999   -9999   -9999   -9999   -9999   -9999   -9999   -9999   -9999   -9999   -9999   -9999   -9999   -9999   -9999   -9999
 -9999   -9999   -9999   -9999   -9999   -9999   -9999   -9999   -9999   -9999   -9999   -9999   -9999   -9999   -9999   -9999   -9999   -9999   -9999   -9999   -9999   2037.00   2039.00   2019.00   2020.00   2018.00   2028.00   2017.00   2012.00   2004.00   1993.00   1980.00   1958.00   1925.00   1890.00   1884.49   1879.51   1879.49   1878.00   1867.99   1856.00   1852.49   1847.00   1842.00   1835.00   1817.99   1810.00   1805.00   1803.00   1802.00   1799.00   1795.00   1791.00   1788.00   1780.00   1775.00   1768.00   1755.00   1748.00   1745.00   1731.00   1715.00   1722.00   1710.00   1687.00   1668.00   1665.00   1664.00   1661.00   1662.00   1657.00   1655.00   1651.00   1646.00   1643.00   1635.00   1629.00   1625.00   1619.00   1614.00   1618.00   1616.00   1615.00   1616.00   1615.00   1613.00   1605.00   1607.00   1603.00   1598.00   1592.00   1592.00   1600.00   1599.00   1593.00   1586.00   1576.00   1580.00   1580.00   1576.00   1572.00   1565.00   1564.00   1562.00   1566.00   1558.00   1542.00   1553.00   1553.00   1547.00   1532.00   1514.00   1508.00   1502.00   1499.00   1496.00   1496.00   1495.00   1491.00   1489.01   1489.00   1487.49   1487.00   1486.00   1483.00   1481.00   1480.00   1466.00   1461.00   1461.00   1461.00   1460.00   1460.00   1461.00   1464.00   1462.00   1465.00   1475.00   1479.00   1478.00   1468.00   1473.00   1480.00   1481.00   1487.00   1496.00   1508.00   1513.00   1511.00   1508.00   1506.00   -9999   -9999   -9999   -9999   -9999   -9999   -9999   -9999   -9999   -9999   -9999   -9999   -9999   -9999   -9999   -9999   -9999   -9999   -9999   -9999   -9999   -9999   -9999   -9999   -9999   -9999   -9999   -9999
 -9999   -9999   -9999   -9999   -9999   -9999   -9999   -9999   -9999   -9999   -9999   -9999   -9999   -9999   -9999   -9999   -9999   -9999   -9999   -9999   2048.00   2037.00   2021.00   1991.00   1997.00   2004.00   2011.00   2009.00   2001.00   2003.00   1985.00   1973.00   1958.00   1922.00   1888.00   1884.51   1890.00   1877.49   1865.00   1858.99   1859.01   1864.00   1862.00   1847.00   1837.00   1830.00   1822.00   1814.00   1810.00   1806.00   1803.00   1798.00   1793.00   1793.00   1786.00   1780.00   1767.00   1759.00   1756.00   1745.00   1737.00   1732.99   1734.00   1724.00   1708.00   1680.00   1676.00   1670.00   1667.00   1656.00   1654.00   1654.00   1650.00   1647.00   1642.00   1635.00   1628.00   1622.00   1617.00   1620.00   1621.00   1620.00   1618.00   1619.00   1619.00   1615.00   1612.00   1608.00   1598.51   1601.00   1592.00   1603.00   1605.00   1604.00   1596.00   1585.00   1584.00   1587.00   1588.00   1581.00   1573.00   1575.00   1568.00   1572.00   1571.00   1560.00   1555.00   1560.00   1556.00   1549.00   1544.00   1525.00   1510.00   1503.00   1497.99   1498.00   1498.00   1497.00   1491.00   1491.00   1493.00   1493.00   1490.00   1486.00   1480.00   1477.00   1474.00   1466.00   1463.00   1462.00   1460.00   1462.00   1463.00   1465.00   1469.00   1472.00   1464.00   1470.00   1481.00   1481.00   1475.00   1472.00   1472.00   1472.00   1481.00   1488.00   1494.00   1498.00   1501.00   1504.00   1507.00   -9999   -9999   -9999   -9999   -9999   -9999   -9999   -9999   -9999   -9999   -9999   -9999   -9999   -9999   -9999   -9999   -9999   -9999   -9999   -9999   -9999   -9999   -9999   -9999   -9999   -9999   -9999   -9999
 -9999   -9999   -9999   -9999   -9999   -9999   -9999   -9999   -9999   -9999   -9999   -9999   -9999   -9999   -9999   -9999   -9999   -9999   -9999   2022.00   2044.00   2040.00   2023.00   1987.00   1971.38   1976.00   1994.00   1996.00   1982.00   1988.00   1993.00   1982.00   1967.00   1937.00   1900.00   1882.00   1877.51   1875.00   1878.00   1876.00   1870.00   1863.00   1859.00   1846.00   1838.00   1831.00   1824.00   1820.00   1816.00   1811.00   1803.00   1802.00   1801.00   1791.00   1778.00   1775.00   1767.00   1758.00   1752.00   1754.00   1751.00   1745.00   1733.01   1721.00   1709.00   1681.00   1673.00   1673.00   1670.00   1661.00   1650.00   1644.00   1642.00   1642.00   1638.00   1630.00   1627.01   1626.99   1627.00   1623.00   1623.00   1623.00   1619.00   1620.00   1622.00   1617.00   1612.00   1609.00   1602.00   1598.49   1595.99   1605.00   1607.00   1604.00   1598.00   1589.00   1595.00   1596.00   1589.00   1579.00   1578.00   1579.00   1575.00   1576.00   1572.00   1563.00   1566.00   1566.00   1564.00   1561.00   1556.00   1534.00   1510.00   1502.49   1502.51   1500.00   1498.01   1494.00   1495.00   1494.00   1494.00   1491.00   1488.00   1485.00   1479.66   1487.00   1489.00   1476.00   1462.00   1460.49   1462.00   1465.00   1467.00   1469.00   1475.00   1476.00   1468.00   1466.00   1479.00   1483.00   1483.00   1480.00   1473.00   1475.00   1475.00   1482.00   1485.00   1490.00   1495.00   1500.00   1505.00   1507.00   -9999   -9999   -9999   -9999   -9999   -9999   -9999   -9999   -9999   -9999   -9999   -9999   -9999   -9999   -9999   -9999   -9999   -9999   -9999   -9999   -9999   -9999   -9999   -9999   -9999   -9999   -9999
 -9999   -9999   -9999   -9999   -9999   -9999   -9999   -9999   -9999   -9999   -9999   -9999   -9999   -9999   -9999   -9999   -9999   -9999   -9999   2011.00   2020.00   2021.00   2015.00   1991.00   1971.51   1971.37   1971.37   1990.00   1980.00   1979.00   1989.00   1986.00   1971.00   1945.00   1899.00   1887.00   1887.00   1889.00   1887.00   1878.00   1874.00   1862.00   1860.00   1849.00   1836.00   1832.00   1824.00   1816.00   1817.00   1813.00   1807.00   1808.00   1803.00   1794.00   1784.00   1780.00   1767.00   1759.49   1758.00   1758.00   1754.00   1749.00   1731.00   1715.00   1700.00   1689.00   1666.00   1666.00   1664.00   1661.00   1659.00   1652.00   1647.00   1640.00   1631.00   1633.00   1636.00   1634.00   1633.00   1628.00   1626.00   1624.00   1620.00   1622.00   1621.00   1617.00   1613.00   1609.00   1601.00   1596.01   1603.00   1610.00   1608.00   1607.00   1599.00   1596.00   1601.00   1597.00   1588.00   1586.00   1586.00   1581.00   1583.00   1580.00   1575.01   1571.00   1571.00   1567.00   1566.00   1562.00   1551.00   1525.00   1510.00   1507.00   1507.00   1502.00   1498.00   1498.00   1500.00   1497.00   1496.00   1492.00   1486.00   1484.00   1479.67   1490.00   1484.00   1468.00   1460.50   1463.00   1467.00   1473.00   1473.00   1474.51   1477.00   1470.00   1468.00   1472.00   1471.00   1484.00   1486.00   1485.00   1480.00   1476.49   1476.51   1479.00   1489.00   1495.00   1494.00   1492.00   1499.00   1500.00   1500.00   1500.00   -9999   -9999   -9999   -9999   -9999   -9999   -9999   -9999   -9999   -9999   -9999   -9999   -9999   -9999   -9999   -9999   -9999   -9999   -9999   -9999   -9999   -9999   -9999   -9999   -9999
 -9999   -9999   -9999   -9999   -9999   -9999   -9999   -9999   -9999   -9999   -9999   -9999   -9999   -9999   -9999   -9999   -9999   -9999   -9999   2008.00   2004.51   2004.49   1997.00   1992.00   1978.00   1978.00   1971.37   1976.00   1976.00   1977.00   1976.00   1968.00   1950.00   1929.00   1888.00   1888.00   1890.00   1888.00   1889.00   1881.00   1878.00   1861.00   1853.00   1849.00   1838.00   1833.00   1829.00   1821.00   1811.00   1803.00   1801.00   1798.00   1792.00   1787.00   1780.66   1769.99   1764.24   1764.25   1759.51   1756.00   1752.00   1746.00   1741.00   1726.00   1719.00   1704.00   1673.00   1660.00   1659.00   1660.00   1659.00   1655.00   1653.00   1647.00   1640.00   1638.00   1639.00   1636.00   1635.00   1635.00   1630.00   1624.00   1622.99   1624.00   1622.00   1620.00   1614.00   1600.51   1600.49   1604.00   1611.00   1611.00   1610.00   1605.00   1600.00   1602.00   1601.00   1595.00   1591.00   1591.00   1588.00   1588.00   1585.00   1580.00   1574.99   1576.00   1573.00   1566.00   1561.00   1552.00   1542.00   1528.00   1520.00   1516.00   1512.00   1507.00   1503.00   1501.00   1500.00   1499.00   1494.00   1489.00   1486.00   1486.00   1486.00   1479.67   1468.00   1460.50   1463.00   1466.00   1473.00   1480.00   1480.00   1479.00   1474.49   1473.00   1481.00   1483.00   1474.00   1482.00   1489.00   1491.00   1486.00   1478.00   1481.00   1480.00   1482.00   1485.00   1486.00   1486.00   1488.00   1489.00   1493.00   1497.00   1498.00   -9999   -9999   -9999   -9999   -9999   -9999   -9999   -9999   -9999   -9999   -9999   -9999   -9999   -9999   -9999   -9999   -9999   -9999   -9999   -9999   -9999   -9999   -9999   -9999
 -9999   -9999   -9999   -9999   -9999   -9999   -9999   -9999   -9999   -9999   -9999   -9999   -9999   -9999   -9999   -9999   -9999   -9999   -9999   -9999   2017.00   2017.00   2002.00   1990.00   1985.00   2006.00   1983.00   1960.00   1959.00   1967.00   1969.00   1950.00   1934.00   1905.00   1887.00   1884.00   1880.00   1877.01   1885.00   1883.00   1877.00   1863.00   1853.00   1845.00   1837.00   1833.00   1826.00   1821.00   1816.00   1813.00   1812.00   1806.00   1799.00   1789.00   1780.66   1770.00   1770.00   1764.51   1762.00   1759.00   1755.00   1746.00   1736.00   1733.00   1723.00   1716.00   1699.00   1668.00   1658.00   1660.00   1657.00   1655.00   1654.00   1648.00   1643.00   1640.00   1639.00   1638.00   1636.00   1630.00   1630.00   1623.01   1622.00   1625.00   1622.00   1608.00   1603.00   1609.00   1612.00   1614.00   1614.00   1612.00   1608.00   1606.00   1604.00   1605.00   1601.00   1596.00   1596.00   1593.00   1592.00   1588.01   1585.00   1581.00   1579.00   1577.00   1574.00   1573.00   1570.00   1564.00   1561.00   1551.00   1536.00   1529.00   1529.00   1514.00   1505.00   1502.00   1501.00   1496.00   1490.00   1488.00   1488.00   1490.00   1491.00   1477.00   1464.00   1460.51   1466.00   1473.00   1479.00   1482.00   1484.00   1480.00   1473.00   1480.00   1488.00   1490.00   1479.00   1484.00   1492.00   1497.00   1490.00   1480.00   1486.00   1489.00   1485.00   1487.00   1488.00   1489.00   1490.00   1489.00   1489.00   1496.00   1498.00   -9999   -9999   -9999   -9999   -9999   -9999   -9999   -9999   -9999   -9999   -9999   -9999   -9999   -9999   -9999   -9999   -9999   -9999   -9999   -9999   -9999   -9999   -9999   -9999
 -9999   -9999   -9999   -9999   -9999   -9999   -9999   -9999   -9999   -9999   -9999   -9999   -9999   -9999   -9999   -9999   -9999   -9999   -9999   -9999   2033.00   2029.00   2010.00   1985.00   1994.00   2003.00   1990.00   1967.00   1938.00   1947.00   1941.00   1913.00   1893.00   1895.00   1896.00   1895.00   1892.00   1889.00   1876.99   1877.00   1881.00   1866.00   1853.00   1848.00   1840.00   1834.00   1832.00   1826.00   1820.00   1817.00   1813.00   1801.00   1794.00   1786.00   1780.68   1770.00   1770.01   1759.00   1755.00   1754.00   1749.00   1738.00   1731.00   1728.00   1723.00   1709.00   1697.00   1675.00   1656.00   1655.00   1655.00   1655.00   1653.00   1651.00   1646.00   1643.00   1638.00   1635.00   1633.00   1629.00   1630.00   1628.00   1624.00   1622.00   1614.00   1606.00   1613.00   1618.00   1617.00   1617.00   1614.00   1612.00   1609.00   1610.00   1609.00   1608.00   1604.00   1601.00   1599.00   1596.00   1591.00   1587.99   1583.99   1584.01   1583.00   1581.00   1580.00   1578.00   1576.00   1571.00   1563.00   1553.00   1550.00   1549.00   1544.00   1515.00   1500.00   1496.00   1494.00   1491.49   1491.51   1493.00   1493.00   1494.00   1494.00   1486.00   1470.00   1462.00   1461.00   1473.00   1480.00   1485.00   1485.00   1480.00   1475.00   1483.00   1490.00   1491.00   1482.00   1487.00   1496.00   1501.00   1493.00   1482.00   1487.00   1494.00   1495.00   1496.00   1496.00   1497.00   1498.00   1497.00   1491.00   1493.00   1497.00   1498.00   -9999   -9999   -9999   -9999   -9999   -9999   -9999   -9999   -9999   -9999   -9999   -9999   -9999   -9999   -9999   -9999   -9999   -9999   -9999   -9999   -9999   -9999   -9999
 -9999   -9999   -9999   -9999   -9999   -9999   -9999   -9999   -9999   -9999   -9999   -9999   -9999   -9999   -9999   -9999   -9999   -9999   -9999   -9999   2040.00   2035.00   2016.00   1990.00   2003.00   2009.00   1997.00   1975.00   1926.00   1903.00   1918.00   1893.00   1880.51   1896.00   1895.00   1893.00   1894.00   1889.00   1888.00   1873.00   1863.00   1854.00   1849.00   1847.00   1842.00   1837.00   1831.00   1826.00   1822.00   1817.00   1809.00   1802.00   1794.00   1789.00   1775.00   1767.00   1762.00   1756.00   1749.00   1740.00   1727.00   1722.00   1725.00   1716.00   1698.00   1678.00   1669.00   1660.00   1656.00   1650.00   1648.00   1645.00   1649.00   1651.00   1646.00   1643.00   1635.00   1634.00   1630.00   1629.00   1626.00   1626.00   1618.00   1606.00   1606.00   1619.00   1619.00   1623.00   1621.00   1621.00   1616.00   1616.00   1614.00   1613.00   1612.00   1609.00   1605.00   1604.00   1601.00   1598.00   1594.00   1591.00   1589.00   1587.00   1585.00   1584.00   1580.00   1577.00   1574.00   1570.00   1564.00   1556.00   1551.00   1537.00   1522.00   1510.00   1500.00   1498.00   1494.00   1493.00   1496.00   1496.00   1498.00   1499.00   1502.00   1486.00   1469.00   1464.00   1461.00   1467.00   1476.00   1482.00   1483.00   1477.00   1478.00   1487.00   1492.00   1492.00   1486.00   1489.00   1496.00   1500.00   1495.00   1485.00   1487.00   1489.00   1494.00   1499.00   1500.00   1500.00   1501.00   1501.00   1495.00   1493.00   1498.00   1500.00   -9999   -9999   -9999   -9999   -9999   -9999   -9999   -9999   -9999   -9999   -9999   -9999   -9999   -9999   -9999   -9999   -9999   -9999   -9999   -9999   -9999   -9999   -9999
 -9999   -9999   -9999   -9999   -9999   -9999   -9999   -9999   -9999   -9999   -9999   -9999   -9999   -9999   -9999   -9999   -9999   -9999   -9999   -9999   -9999   2035.00   2018.00   2002.00   2013.00   2017.00   1995.00   1959.00   1914.00   1884.00   1912.00   1899.00   1880.49   1888.00   1890.00   1888.00   1889.00   1882.51   1882.49   1879.00   1874.00   1866.00   1852.00   1845.00   1837.00   1833.00   1832.00   1821.00   1819.00   1818.00   1808.51   1803.00   1799.00   1793.00   1783.00   1760.00   1762.00   1747.00   1745.00   1732.00   1717.00   1715.00   1718.00   1700.00   1675.00   1666.00   1661.00   1657.00   1656.00   1654.00   1654.00   1650.00   1641.00   1644.00   1643.00   1641.00   1633.00   1629.00   1625.00   1624.00   1618.00   1615.00   1606.00   1622.00   1625.00   1624.00   1624.00   1622.00   1622.00   1621.00   1618.00   1617.00   1617.00   1616.00   1614.00   1610.00   1609.00   1606.00   1605.00   1600.00   1597.00   1594.00   1590.00   1586.00   1584.00   1582.00   1577.00   1570.00   1564.00   1561.00   1554.00   1549.00   1534.00   1528.99   1535.00   1530.00   1506.00   1499.32   1499.34   1498.00   1498.00   1500.00   1501.00   1494.00   1496.00   1488.00   1472.00   1464.00   1462.49   1464.00   1477.00   1485.00   1488.00   1480.00   1477.00   1486.00   1492.00   1494.00   1490.00   1490.00   1495.00   1498.00   1496.00   1488.00   1490.56   1490.54   1494.00   1496.00   1501.00   1504.00   1506.00   1503.00   1499.00   1494.00   1499.00   1502.00   1503.00   -9999   -9999   -9999   -9999   -9999   -9999   -9999   -9999   -9999   -9999   -9999   -9999   -9999   -9999   -9999   -9999   -9999   -9999   -9999   -9999   -9999   -9999
 -9999   -9999   -9999   -9999   -9999   -9999   -9999   -9999   -9999   -9999   -9999   -9999   -9999   -9999   -9999   -9999   -9999   -9999   -9999   -9999   -9999   2031.00   2020.00   2014.00   2014.00   2007.00   1986.00   1954.00   1912.00   1892.00   1884.00   1888.00   1876.00   1873.00   1880.00   1884.00   1890.00   1886.00   1885.00   1879.00   1868.00   1861.00   1850.00   1840.00   1836.00   1834.00   1829.00   1822.00   1815.00   1808.49   1813.00   1807.00   1797.00   1791.00   1790.00   1760.00   1739.00   1739.00   1717.00   1706.00   1709.00   1700.00   1699.00   1692.00   1673.00   1675.00   1669.00   1662.00   1659.00   1659.00   1656.00   1656.00   1647.00   1639.49   1636.00   1631.00   1628.00   1625.00   1624.00   1619.00   1619.00   1623.00   1623.00   1626.00   1629.00   1629.00   1626.00   1624.00   1623.00   1620.00   1622.00   1619.00   1616.00   1617.00   1614.00   1611.00   1609.00   1608.00   1607.00   1604.00   1600.00   1595.00   1585.00   1581.00   1579.00   1575.00   1572.00   1568.00   1570.00   1568.00   1566.00   1557.00   1556.00   1546.00   1529.01   1514.00   1508.00   1505.00   1501.00   1499.34   1496.00   1496.00   1496.00   1480.00   1477.00   1481.00   1470.00   1462.51   1464.00   1465.00   1476.00   1486.00   1492.00   1487.00   1478.00   1484.00   1490.00   1492.00   1493.00   1494.00   1495.00   1498.00   1497.00   1491.34   1490.55   1497.00   1498.00   1498.00   1500.00   1506.00   1510.00   1507.00   1503.00   1496.00   1497.00   1502.00   1502.00   -9999   -9999   -9999   -9999   -9999   -9999   -9999   -9999   -9999   -9999   -9999   -9999   -9999   -9999   -9999   -9999   -9999   -9999   -9999   -9999   -9999   -9999
 -9999   -9999   -9999   -9999   -9999   -9999   -9999   -9999   -9999   -9999   -9999   -9999   -9999   -9999   -9999   -9999   -9999   -9999   -9999   -9999   -9999   -9999   2021.00   2009.00   2002.00   2003.00   1984.00   1951.00   1905.00   1895.00   1882.01   1881.99   1897.00   1895.00   1873.00   1868.00   1886.00   1885.00   1883.00   1875.00   1865.00   1860.00   1847.00   1841.00   1839.00   1832.00   1827.00   1827.00   1826.00   1813.49   1803.00   1798.00   1785.51   1785.49   1784.00   1775.00   1755.00   1737.00   1731.00   1716.00   1693.00   1688.00   1684.00   1679.49   1681.00   1673.00   1668.00   1663.00   1661.00   1657.00   1657.00   1653.00   1642.00   1639.51   1645.00   1633.00   1634.00   1633.00   1633.00   1629.00   1626.00   1624.00   1623.00   1627.00   1629.00   1629.00   1628.00   1624.00   1621.00   1619.00   1621.00   1618.00   1618.00   1619.00   1612.00   1612.00   1610.00   1608.00   1608.00   1602.00   1591.00   1589.00   1588.00   1586.00   1583.00   1581.00   1581.00   1578.00   1580.00   1579.00   1573.00   1567.00   1554.00   1544.00   1540.00   1530.00   1525.00   1509.00   1495.00   1487.00   1484.00   1482.00   1483.00   1470.00   1464.00   1464.00   1463.00   1464.00   1463.00   1472.00   1472.00   1482.00   1491.00   1493.00   1485.00   1481.00   1485.00   1489.00   1495.00   1497.00   1501.00   1503.00   1500.00   1491.51   1491.50   1498.00   1504.00   1503.00   1503.00   1507.00   1511.00   1511.00   1508.00   1498.99   1499.01   1502.00   1504.00   -9999   -9999   -9999   -9999   -9999   -9999   -9999   -9999   -9999   -9999   -9999   -9999   -9999   -9999   -9999   -9999   -9999   -9999   -9999   -9999   -9999   -9999
 -9999   -9999   -9999   -9999   -9999   -9999   -9999   -9999   -9999   -9999   -9999   -9999   -9999   -9999   -9999   -9999   -9999   -9999   -9999   -9999   -9999   -9999   -9999   2005.00   1991.00   1988.00   1972.00   1933.00   1908.00   1901.00   1891.00   1900.00   1897.00   1902.00   1900.00   1888.00   1868.00   1881.00   1886.00   1875.00   1860.00   1855.00   1849.00   1840.00   1834.00   1832.00   1831.00   1821.00   1814.00   1813.51   1805.00   1798.00   1795.00   1797.00   1804.00   1795.00   1779.00   1757.00   1744.00   1731.00   1707.00   1692.00   1686.00   1688.00   1679.51   1668.00   1662.00   1663.00   1659.00   1656.00   1652.00   1651.00   1648.00   1649.00   1652.00   1648.00   1641.00   1636.00   1637.00   1633.00   1627.00   1627.00   1629.00   1627.00   1629.00   1630.00   1626.00   1624.00   1621.00   1622.00   1617.00   1616.51   1619.00   1616.00   1613.00   1613.00   1610.00   1607.00   1603.00   1596.00   1596.00   1598.00   1596.00   1593.00   1591.00   1587.00   1583.00   1581.00   1581.00   1579.00   1572.00   1562.00   1561.00   1557.00   1551.00   1549.00   1542.00   1522.00   1502.00   1486.00   1472.00   1469.00   1469.00   1464.00   1464.00   1463.49   1464.00   1466.00   1465.00   1473.00   1480.00   1478.00   1491.00   1497.00   1491.00   1486.00   1489.00   1488.00   1494.00   1501.00   1505.00   1507.00   1502.00   1494.00   1493.00   1497.00   1505.00   1509.00   1507.00   1508.00   1515.00   1516.00   1511.00   1503.00   1501.00   1503.00   1507.00   1509.00   -9999   -9999   -9999   -9999   -9999   -9999   -9999   -9999   -9999   -9999   -9999   -9999   -9999   -9999   -9999   -9999   -9999   -9999   -9999   -9999   -9999
 -9999   -9999   -9999   -9999   -9999   -9999   -9999   -9999   -9999   -9999   -9999   -9999   -9999   -9999   -9999   -9999   -9999   -9999   -9999   -9999   -9999   -9999   -9999   2007.00   1993.00   1983.00   1970.00   1945.00   1910.00   1901.00   1889.00   1889.00   1889.00   1892.00   1896.00   1884.00   1864.00   1876.00   1883.00   1888.00   1859.00   1854.00   1847.00   1842.00   1837.00   1832.00   1826.00   1824.00   1815.00   1810.00   1805.00   1801.00   1798.00   1794.01   1801.00   1793.00   1783.00   1760.00   1750.00   1741.00   1727.00   1702.00   1685.00   1680.00   1674.00   1669.00   1664.00   1659.00   1660.00   1659.00   1656.00   1654.00   1650.00   1648.00   1647.00   1648.00   1642.00   1641.00   1639.32   1637.00   1634.00   1635.00   1633.00   1631.00   1631.00   1632.00   1629.00   1627.00   1624.00   1623.00   1619.00   1616.49   1619.00   1614.00   1611.00   1609.00   1604.00   1600.00   1597.00   1599.00   1600.00   1601.00   1597.00   1593.00   1589.00   1586.00   1583.00   1579.00   1578.00   1575.00   1571.00   1571.00   1567.00   1563.00   1558.00   1554.00   1545.00   1533.00   1504.00   1485.00   1475.00   1472.00   1467.00   1464.51   1463.51   1470.00   1475.00   1476.00   1468.00   1474.00   1484.00   1480.00   1491.00   1496.00   1494.00   1490.00   1494.00   1492.00   1490.00   1498.00   1504.00   1507.00   1507.00   1500.00   1500.00   1496.00   1504.00   1511.00   1509.00   1510.00   1514.00   1516.00   1513.00   1505.00   1507.00   1510.00   1509.00   1512.00   1516.00   -9999   -9999   -9999   -9999   -9999   -9999   -9999   -9999   -9999   -9999   -9999   -9999   -9999   -9999   -9999   -9999   -9999   -9999   -9999   -9999
 -9999   -9999   -9999   -9999   -9999   -9999   -9999   -9999   -9999   -9999   -9999   -9999   -9999   -9999   -9999   -9999   -9999   -9999   -9999   -9999   -9999   -9999   -9999   -9999   1995.00   1981.00   1972.00   1932.00   1915.00   1897.00   1888.00   1884.00   1882.00   1887.00   1889.00   1885.00   1857.01   1873.00   1873.00   1872.00   1857.00   1854.00   1851.00   1845.00   1837.00   1830.00   1827.00   1819.00   1813.00   1809.00   1804.00   1798.00   1793.99   1796.00   1797.00   1788.00   1775.00   1763.00   1749.00   1740.00   1733.00   1716.00   1688.00   1680.00   1676.00   1671.00   1664.00   1660.00   1660.00   1657.00   1656.00   1652.00   1642.00   1640.00   1637.00   1641.00   1639.34   1639.34   1639.00   1642.00   1640.00   1635.00   1634.00   1634.00   1630.00   1630.00   1631.00   1629.00   1624.00   1622.00   1619.00   1617.00   1616.00   1612.00   1608.00   1603.01   1603.00   1602.99   1605.00   1604.00   1602.00   1600.00   1597.00   1594.00   1590.00   1588.00   1586.00   1585.00   1582.00   1580.00   1578.00   1574.00   1570.00   1568.00   1562.00   1549.00   1525.00   1505.00   1491.00   1484.00   1491.00   1489.00   1475.00   1464.49   1466.00   1466.00   1478.00   1481.00   1471.00   1475.00   1487.00   1486.00   1492.00   1497.00   1498.00   1490.00   1498.00   1501.00   1494.00   1495.00   1502.00   1509.00   1509.00   1506.00   1507.00   1500.00   1503.00   1513.00   1514.00   1513.00   1515.00   1518.25   1518.51   1510.00   1514.00   1519.00   1516.00   -9999   -9999   -9999   -9999   -9999   -9999   -9999   -9999   -9999   -9999   -9999   -9999   -9999   -9999   -9999   -9999   -9999   -9999   -9999   -9999   -9999   -9999
 -9999   -9999   -9999   -9999   -9999   -9999   -9999   -9999   -9999   -9999   -9999   -9999   -9999   -9999   -9999   -9999   -9999   -9999   -9999   -9999   -9999   -9999   -9999   -9999   1983.00   1966.00   1969.00   1947.00   1928.00   1897.00   1891.00   1882.00   1886.00   1882.00   1881.00   1883.00   1870.00   1857.01   1867.00   1880.00   1861.00   1862.00   1860.00   1856.00   1845.00   1843.00   1829.00   1820.00   1819.00   1816.00   1808.00   1804.00   1797.00   1791.00   1790.00   1781.00   1763.00   1771.00   1756.00   1743.00   1726.00   1711.00   1688.00   1676.00   1673.00   1667.00   1660.00   1658.51   1659.00   1657.00   1651.00   1647.00   1641.00   1636.01   1636.01   1641.00   1642.00   1641.00   1644.00   1644.00   1638.00   1635.00   1635.00   1635.00   1633.00   1630.00   1628.00   1627.00   1623.00   1621.00   1621.00   1615.00   1612.00   1607.51   1607.49   1609.00   1608.00   1609.00   1607.00   1604.00   1603.00   1600.00   1596.00   1596.00   1595.00   1593.00   1588.00   1586.00   1584.00   1582.00   1579.00   1575.00   1572.00   1569.00   1564.00   1556.00   1545.00   1517.00   1501.00   1499.00   1498.00   1497.00   1490.00   1465.41   1465.42   1465.42   1476.00   1487.00   1475.00   1476.00   1488.00   1489.00   1493.00   1499.00   1501.00   1494.00   1501.00   1505.00   1499.00   1496.00   1502.00   1507.00   1510.00   1512.00   1508.00   1503.00   1505.00   1514.00   1518.00   1518.00   1517.00   1518.24   1522.00   1518.00   1521.00   1525.00   1520.00   -9999   -9999   -9999   -9999   -9999   -9999   -9999   -9999   -9999   -9999   -9999   -9999   -9999   -9999   -9999   -9999   -9999   -9999   -9999   -9999   -9999   -9999
 -9999   -9999   -9999   -9999   -9999   -9999   -9999   -9999   -9999   -9999   -9999   -9999   -9999   -9999   -9999   -9999   -9999   -9999   -9999   -9999   -9999   -9999   -9999   -9999   -9999   1971.00   1953.00   1949.00   1912.00   1906.00   1894.00   1884.00   1875.00   1881.00   1876.00   1873.00   1872.00   1867.99   1857.01   1873.00   1864.00   1866.00   1862.00   1857.00   1848.00   1840.00   1831.00   1824.00   1820.00   1816.00   1807.00   1801.00   1799.00   1799.00   1792.00   1786.00   1775.49   1763.00   1743.00   1748.00   1729.00   1710.00   1686.00   1672.00   1667.00   1663.00   1661.00   1658.49   1661.00   1658.00   1652.00   1649.00   1644.00   1636.00   1638.00   1640.00   1642.00   1637.00   1637.00   1640.00   1642.00   1641.00   1638.00   1636.00   1634.00   1631.00   1631.00   1630.00   1626.00   1623.00   1621.00   1618.00   1616.00   1614.00   1613.00   1611.00   1611.00   1610.00   1608.00   1605.00   1603.00   1599.00   1598.00   1597.00   1596.00   1592.00   1588.00   1583.00   1581.00   1579.00   1576.00   1576.00   1571.00   1569.00   1564.00   1558.00   1534.00   1507.00   1500.00   1490.00   1483.00   1483.51   1483.49   1466.25   1466.26   1467.00   1474.00   1490.00   1479.00   1476.00   1482.00   1492.00   1496.00   1500.00   1503.00   1497.00   1502.00   1504.00   1503.00   1499.00   1501.00   1506.00   1511.00   1516.00   1513.00   1508.00   1514.00   1515.00   1521.00   1523.00   1520.00   1521.00   1526.00   1529.00   1528.00   1529.00   1523.00   -9999   -9999   -9999   -9999   -9999   -9999   -9999   -9999   -9999   -9999   -9999   -9999   -9999   -9999   -9999   -9999   -9999   -9999   -9999   -9999   -9999   -9999
 -9999   -9999   -9999   -9999   -9999   -9999   -9999   -9999   -9999   -9999   -9999   -9999   -9999   -9999   -9999   -9999   -9999   -9999   -9999   -9999   -9999   -9999   -9999   -9999   -9999   1959.00   1949.00   1940.00   1915.00   1918.00   1898.00   1899.00   1876.00   1868.00   1873.00   1866.00   1868.01   1868.00   1857.00   1876.00   1869.00   1866.00   1862.00   1857.00   1847.00   1839.00   1832.00   1826.00   1823.00   1813.00   1805.00   1801.00   1797.00   1797.00   1792.00   1780.00   1775.51   1767.00   1742.00   1729.00   1717.00   1694.00   1676.00   1666.00   1664.00   1661.00   1661.00   1661.00   1657.00   1658.00   1657.00   1655.00   1648.00   1640.00   1636.00   1638.00   1640.00   1639.00   1634.00   1634.00   1637.00   1642.00   1638.00   1637.00   1636.00   1635.00   1634.00   1632.00   1628.00   1621.00   1623.00   1618.00   1616.00   1615.00   1615.00   1613.00   1611.00   1610.00   1606.00   1604.00   1600.00   1598.00   1597.00   1595.00   1594.00   1590.00   1585.00   1582.00   1579.00   1579.00   1576.00   1568.00   1570.00   1563.00   1558.00   1544.00   1505.00   1492.00   1503.00   1503.00   1497.00   1479.00   1467.17   1467.17   1466.90   1468.00   1474.00   1487.00   1487.00   1479.00   1480.00   1484.00   1499.00   1506.00   1507.00   1505.00   1505.00   1506.00   1504.00   1504.00   1505.00   1505.00   1511.00   1519.00   1519.00   1511.00   1520.00   1521.00   1525.00   1527.00   1523.00   1525.00   1530.00   1532.00   1533.00   1529.00   -9999   -9999   -9999   -9999   -9999   -9999   -9999   -9999   -9999   -9999   -9999   -9999   -9999   -9999   -9999   -9999   -9999   -9999   -9999   -9999   -9999   -9999   -9999
 -9999   -9999   -9999   -9999   -9999   -9999   -9999   -9999   -9999   -9999   -9999   -9999   -9999   -9999   -9999   -9999   -9999   -9999   -9999   -9999   -9999   -9999   -9999   -9999   -9999   1960.00   1946.00   1932.00   1919.51   1919.49   1923.00   1914.00   1890.00   1865.00   1860.00   1862.00   1862.00   1860.00   1856.99   1875.00   1872.00   1869.00   1859.00   1852.00   1845.00   1838.00   1832.00   1829.00   1822.00   1814.00   1807.00   1802.00   1796.00   1794.00   1783.00   1776.00   1765.00   1757.00   1742.00   1727.00   1700.00   1682.00   1674.00   1670.00   1666.00   1663.00   1657.00   1656.00   1655.00   1653.00   1654.00   1654.00   1651.00   1644.00   1636.00   1638.00   1643.00   1643.00   1641.00   1635.00   1632.00   1635.00   1637.00   1637.00   1636.00   1636.00   1637.00   1632.00   1629.00   1625.00   1622.00   1620.00   1618.00   1617.00   1615.00   1613.00   1612.00   1611.00   1608.00   1606.00   1604.00   1602.00   1600.00   1596.00   1592.00   1588.00   1587.00   1587.00   1586.00   1583.00   1581.00   1566.00   1557.00   1549.00   1529.00   1517.00   1496.00   1487.00   1483.00   1489.00   1496.00   1479.00   1468.00   1468.00   1467.00   1473.00   1481.00   1491.68   1495.00   1488.00   1482.00   1484.00   1492.00   1505.00   1510.00   1512.00   1511.00   1510.00   1507.00   1509.00   1509.00   1510.00   1513.00   1521.00   1524.00   1513.00   1524.00   1527.00   1527.00   1530.00   1527.00   1527.00   1533.00   1536.00   1535.00   -9999   -9999   -9999   -9999   -9999   -9999   -9999   -9999   -9999   -9999   -9999   -9999   -9999   -9999   -9999   -9999   -9999   -9999   -9999   -9999   -9999   -9999   -9999   -9999
 -9999   -9999   -9999   -9999   -9999   -9999   -9999   -9999   -9999   -9999   -9999   -9999   -9999   -9999   -9999   -9999   -9999   -9999   -9999   -9999   -9999   -9999   -9999   -9999   -9999   1977.00   1961.00   1931.00   1922.00   1940.00   1935.00   1898.00   1883.00   1867.00   1862.00   1854.34   1854.33   1862.00   1856.98   1862.00   1867.00   1867.00   1856.00   1854.00   1842.00   1836.00   1832.00   1828.00   1822.00   1816.00   1809.00   1806.00   1796.00   1790.00   1784.00   1776.00   1766.00   1761.00   1753.00   1739.00   1709.00   1686.00   1680.00   1676.00   1668.00   1664.00   1658.00   1656.00   1649.51   1651.00   1649.00   1649.00   1650.00   1648.00   1635.98   1638.00   1645.00   1646.00   1642.00   1638.00   1632.00   1632.00   1634.00   1635.00   1636.00   1637.00   1635.00   1633.00   1628.00   1623.00   1619.00   1618.00   1618.00   1616.00   1615.00   1614.00   1613.00   1611.00   1608.00   1607.00   1605.00   1603.00   1600.00   1597.00   1596.00   1593.00   1590.00   1588.00   1586.00   1584.00   1581.00   1576.00   1571.00   1568.00   1562.00   1532.00   1507.00   1490.00   1483.00   1475.00   1472.01   1471.00   1470.00   1470.00   1472.00   1481.00   1488.00   1496.00   1491.66   1487.00   1484.00   1487.00   1503.00   1507.00   1510.00   1511.00   1514.00   1517.00   1514.00   1515.00   1515.00   1516.00   1514.00   1523.51   1526.00   1518.00   1524.00   1530.00   1532.00   1533.00   1530.00   1530.00   1536.00   1539.00   1537.00   -9999   -9999   -9999   -9999   -9999   -9999   -9999   -9999   -9999   -9999   -9999   -9999   -9999   -9999   -9999   -9999   -9999   -9999   -9999   -9999   -9999   -9999   -9999   -9999
 -9999   -9999   -9999   -9999   -9999   -9999   -9999   -9999   -9999   -9999   -9999   -9999   -9999   -9999   -9999   -9999   -9999   -9999   -9999   -9999   -9999   -9999   -9999   -9999   -9999   1976.00   1959.00   1942.00   1932.00   1937.00   1925.00   1896.00   1901.00   1878.00   1873.00   1867.00   1859.00   1854.33   1860.00   1847.00   1846.00   1857.00   1850.00   1848.00   1841.00   1835.00   1830.00   1827.00   1824.00   1814.00   1810.00   1806.00   1798.00   1789.00   1777.00   1775.00   1765.00   1758.00   1750.00   1737.00   1720.00   1687.00   1680.00   1675.00   1668.00   1659.00   1658.00   1657.00   1649.49   1648.00   1647.00   1644.00   1646.00   1645.00   1633.00   1634.00   1639.00   1642.00   1641.00   1638.00   1634.00   1627.00   1630.00   1634.00   1636.00   1636.00   1635.00   1635.00   1631.00   1624.00   1618.00   1615.00   1616.00   1615.00   1615.00   1614.00   1613.00   1611.00   1609.00   1608.00   1605.00   1603.00   1601.00   1597.00   1595.00   1592.00   1589.00   1587.00   1584.00   1580.00   1573.00   1567.00   1561.00   1556.00   1531.00   1509.00   1498.00   1495.00   1480.00   1481.00   1472.01   1471.99   1471.99   1473.00   1480.00   1491.00   1501.00   1503.00   1491.66   1492.00   1494.00   1487.00   1490.00   1497.00   1499.00   1500.00   1507.00   1518.00   1523.00   1525.00   1521.00   1521.00   1518.00   1524.00   1523.49   1522.00   1528.00   1534.00   1536.00   1538.00   1534.00   1533.00   1536.00   1540.00   1542.00   -9999   -9999   -9999   -9999   -9999   -9999   -9999   -9999   -9999   -9999   -9999   -9999   -9999   -9999   -9999   -9999   -9999   -9999   -9999   -9999   -9999   -9999   -9999   -9999
 -9999   -9999   -9999   -9999   -9999   -9999   -9999   -9999   -9999   -9999   -9999   -9999   -9999   -9999   -9999   -9999   -9999   -9999   -9999   -9999   -9999   -9999   -9999   -9999   1994.00   2009.00   1992.00   1957.00   1942.00   1942.00   1927.00   1903.00   1908.00   1887.00   1877.00   1869.00   1859.00   1847.00   1854.00   1847.00   1837.00   1828.00   1834.00   1840.00   1836.00   1832.00   1828.00   1823.00   1819.00   1812.00   1807.00   1805.00   1800.00   1789.00   1780.00   1763.00   1753.00   1742.00   1745.00   1726.00   1699.00   1683.00   1676.00   1672.00   1665.00   1652.00   1649.00   1653.00   1652.00   1642.00   1641.00   1641.00   1639.00   1642.00   1634.00   1623.00   1631.00   1634.00   1636.00   1636.00   1634.00   1628.00   1627.00   1631.00   1634.00   1636.00   1637.00   1633.00   1630.00   1628.00   1621.00   1617.00   1612.00   1614.00   1613.00   1613.00   1612.00   1610.00   1609.00   1606.00   1605.00   1604.00   1600.00   1598.00   1594.00   1590.00   1586.00   1585.00   1582.00   1578.00   1580.00   1578.00   1570.00   1559.00   1558.00   1541.00   1513.00   1511.00   1493.00   1473.00   1473.00   1475.00   1472.00   1475.00   1487.00   1504.00   1512.00   1509.00   1494.00   1496.00   1503.00   1492.00   1499.00   1496.00   1499.00   1501.00   1503.00   1513.00   1525.00   1529.00   1530.00   1523.00   1524.00   1529.00   1526.00   1525.00   1532.00   1537.00   1546.00   1547.00   1540.00   1537.00   1538.00   1545.00   1549.00   -9999   -9999   -9999   -9999   -9999   -9999   -9999   -9999   -9999   -9999   -9999   -9999   -9999   -9999   -9999   -9999   -9999   -9999   -9999   -9999   -9999   -9999   -9999   -9999
 -9999   -9999   -9999   -9999   -9999   -9999   -9999   -9999   -9999   -9999   -9999   -9999   -9999   -9999   -9999   -9999   -9999   -9999   -9999   -9999   -9999   -9999   -9999   2043.00   2046.00   2023.00   2003.00   1974.00   1952.00   1963.00   1955.00   1922.00   1922.00   1897.00   1878.00   1867.00   1852.00   1848.00   1833.01   1830.74   1830.75   1816.00   1805.00   1818.00   1830.00   1829.00   1824.00   1822.00   1815.00   1802.00   1803.00   1800.00   1794.00   1784.00   1778.00   1760.00   1732.00   1717.00   1719.00   1702.00   1691.01   1683.00   1680.00   1676.00   1671.00   1665.00   1653.00   1640.00   1648.00   1644.00   1633.00   1638.00   1632.00   1635.00   1634.00   1627.00   1616.00   1628.00   1632.00   1632.00   1631.00   1625.00   1625.00   1630.00   1632.00   1635.00   1635.00   1631.00   1628.00   1627.00   1624.00   1619.00   1609.00   1610.00   1611.00   1611.00   1611.00   1610.00   1607.00   1605.00   1603.00   1601.00   1599.00   1597.00   1595.00   1593.00   1590.00   1588.00   1586.00   1584.00   1582.00   1581.00   1578.00   1571.00   1561.00   1542.00   1519.00   1513.00   1506.00   1493.00   1473.00   1473.00   1474.00   1478.00   1483.00   1503.00   1518.00   1517.00   1501.00   1496.00   1504.00   1500.00   1500.00   1509.00   1515.00   1512.00   1506.00   1506.00   1515.00   1524.00   1526.00   1527.00   1529.00   1534.00   1532.00   1528.00   1528.00   1538.00   1549.00   1558.00   1547.00   1539.00   1543.00   1548.00   1553.00   -9999   -9999   -9999   -9999   -9999   -9999   -9999   -9999   -9999   -9999   -9999   -9999   -9999   -9999   -9999   -9999   -9999   -9999   -9999   -9999   -9999   -9999   -9999   -9999
 -9999   -9999   -9999   -9999   -9999   -9999   -9999   -9999   -9999   -9999   -9999   -9999   -9999   -9999   -9999   -9999   -9999   -9999   -9999   -9999   -9999   -9999   -9999   2089.00   2065.00   2047.00   2015.00   1986.00   1961.00   1959.00   1937.00   1920.00   1907.00   1888.00   1868.00   1884.00   1863.00   1848.00   1840.00   1832.50   1825.00   1810.00   1806.00   1795.00   1807.00   1817.00   1809.00   1803.00   1801.00   1789.00   1798.00   1795.00   1790.00   1785.00   1778.00   1762.00   1732.00   1708.00   1698.00   1690.99   1689.00   1685.00   1680.00   1677.00   1673.00   1667.00   1657.00   1635.00   1640.00   1642.00   1629.00   1633.00   1627.00   1625.00   1632.00   1627.00   1615.00   1627.00   1628.00   1629.00   1629.00   1621.00   1625.00   1629.00   1629.00   1632.00   1632.00   1627.00   1622.00   1623.00   1624.00   1616.00   1609.00   1606.00   1609.00   1609.00   1609.00   1608.00   1605.00   1603.00   1601.00   1599.00   1598.00   1596.00   1594.00   1593.00   1591.00   1587.00   1586.00   1585.00   1581.00   1577.00   1574.00   1570.00   1553.00   1520.00   1505.00   1503.00   1494.00   1474.99   1475.00   1475.00   1482.00   1493.00   1485.00   1500.00   1518.00   1524.00   1511.00   1501.00   1503.00   1508.00   1504.00   1512.00   1520.00   1519.00   1515.00   1511.00   1512.00   1514.00   1526.00   1533.00   1535.00   1540.00   1535.00   1535.00   1534.00   1535.00   1549.00   1554.00   1549.00   1542.00   1546.00   1552.51   1557.00   1558.01   -9999   -9999   -9999   -9999   -9999   -9999   -9999   -9999   -9999   -9999   -9999   -9999   -9999   -9999   -9999   -9999   -9999   -9999   -9999   -9999   -9999   -9999   -9999
 -9999   -9999   -9999   -9999   -9999   -9999   -9999   -9999   -9999   -9999   -9999   -9999   -9999   -9999   -9999   -9999   -9999   -9999   -9999   -9999   -9999   -9999   -9999   2124.00   2106.00   2039.00   2011.00   1990.00   1952.51   1952.49   1943.00   1908.00   1892.00   1888.00   1878.00   1887.00   1879.00   1870.00   1846.00   1839.00   1832.00   1808.00   1794.00   1796.00   1780.00   1791.00   1795.00   1782.00   1794.00   1781.00   1793.00   1790.00   1783.00   1778.00   1772.00   1763.00   1735.00   1704.00   1694.00   1691.00   1684.99   1678.99   1674.00   1670.00   1666.00   1663.01   1649.00   1637.00   1630.00   1629.00   1632.00   1620.00   1617.00   1611.51   1615.00   1620.00   1608.00   1624.00   1624.00   1626.00   1625.00   1619.00   1623.00   1626.00   1628.00   1628.00   1628.00   1624.00   1620.00   1617.00   1621.00   1619.00   1612.00   1611.00   1604.51   1606.00   1605.00   1607.00   1606.00   1604.00   1603.00   1597.00   1596.00   1593.00   1590.00   1589.00   1590.00   1587.00   1583.00   1583.00   1579.00   1572.00   1562.00   1560.00   1544.00   1510.00   1495.00   1484.00   1479.00   1476.00   1476.00   1479.00   1485.51   1503.00   1499.00   1494.00   1506.00   1524.00   1522.00   1510.00   1503.00   1511.00   1513.00   1508.00   1520.00   1529.00   1527.00   1520.00   1519.00   1516.00   1522.00   1533.00   1541.00   1547.00   1542.00   1543.00   1545.00   1539.00   1549.00   1553.00   1546.00   1549.00   1550.00   1552.49   1556.99   1562.00   -9999   -9999   -9999   -9999   -9999   -9999   -9999   -9999   -9999   -9999   -9999   -9999   -9999   -9999   -9999   -9999   -9999   -9999   -9999   -9999   -9999   -9999   -9999
 -9999   -9999   -9999   -9999   -9999   -9999   -9999   -9999   -9999   -9999   -9999   -9999   -9999   -9999   -9999   -9999   -9999   -9999   -9999   -9999   -9999   -9999   -9999   2178.00   2098.00   2058.00   2006.00   1993.00   1981.00   1974.00   1961.00   1939.00   1912.00   1901.00   1887.00   1895.00   1893.00   1874.00   1856.01   1832.00   1815.00   1800.00   1786.00   1793.00   1789.00   1772.00   1767.00   1765.00   1766.00   1765.00   1778.00   1781.00   1780.00   1763.00   1749.00   1747.00   1724.00   1703.00   1697.00   1691.00   1685.01   1679.01   1673.00   1666.00   1662.99   1660.00   1648.00   1643.00   1643.00   1636.00   1624.00   1622.00   1621.00   1624.00   1611.49   1602.00   1603.00   1618.00   1619.00   1623.00   1623.00   1616.00   1617.00   1620.00   1623.00   1624.00   1623.00   1623.00   1623.00   1616.00   1618.00   1618.00   1616.00   1613.00   1607.00   1604.49   1602.00   1603.00   1604.00   1603.00   1603.00   1601.00   1599.00   1595.00   1588.00   1580.00   1586.00   1582.00   1577.00   1577.00   1577.00   1572.00   1565.00   1538.00   1522.00   1510.00   1497.00   1491.00   1489.00   1477.00   1476.00   1481.00   1485.49   1498.00   1511.00   1509.00   1503.00   1515.00   1525.00   1522.00   1512.00   1514.00   1520.00   1517.00   1518.00   1532.00   1538.00   1534.00   1530.00   1523.00   1521.00   1527.00   1540.00   1550.00   1550.00   1550.00   1549.00   1545.00   1555.00   1558.00   1552.00   1554.00   1562.00   1557.00   1562.00   1570.00   1574.00   -9999   -9999   -9999   -9999   -9999   -9999   -9999   -9999   -9999   -9999   -9999   -9999   -9999   -9999   -9999   -9999   -9999   -9999   -9999   -9999   -9999   -9999
 -9999   -9999   -9999   -9999   -9999   -9999   -9999   -9999   -9999   -9999   -9999   -9999   -9999   -9999   -9999   -9999   -9999   -9999   -9999   -9999   -9999   -9999   -9999   2218.00   2136.00   2065.00   2038.00   2024.00   2020.00   1995.00   1991.00   1971.00   1922.00   1911.00   1892.00   1891.00   1914.00   1889.00   1855.99   1828.00   1821.00   1801.00   1775.00   1781.00   1785.00   1779.00   1766.00   1749.00   1740.00   1740.00   1739.00   1751.00   1745.00   1735.00   1729.00   1719.00   1708.00   1700.00   1692.00   1684.00   1683.00   1686.00   1680.00   1673.00   1659.00   1648.00   1630.00   1630.00   1638.00   1635.00   1633.00   1630.00   1623.00   1618.00   1618.00   1613.00   1597.67   1605.00   1612.00   1621.00   1623.00   1613.00   1603.00   1612.00   1620.00   1618.00   1618.00   1621.00   1621.00   1619.00   1615.00   1617.00   1614.00   1613.00   1613.00   1609.00   1599.00   1602.00   1603.00   1602.00   1602.00   1601.00   1599.00   1596.00   1591.00   1576.00   1567.00   1570.00   1567.00   1573.00   1568.00   1570.00   1557.00   1530.00   1503.00   1493.00   1492.00   1492.00   1481.00   1476.01   1477.00   1486.00   1487.00   1494.00   1512.00   1520.00   1517.00   1517.00   1523.00   1530.00   1518.00   1515.00   1523.00   1528.00   1522.00   1529.00   1542.00   1546.00   1543.00   1532.00   1524.00   1536.00   1535.00   1547.00   1559.00   1559.00   1553.00   1552.00   1564.00   1564.00   1561.00   1561.00   1568.00   1564.00   1568.00   1569.00   1577.00   -9999   -9999   -9999   -9999   -9999   -9999   -9999   -9999   -9999   -9999   -9999   -9999   -9999   -9999   -9999   -9999   -9999   -9999   -9999   -9999   -9999   -9999
 -9999   -9999   -9999   -9999   -9999   -9999   -9999   -9999   -9999   -9999   -9999   -9999   -9999   -9999   -9999   -9999   -9999   -9999   -9999   -9999   -9999   -9999   -9999   -9999   2184.00   2097.00   2054.00   2038.00   2017.00   1982.00   1977.00   1956.00   1913.00   1899.00   1884.00   1875.00   1875.00   1856.00   1830.00   1850.00   1833.00   1814.00   1767.00   1775.00   1780.00   1774.00   1769.00   1763.00   1756.00   1743.00   1734.00   1725.00   1722.00   1715.00   1718.00   1716.00   1703.00   1695.00   1690.34   1683.00   1677.00   1676.00   1675.00   1668.00   1653.00   1654.00   1649.00   1621.00   1620.01   1620.00   1625.00   1619.99   1617.51   1622.00   1617.00   1612.00   1609.00   1597.67   1607.00   1617.00   1620.00   1612.00   1587.00   1609.00   1613.00   1609.00   1608.00   1616.00   1619.00   1616.00   1612.00   1613.00   1611.00   1612.00   1612.00   1609.00   1597.00   1597.00   1602.00   1601.00   1600.00   1599.00   1597.00   1595.00   1593.00   1583.00   1579.00   1555.00   1545.00   1557.00   1540.00   1562.00   1538.00   1510.00   1487.00   1482.00   1478.00   1477.00   1477.00   1480.00   1484.00   1496.01   1495.99   1497.00   1508.00   1520.00   1527.00   1534.00   1531.00   1533.00   1530.00   1525.00   1521.00   1534.00   1534.00   1527.00   1543.00   1557.00   1551.00   1535.00   1526.00   1540.00   1547.00   1553.00   1569.00   1571.00   1559.00   1563.00   1580.00   1572.00   1567.00   1569.00   1571.00   1577.00   1576.00   1575.00   1582.00   -9999   -9999   -9999   -9999   -9999   -9999   -9999   -9999   -9999   -9999   -9999   -9999   -9999   -9999   -9999   -9999   -9999   -9999   -9999   -9999   -9999   -9999
 -9999   -9999   -9999   -9999   -9999   -9999   -9999   -9999   -9999   -9999   -9999   -9999   -9999   -9999   -9999   -9999   -9999   -9999   -9999   -9999   -9999   -9999   -9999   -9999   2201.00   2112.00   2070.00   2064.00   2035.00   1985.00   1986.00   1952.00   1920.00   1894.00   1882.00   1876.00   1876.00   1879.00   1856.00   1830.00   1812.00   1799.00   1767.00   1757.01   1774.00   1771.00   1766.00   1761.00   1754.00   1748.00   1744.00   1732.00   1729.00   1718.00   1709.00   1708.00   1705.00   1691.00   1690.33   1690.33   1688.00   1678.00   1669.00   1657.00   1661.00   1656.00   1647.00   1634.00   1631.00   1628.00   1620.00   1626.00   1617.49   1616.00   1623.00   1621.00   1617.00   1599.00   1597.66   1616.00   1614.00   1607.00   1578.00   1595.00   1605.00   1603.00   1599.00   1606.00   1611.00   1613.00   1609.00   1607.00   1609.00   1609.00   1608.00   1609.00   1600.00   1591.00   1601.00   1599.00   1598.00   1598.00   1595.00   1594.00   1592.00   1590.00   1586.00   1572.00   1536.00   1515.00   1509.00   1517.00   1519.00   1499.00   1482.00   1480.00   1481.00   1479.00   1482.00   1494.00   1492.00   1505.00   1505.00   1502.00   1509.00   1514.00   1528.00   1544.00   1551.00   1543.00   1539.00   1532.00   1525.00   1540.00   1552.00   1535.00   1542.00   1557.00   1552.00   1537.00   1531.00   1535.00   1546.00   1557.00   1567.00   1573.00   1565.00   1567.00   1593.00   1587.00   1575.00   1576.00   1578.00   1584.00   1584.00   1592.00   1586.00   1593.00   -9999   -9999   -9999   -9999   -9999   -9999   -9999   -9999   -9999   -9999   -9999   -9999   -9999   -9999   -9999   -9999   -9999   -9999   -9999   -9999   -9999
 -9999   -9999   -9999   -9999   -9999   -9999   -9999   -9999   -9999   -9999   -9999   -9999   -9999   -9999   -9999   -9999   -9999   -9999   -9999   -9999   -9999   -9999   -9999   -9999   2204.00   2140.00   2102.00   2065.00   2029.00   2007.00   1993.00   1957.00   1941.00   1915.00   1890.00   1884.00   1898.00   1876.00   1844.00   1819.00   1797.00   1782.00   1769.00   1754.00   1756.99   1769.00   1766.00   1763.00   1757.00   1747.00   1742.00   1739.00   1739.00   1731.00   1724.00   1703.00   1695.00   1700.00   1702.00   1697.00   1692.00   1682.00   1668.00   1671.00   1664.00   1660.00   1655.00   1647.00   1642.00   1641.00   1636.00   1633.00   1620.00   1599.00   1605.00   1618.00   1617.00   1606.00   1594.00   1612.00   1607.00   1590.00   1565.00   1587.00   1597.00   1593.00   1578.00   1582.00   1592.00   1605.00   1606.00   1597.00   1601.00   1602.00   1602.00   1602.00   1600.00   1584.00   1598.00   1596.00   1596.00   1597.00   1593.00   1590.00   1592.00   1589.00   1584.00   1555.00   1556.00   1526.00   1507.00   1495.00   1501.00   1497.00   1486.00   1483.00   1488.00   1488.01   1495.00   1511.00   1508.00   1505.00   1509.00   1509.00   1515.00   1533.00   1550.00   1566.00   1574.00   1559.00   1546.00   1542.00   1533.00   1542.00   1561.00   1549.01   1541.00   1551.00   1548.00   1535.00   1543.00   1539.00   1540.00   1546.00   1555.00   1563.00   1574.00   1570.00   1583.00   1590.00   1584.00   1584.00   1600.00   1610.00   1601.00   1607.00   1595.00   1601.00   -9999   -9999   -9999   -9999   -9999   -9999   -9999   -9999   -9999   -9999   -9999   -9999   -9999   -9999   -9999   -9999   -9999   -9999   -9999   -9999   -9999
 -9999   -9999   -9999   -9999   -9999   -9999   -9999   -9999   -9999   -9999   -9999   -9999   -9999   -9999   -9999   -9999   -9999   -9999   -9999   -9999   -9999   -9999   -9999   -9999   2213.00   2174.00   2136.00   2084.00   2027.00   2017.00   2001.00   1962.00   1969.00   1937.00   1897.00   1878.00   1889.00   1865.00   1840.00   1816.00   1799.00   1787.00   1776.00   1759.00   1748.00   1756.00   1756.00   1759.00   1755.00   1746.00   1744.00   1740.00   1737.00   1729.00   1716.00   1700.00   1712.00   1709.00   1707.00   1704.00   1686.00   1678.00   1686.00   1682.00   1674.00   1669.00   1662.00   1655.00   1650.00   1645.00   1637.00   1630.00   1624.00   1618.00   1595.01   1595.00   1594.99   1611.00   1586.00   1596.00   1604.00   1594.00   1550.00   1585.00   1583.00   1565.00   1564.00   1553.00   1555.00   1584.00   1584.00   1591.00   1572.00   1576.00   1586.00   1590.00   1593.00   1564.00   1575.00   1580.00   1593.00   1594.00   1592.00   1586.00   1589.00   1589.00   1584.00   1552.00   1530.00   1525.00   1511.00   1500.00   1493.00   1490.00   1497.00   1484.03   1487.99   1493.00   1494.00   1513.00   1528.00   1524.00   1520.00   1519.00   1522.00   1535.00   1567.00   1593.00   1593.00   1563.00   1563.00   1566.00   1549.00   1537.00   1548.99   1555.00   1549.00   1551.00   1552.00   1541.00   1551.00   1557.00   1551.00   1550.00   1553.00   1559.00   1571.00   1578.00   1582.00   1598.00   1611.00   1597.00   1644.00   1662.00   1639.00   1606.00   1603.00   1607.00   -9999   -9999   -9999   -9999   -9999   -9999   -9999   -9999   -9999   -9999   -9999   -9999   -9999   -9999   -9999   -9999   -9999   -9999   -9999   -9999   -9999
 -9999   -9999   -9999   -9999   -9999   -9999   -9999   -9999   -9999   -9999   -9999   -9999   -9999   -9999   -9999   -9999   -9999   -9999   -9999   -9999   -9999   -9999   -9999   -9999   2250.00   2196.00   2150.00   2087.00   2040.00   2024.00   1991.00   1962.00   1958.00   1927.00   1892.00   1872.00   1894.00   1882.00   1854.00   1828.00   1803.00   1793.00   1782.00   1770.00   1769.00   1748.00   1748.00   1740.01   1738.99   1730.00   1744.00   1740.00   1728.00   1727.00   1711.00   1716.00   1716.00   1712.00   1710.00   1699.00   1692.00   1698.00   1697.00   1691.00   1681.00   1666.00   1658.00   1649.00   1647.00   1643.00   1641.00   1639.00   1631.00   1626.00   1618.00   1615.00   1603.00   1591.00   1584.00   1567.00   1585.00   1584.00   1545.00   1568.00   1557.00   1545.00   1553.00   1542.00   1536.00   1549.00   1558.00   1550.00   1547.00   1550.00   1561.00   1566.00   1580.00   1572.00   1547.00   1565.00   1592.00   1591.00   1580.00   1565.00   1586.00   1586.00   1582.00   1567.00   1535.00   1516.00   1511.00   1518.00   1507.00   1494.00   1499.00   1490.00   1484.05   1492.00   1498.00   1511.00   1531.00   1540.00   1530.00   1535.00   1543.00   1536.00   1565.00   1593.00   1590.00   1575.00   1591.00   1613.00   1572.00   1544.00   1539.00   1550.00   1557.00   1556.00   1557.00   1549.00   1548.00   1559.00   1569.00   1564.00   1561.00   1560.00   1567.00   1576.00   1583.00   1606.00   1632.00   1605.00   1628.00   1638.00   1630.00   1615.00   1622.00   1623.00   -9999   -9999   -9999   -9999   -9999   -9999   -9999   -9999   -9999   -9999   -9999   -9999   -9999   -9999   -9999   -9999   -9999   -9999   -9999   -9999   -9999
 -9999   -9999   -9999   -9999   -9999   -9999   -9999   -9999   -9999   -9999   -9999   -9999   -9999   -9999   -9999   -9999   -9999   -9999   -9999   -9999   -9999   -9999   -9999   -9999   2290.00   2243.00   2182.00   2106.00   2050.00   2018.00   1974.00   1949.00   1966.00   1942.00   1898.00   1864.00   1878.00   1861.00   1842.00   1836.00   1809.00   1792.00   1779.00   1765.00   1766.00   1754.49   1744.00   1739.00   1744.00   1732.00   1725.00   1721.00   1716.00   1711.65   1711.66   1711.68   1711.00   1702.00   1698.51   1698.49   1704.00   1704.00   1695.00   1685.00   1674.00   1664.00   1664.00   1659.00   1664.00   1655.00   1647.00   1641.00   1631.00   1625.00   1618.00   1608.00   1603.00   1596.00   1576.00   1545.01   1545.00   1544.99   1541.00   1557.00   1560.00   1539.00   1538.00   1532.00   1526.00   1542.00   1547.00   1540.00   1534.00   1545.00   1549.00   1543.00   1559.00   1558.00   1537.00   1555.00   1589.00   1586.00   1570.00   1542.00   1564.00   1571.00   1573.00   1560.00   1552.00   1533.00   1521.00   1515.00   1496.00   1484.08   1484.07   1484.06   1492.00   1494.00   1509.00   1509.00   1520.00   1536.00   1539.00   1552.00   1565.00   1551.00   1550.00   1573.00   1587.00   1594.00   1636.00   1659.00   1576.00   1547.00   1543.00   1546.00   1561.00   1567.00   1567.00   1561.00   1558.49   1558.51   1563.99   1575.00   1569.00   1571.00   1571.00   1577.00   1590.00   1597.00   1613.00   1608.00   1614.00   1624.00   1632.00   1631.00   1636.00   1656.00   -9999   -9999   -9999   -9999   -9999   -9999   -9999   -9999   -9999   -9999   -9999   -9999   -9999   -9999   -9999   -9999   -9999   -9999   -9999   -9999   -9999
 -9999   -9999   -9999   -9999   -9999   -9999   -9999   -9999   -9999   -9999   -9999   -9999   -9999   -9999   -9999   -9999   -9999   -9999   -9999   -9999   -9999   -9999   -9999   -9999   2245.00   2231.00   2166.00   2094.00   2052.00   1996.00   1961.00   1925.00   1918.00   1904.00   1886.00   1866.00   1855.00   1848.00   1833.00   1816.00   1802.00   1787.00   1778.00   1758.00   1754.51   1762.00   1762.00   1759.00   1754.00   1747.00   1735.00   1731.00   1730.00   1723.00   1712.00   1712.01   1706.00   1718.00   1704.00   1714.00   1712.00   1708.00   1699.00   1693.00   1686.00   1676.00   1681.00   1683.00   1678.00   1662.00   1641.00   1635.00   1631.00   1630.00   1625.00   1620.00   1609.00   1594.00   1582.00   1573.00   1567.00   1559.00   1553.00   1538.01   1538.00   1537.00   1528.00   1527.00   1524.00   1528.00   1527.00   1537.00   1531.00   1534.00   1543.00   1531.00   1545.00   1550.00   1533.00   1540.00   1572.00   1577.00   1564.00   1536.00   1529.00   1542.00   1536.00   1525.00   1533.00   1532.00   1513.00   1495.00   1485.00   1484.07   1490.00   1500.00   1502.00   1499.00   1519.00   1525.00   1523.00   1534.00   1552.00   1563.00   1577.00   1580.00   1576.00   1573.00   1597.00   1620.00   1648.00   1603.00   1567.00   1551.00   1548.00   1554.00   1563.00   1576.00   1579.00   1576.00   1565.99   1566.01   1564.01   1567.00   1580.00   1586.00   1584.00   1582.00   1599.00   1612.00   1610.00   1621.00   1620.00   1640.00   1648.00   1660.00   1656.00   1673.00   -9999   -9999   -9999   -9999   -9999   -9999   -9999   -9999   -9999   -9999   -9999   -9999   -9999   -9999   -9999   -9999   -9999   -9999   -9999   -9999   -9999
 -9999   -9999   -9999   -9999   -9999   -9999   -9999   -9999   -9999   -9999   -9999   -9999   -9999   -9999   -9999   -9999   -9999   -9999   -9999   -9999   -9999   -9999   -9999   -9999   2245.00   2151.00   2146.00   2104.00   2043.00   2003.00   1956.00   1915.00   1921.00   1897.00   1870.00   1862.00   1853.01   1852.99   1840.00   1814.00   1798.00   1781.00   1773.00   1761.00   1769.00   1772.00   1770.00   1765.00   1758.00   1750.00   1742.00   1726.00   1720.51   1720.49   1725.00   1722.00   1724.00   1706.00   1710.00   1719.00   1715.00   1710.00   1711.00   1704.00   1692.00   1688.00   1686.00   1685.00   1678.00   1656.00   1637.00   1639.00   1646.00   1642.00   1638.00   1628.00   1620.00   1615.00   1608.00   1587.00   1546.00   1545.00   1539.00   1551.00   1556.00   1535.99   1536.00   1539.00   1524.00   1521.00   1522.00   1528.00   1535.00   1525.00   1530.00   1525.00   1543.00   1548.00   1530.00   1531.00   1551.00   1550.00   1543.00   1532.00   1518.00   1515.00   1511.00   1506.00   1507.00   1517.00   1505.00   1491.00   1484.35   1484.29   1494.00   1510.00   1512.00   1503.00   1516.00   1527.00   1536.00   1549.00   1568.00   1576.00   1591.00   1611.00   1629.00   1606.00   1610.00   1630.00   1613.00   1582.00   1568.00   1558.00   1558.00   1556.00   1568.00   1586.00   1593.00   1589.00   1571.49   1571.51   1570.00   1571.00   1584.00   1597.00   1606.00   1596.00   1603.00   1623.00   1623.00   1635.00   1634.00   1652.00   1672.00   1707.00   1716.00   1687.00   1737.00   -9999   -9999   -9999   -9999   -9999   -9999   -9999   -9999   -9999   -9999   -9999   -9999   -9999   -9999   -9999   -9999   -9999   -9999   -9999   -9999
 -9999   -9999   -9999   -9999   -9999   -9999   -9999   -9999   -9999   -9999   -9999   -9999   -9999   -9999   -9999   -9999   -9999   -9999   -9999   -9999   -9999   -9999   -9999   -9999   2271.00   2167.00   2093.00   2044.00   2001.00   1972.00   1942.00   1921.00   1912.00   1884.00   1864.00   1878.00   1854.00   1862.00   1838.00   1833.00   1816.00   1787.00   1771.00   1766.00   1769.00   1764.00   1762.00   1753.00   1746.00   1734.00   1729.00   1731.00   1733.00   1732.00   1731.00   1729.00   1720.00   1716.00   1723.00   1722.00   1720.00   1721.00   1716.00   1707.00   1702.00   1692.00   1678.00   1670.00   1665.00   1668.00   1655.00   1642.00   1647.00   1638.00   1630.00   1622.00   1612.00   1609.00   1590.00   1577.00   1576.00   1572.00   1567.00   1580.00   1571.00   1564.00   1561.00   1552.00   1532.00   1523.00   1520.51   1522.00   1522.00   1523.00   1518.00   1523.00   1541.00   1544.00   1526.49   1526.51   1539.00   1531.00   1527.00   1532.00   1526.00   1518.00   1515.00   1512.00   1502.00   1492.00   1495.00   1493.00   1485.32   1485.34   1499.00   1514.00   1523.00   1517.00   1510.00   1516.00   1525.00   1545.00   1563.00   1583.00   1595.00   1622.00   1658.00   1628.00   1638.00   1656.00   1604.00   1587.00   1572.00   1569.00   1569.00   1567.00   1574.00   1579.00   1597.00   1595.00   1576.00   1579.00   1580.00   1578.00   1583.00   1599.00   1614.00   1610.00   1603.00   1635.00   1651.00   1662.00   1661.00   1681.00   1692.00   1748.00   1818.00   1796.00   1761.00   1879.00   -9999   -9999   -9999   -9999   -9999   -9999   -9999   -9999   -9999   -9999   -9999   -9999   -9999   -9999   -9999   -9999   -9999   -9999   -9999
 -9999   -9999   -9999   -9999   -9999   -9999   -9999   -9999   -9999   -9999   -9999   -9999   -9999   -9999   -9999   -9999   -9999   -9999   -9999   -9999   -9999   -9999   -9999   -9999   2328.00   2237.00   2151.00   2079.00   2045.00   2023.00   1936.00   1902.00   1898.00   1882.00   1856.00   1876.00   1870.00   1876.00   1853.00   1828.00   1818.00   1796.00   1773.00   1765.00   1759.00   1746.00   1741.00   1738.00   1737.00   1739.00   1743.00   1742.00   1740.00   1738.00   1734.00   1727.00   1716.00   1724.00   1727.00   1726.00   1724.00   1724.00   1721.00   1714.00   1704.00   1693.00   1679.00   1680.00   1684.00   1672.00   1647.99   1639.00   1633.00   1630.49   1632.00   1620.00   1605.00   1601.00   1605.00   1606.00   1600.00   1596.00   1591.00   1583.00   1576.00   1566.00   1558.00   1546.00   1535.00   1530.00   1527.00   1520.49   1520.00   1519.00   1521.00   1516.00   1532.00   1540.00   1523.00   1519.51   1530.00   1530.00   1517.00   1523.00   1535.00   1534.00   1525.00   1516.00   1503.00   1488.00   1487.00   1485.66   1485.68   1491.00   1507.00   1525.00   1532.00   1533.00   1526.00   1528.00   1539.00   1558.00   1573.00   1600.00   1622.00   1631.00   1654.00   1650.00   1675.00   1639.00   1600.00   1599.00   1577.00   1578.00   1580.00   1567.00   1592.00   1588.00   1590.00   1599.00   1588.00   1580.00   1591.00   1587.00   1586.00   1599.00   1621.00   1637.00   1615.00   1654.00   1689.00   1710.00   1712.00   1752.00   1759.00   1781.00   1864.00   1901.00   1843.00   1900.00   -9999   -9999   -9999   -9999   -9999   -9999   -9999   -9999   -9999   -9999   -9999   -9999   -9999   -9999   -9999   -9999   -9999   -9999   -9999
 -9999   -9999   -9999   -9999   -9999   -9999   -9999   -9999   -9999   -9999   -9999   -9999   -9999   -9999   -9999   -9999   -9999   -9999   -9999   -9999   -9999   -9999   -9999   -9999   2278.00   2223.00   2165.00   2112.00   2044.00   2001.00   1939.00   1890.00   1869.00   1858.00   1845.00   1835.00   1862.00   1880.00   1855.00   1824.00   1798.00   1781.00   1762.00   1754.00   1749.00   1748.00   1762.00   1752.00   1752.00   1752.00   1752.00   1750.00   1746.00   1739.00   1732.00   1725.00   1720.00   1729.00   1730.00   1726.00   1724.00   1721.00   1713.00   1707.00   1702.00   1697.00   1692.00   1684.00   1670.00   1648.01   1653.00   1670.00   1650.00   1643.00   1630.51   1624.00   1628.00   1623.00   1614.00   1605.00   1599.00   1592.00   1595.00   1589.00   1573.00   1566.00   1563.00   1557.00   1551.00   1547.00   1535.00   1522.00   1518.00   1518.00   1514.99   1515.01   1524.00   1531.00   1531.00   1519.49   1517.00   1537.00   1521.00   1513.00   1530.00   1526.00   1524.00   1505.00   1490.00   1487.68   1487.66   1487.66   1493.00   1501.00   1514.00   1528.00   1537.00   1539.00   1539.00   1536.00   1548.00   1567.00   1587.00   1609.00   1647.00   1657.00   1670.00   1684.00   1683.00   1622.00   1619.00   1608.00   1579.00   1587.00   1583.00   1588.00   1603.00   1606.00   1604.00   1611.00   1603.00   1590.00   1601.00   1598.00   1594.00   1606.00   1627.00   1642.00   1627.00   1663.00   1707.00   1750.00   1769.00   1791.00   1817.00   1841.00   1894.00   1939.00   1923.00   1924.00   -9999   -9999   -9999   -9999   -9999   -9999   -9999   -9999   -9999   -9999   -9999   -9999   -9999   -9999   -9999   -9999   -9999   -9999   -9999
 -9999   -9999   -9999   -9999   -9999   -9999   -9999   -9999   -9999   -9999   -9999   -9999   -9999   -9999   -9999   -9999   -9999   -9999   -9999   -9999   -9999   -9999   -9999   -9999   2299.00   2211.00   2121.00   2078.00   2035.00   1983.00   1941.00   1896.00   1861.00   1840.00   1829.00   1817.00   1841.00   1863.00   1852.00   1821.00   1784.00   1773.00   1757.00   1771.00   1766.00   1760.00   1776.00   1772.00   1769.00   1759.00   1753.00   1748.00   1740.00   1735.00   1731.00   1723.00   1731.00   1735.00   1731.00   1728.00   1725.00   1723.00   1721.00   1716.00   1708.00   1702.00   1692.00   1678.00   1663.00   1676.00   1684.00   1689.00   1677.00   1639.00   1627.00   1636.00   1634.00   1622.00   1613.00   1613.00   1608.00   1596.00   1589.51   1589.49   1572.00   1563.00   1552.00   1547.00   1541.00   1538.00   1529.00   1532.00   1525.00   1527.00   1519.00   1514.01   1513.99   1519.00   1523.00   1524.00   1515.00   1513.99   1508.00   1503.51   1503.49   1505.00   1506.00   1499.00   1490.00   1493.00   1490.00   1490.00   1499.00   1509.00   1517.00   1521.00   1528.00   1535.00   1543.00   1547.00   1559.00   1575.00   1604.00   1637.00   1656.00   1677.00   1693.00   1712.00   1662.00   1637.00   1636.00   1600.00   1579.00   1594.00   1595.00   1589.49   1601.00   1612.00   1614.51   1619.00   1614.00   1597.00   1606.00   1608.51   1605.00   1612.00   1627.00   1641.00   1638.00   1647.00   1672.00   1702.00   1722.00   1746.00   1779.00   1809.00   1849.00   1916.00   1988.00   1975.00   -9999   -9999   -9999   -9999   -9999   -9999   -9999   -9999   -9999   -9999   -9999   -9999   -9999   -9999   -9999   -9999   -9999   -9999   -9999
 -9999   -9999   -9999   -9999   -9999   -9999   -9999   -9999   -9999   -9999   -9999   -9999   -9999   -9999   -9999   -9999   -9999   -9999   -9999   -9999   -9999   -9999   -9999   -9999   2255.00   2163.00   2105.00   2043.00   1989.00   1968.00   1939.00   1887.00   1858.00   1834.00   1819.00   1808.00   1808.00   1800.50   1808.00   1784.00   1787.00   1786.00   1773.00   1782.00   1774.00   1766.00   1777.00   1774.00   1760.00   1752.00   1748.00   1746.00   1743.00   1741.00   1736.00   1727.00   1736.00   1737.00   1734.00   1733.00   1730.00   1726.00   1722.00   1715.00   1709.00   1702.00   1697.00   1690.00   1671.00   1686.00   1688.00   1683.00   1662.00   1634.00   1637.00   1650.00   1642.00   1626.00   1627.00   1629.00   1617.00   1595.00   1582.00   1588.00   1586.00   1578.00   1569.00   1562.00   1554.00   1543.00   1540.00   1542.00   1541.00   1550.00   1540.00   1520.00   1517.00   1510.51   1512.00   1510.00   1516.00   1514.01   1517.00   1516.00   1503.00   1495.00   1492.00   1491.00   1490.00   1496.00   1495.01   1494.99   1498.00   1509.00   1511.00   1519.00   1527.00   1536.00   1545.00   1554.00   1566.00   1588.00   1618.00   1652.00   1644.00   1683.00   1728.00   1722.00   1682.00   1662.00   1634.00   1610.00   1588.00   1606.00   1608.00   1589.51   1603.00   1603.00   1614.49   1626.00   1626.00   1606.00   1608.49   1616.00   1619.00   1623.00   1647.00   1665.00   1660.00   1658.00   1678.00   1682.00   1705.00   1742.00   1782.00   1812.00   1851.00   1903.00   1992.00   2046.00   -9999   -9999   -9999   -9999   -9999   -9999   -9999   -9999   -9999   -9999   -9999   -9999   -9999   -9999   -9999   -9999   -9999   -9999   -9999
 -9999   -9999   -9999   -9999   -9999   -9999   -9999   -9999   -9999   -9999   -9999   -9999   -9999   -9999   -9999   -9999   -9999   -9999   -9999   -9999   -9999   -9999   -9999   -9999   -9999   2140.00   2045.00   1999.00   1959.00   1930.00   1908.00   1879.00   1856.00   1838.00   1824.00   1819.00   1800.50   1810.00   1800.49   1809.00   1820.00   1799.00   1795.00   1790.00   1776.00   1773.00   1778.00   1775.00   1767.00   1762.00   1763.00   1758.00   1749.00   1742.00   1734.00   1732.00   1738.00   1739.00   1738.00   1735.00   1731.00   1727.00   1720.00   1719.00   1714.00   1709.00   1705.00   1692.00   1675.00   1686.00   1680.00   1660.00   1648.00   1645.00   1639.00   1659.00   1655.00   1642.00   1636.00   1639.00   1619.00   1592.00   1581.00   1581.00   1579.00   1582.00   1579.00   1578.00   1570.00   1561.00   1555.00   1557.00   1555.00   1554.00   1549.00   1537.00   1533.00   1514.00   1510.49   1504.00   1507.00   1510.00   1513.00   1516.00   1503.00   1496.00   1492.00   1494.00   1498.00   1500.00   1500.00   1503.00   1499.00   1502.00   1513.00   1524.00   1532.00   1536.00   1543.00   1551.00   1564.00   1588.00   1605.00   1614.00   1649.00   1739.00   1762.00   1730.00   1717.00   1684.00   1639.00   1607.00   1595.00   1612.00   1606.00   1598.00   1610.00   1617.00   1613.00   1624.00   1632.00   1618.00   1614.00   1624.00   1636.00   1638.00   1659.00   1692.00   1689.00   1683.00   1729.00   1728.00   1741.00   1746.00   1783.00   1838.00   1902.00   1984.00   2046.00   2040.00   -9999   -9999   -9999   -9999   -9999   -9999   -9999   -9999   -9999   -9999   -9999   -9999   -9999   -9999   -9999   -9999   -9999   -9999   -9999
 -9999   -9999   -9999   -9999   -9999   -9999   -9999   -9999   -9999   -9999   -9999   -9999   -9999   -9999   -9999   -9999   -9999   -9999   -9999   -9999   -9999   -9999   -9999   -9999   -9999   2185.00   2097.00   2038.00   1974.00   1933.00   1916.00   1881.00   1857.00   1835.00   1817.00   1808.00   1800.51   1836.00   1846.00   1840.00   1816.00   1801.00   1825.00   1806.00   1785.00   1774.00   1771.00   1776.00   1776.00   1769.00   1767.00   1756.00   1744.00   1736.00   1738.00   1740.00   1741.00   1740.00   1738.00   1736.00   1729.00   1724.00   1719.00   1712.00   1704.49   1699.00   1694.00   1690.00   1691.00   1691.00   1687.00   1681.00   1675.00   1665.00   1649.00   1664.00   1662.00   1654.00   1647.00   1628.00   1604.00   1589.00   1579.00   1579.00   1569.00   1567.00   1566.00   1571.00   1573.00   1575.00   1572.00   1566.00   1560.00   1552.00   1550.00   1548.00   1539.00   1526.00   1525.00   1511.00   1501.00   1500.00   1498.00   1497.00   1497.00   1495.00   1498.00   1502.00   1510.00   1505.00   1511.00   1514.00   1499.00   1501.00   1518.00   1528.00   1538.00   1548.00   1555.00   1561.00   1570.00   1578.00   1591.00   1616.00   1665.00   1749.00   1766.00   1757.00   1704.00   1655.00   1625.00   1603.00   1608.00   1623.00   1603.00   1619.00   1613.00   1622.75   1622.74   1624.00   1640.00   1639.00   1623.00   1630.00   1640.51   1661.00   1688.00   1715.00   1711.00   1697.00   1750.00   1778.00   1791.00   1778.00   1773.00   1812.00   1854.00   1917.00   1997.00   1989.00   -9999   -9999   -9999   -9999   -9999   -9999   -9999   -9999   -9999   -9999   -9999   -9999   -9999   -9999   -9999   -9999   -9999   -9999   -9999
 -9999   -9999   -9999   -9999   -9999   -9999   -9999   -9999   -9999   -9999   -9999   -9999   -9999   -9999   -9999   -9999   -9999   -9999   -9999   -9999   -9999   -9999   -9999   -9999   -9999   2138.00   2043.00   1990.00   1951.00   1918.00   1901.00   1870.00   1850.00   1832.00   1829.00   1822.00   1804.00   1838.00   1854.00   1843.00   1827.00   1820.00   1842.00   1812.00   1792.00   1776.00   1763.00   1759.00   1756.00   1752.00   1749.00   1745.00   1741.00   1743.00   1744.00   1743.00   1740.00   1740.00   1737.00   1736.00   1731.00   1723.00   1716.00   1711.00   1704.51   1705.00   1707.00   1706.00   1702.00   1699.00   1694.00   1688.00   1680.00   1670.00   1668.00   1671.00   1668.00   1659.00   1649.00   1624.00   1600.00   1596.00   1584.00   1573.00   1569.00   1566.00   1560.00   1555.51   1566.00   1570.00   1567.00   1561.00   1555.00   1549.00   1544.00   1541.00   1535.00   1525.00   1518.00   1510.00   1506.00   1505.00   1504.00   1501.00   1500.00   1499.00   1506.00   1515.00   1520.00   1510.00   1518.00   1518.00   1506.00   1503.00   1507.43   1533.00   1540.00   1546.00   1550.00   1561.00   1570.00   1579.00   1597.00   1616.00   1660.00   1764.00   1797.00   1758.00   1688.00   1643.00   1625.00   1619.00   1626.00   1629.00   1612.00   1622.00   1627.00   1623.51   1632.00   1627.00   1642.00   1652.00   1643.00   1635.00   1640.49   1661.00   1698.00   1739.00   1738.00   1711.00   1753.00   1794.00   1826.00   1806.00   1793.00   1800.00   1830.00   1886.00   1948.00   1981.00   -9999   -9999   -9999   -9999   -9999   -9999   -9999   -9999   -9999   -9999   -9999   -9999   -9999   -9999   -9999   -9999   -9999   -9999   -9999
 -9999   -9999   -9999   -9999   -9999   -9999   -9999   -9999   -9999   -9999   -9999   -9999   -9999   -9999   -9999   -9999   -9999   -9999   -9999   -9999   -9999   -9999   -9999   -9999   -9999   -9999   2057.00   1984.00   1930.00   1917.00   1901.00   1861.00   1851.00   1851.00   1833.00   1809.00   1808.00   1828.00   1853.00   1852.00   1829.00   1847.00   1850.00   1817.00   1799.00   1778.00   1767.00   1765.00   1764.00   1759.00   1752.00   1748.00   1753.00   1756.00   1750.00   1744.00   1740.00   1735.00   1734.00   1730.00   1725.00   1719.00   1715.00   1711.00   1713.00   1715.00   1714.00   1711.00   1706.00   1702.00   1696.00   1688.00   1681.00   1679.00   1678.00   1676.00   1668.00   1654.00   1647.00   1637.00   1628.00   1612.00   1602.00   1592.00   1582.00   1581.00   1569.00   1555.49   1554.00   1563.00   1557.00   1553.00   1549.00   1545.00   1539.00   1534.00   1529.00   1528.00   1523.00   1515.00   1509.00   1516.00   1521.00   1508.00   1505.00   1510.00   1522.00   1526.00   1519.00   1514.00   1523.00   1514.00   1507.45   1507.44   1514.00   1522.00   1529.00   1533.00   1546.00   1554.00   1565.00   1581.00   1611.00   1648.00   1678.00   1764.00   1796.00   1733.00   1673.00   1668.00   1654.00   1639.00   1642.00   1631.00   1624.00   1626.00   1635.00   1628.00   1634.00   1636.00   1641.00   1656.00   1659.00   1659.00   1659.00   1659.00   1679.00   1729.00   1762.00   1745.00   1740.00   1791.00   1860.00   1837.00   1839.00   1848.00   1849.00   1920.00   1996.00   -9999   -9999   -9999   -9999   -9999   -9999   -9999   -9999   -9999   -9999   -9999   -9999   -9999   -9999   -9999   -9999   -9999   -9999   -9999   -9999
 -9999   -9999   -9999   -9999   -9999   -9999   -9999   -9999   -9999   -9999   -9999   -9999   -9999   -9999   -9999   -9999   -9999   -9999   -9999   -9999   -9999   -9999   -9999   -9999   -9999   -9999   2042.00   1967.00   1934.00   1911.00   1890.00   1870.00   1867.00   1868.00   1846.00   1824.00   1809.00   1827.00   1846.00   1851.00   1847.00   1844.00   1827.00   1801.00   1789.00   1779.00   1775.00   1775.00   1774.00   1767.00   1757.00   1752.00   1753.00   1752.00   1748.00   1744.00   1741.00   1738.00   1736.00   1733.00   1728.00   1726.00   1722.00   1718.00   1720.00   1720.00   1715.00   1711.00   1706.00   1701.00   1698.00   1694.00   1680.00   1674.00   1677.00   1670.00   1667.00   1655.00   1641.00   1647.00   1647.00   1634.00   1627.00   1607.00   1578.00   1570.00   1562.00   1555.00   1550.00   1552.00   1549.00   1544.00   1540.00   1538.00   1534.00   1531.00   1529.00   1521.00   1518.00   1515.00   1519.00   1531.00   1526.00   1515.00   1511.00   1516.00   1527.00   1527.00   1519.00   1523.00   1525.00   1514.00   1508.68   1520.00   1530.00   1536.00   1531.00   1535.00   1542.00   1551.00   1564.00   1585.00   1618.00   1683.00   1740.00   1774.00   1761.00   1723.00   1699.00   1704.00   1671.00   1654.00   1648.00   1635.00   1630.00   1630.00   1637.00   1635.00   1637.00   1645.00   1645.00   1655.00   1672.00   1685.00   1693.00   1699.00   1683.00   1712.00   1747.00   1772.00   1778.00   1838.00   1930.00   1899.00   1884.00   1907.00   1937.00   1991.00   2039.00   -9999   -9999   -9999   -9999   -9999   -9999   -9999   -9999   -9999   -9999   -9999   -9999   -9999   -9999   -9999   -9999   -9999   -9999   -9999   -9999
 -9999   -9999   -9999   -9999   -9999   -9999   -9999   -9999   -9999   -9999   -9999   -9999   -9999   -9999   -9999   -9999   -9999   -9999   -9999   -9999   -9999   -9999   -9999   -9999   -9999   -9999   -9999   1999.00   1970.00   1927.00   1907.00   1877.00   1870.00   1867.00   1864.00   1837.00   1814.00   1818.49   1850.00   1859.00   1843.00   1829.00   1824.00   1819.00   1812.00   1793.00   1776.00   1765.00   1760.00   1757.00   1751.00   1748.00   1743.00   1742.00   1740.00   1737.00   1734.00   1736.00   1731.00   1727.00   1724.00   1722.00   1723.00   1722.00   1721.00   1720.00   1719.00   1712.00   1704.00   1698.00   1696.00   1694.00   1681.00   1662.00   1659.00   1653.00   1648.00   1641.00   1646.00   1626.00   1645.00   1645.00   1635.00   1611.00   1586.00   1572.00   1564.00   1556.01   1554.00   1549.00   1545.00   1541.00   1544.00   1542.00   1543.00   1543.00   1536.00   1528.00   1525.00   1531.00   1533.00   1539.00   1527.00   1527.00   1520.00   1525.00   1529.00   1525.00   1526.00   1530.00   1522.00   1511.00   1512.00   1519.00   1528.00   1539.00   1547.00   1541.00   1550.00   1558.00   1570.00   1589.00   1618.00   1675.00   1756.00   1777.00   1755.00   1738.00   1730.00   1709.00   1671.00   1654.00   1644.00   1635.00   1636.00   1636.00   1637.00   1642.00   1645.00   1651.00   1657.00   1661.00   1675.00   1695.00   1714.00   1738.00   1727.00   1706.00   1724.00   1742.00   1771.00   1837.00   1935.00   2009.00   1983.00   1959.00   2013.00   -9999   -9999   -9999   -9999   -9999   -9999   -9999   -9999   -9999   -9999   -9999   -9999   -9999   -9999   -9999   -9999   -9999   -9999   -9999   -9999   -9999   -9999
 -9999   -9999   -9999   -9999   -9999   -9999   -9999   -9999   -9999   -9999   -9999   -9999   -9999   -9999   -9999   -9999   -9999   -9999   -9999   -9999   -9999   -9999   -9999   -9999   -9999   -9999   -9999   -9999   1978.00   1937.00   1910.00   1877.00   1860.00   1853.00   1849.00   1837.00   1830.00   1818.51   1843.00   1859.00   1850.00   1857.00   1841.00   1817.00   1799.00   1786.00   1780.00   1771.00   1765.00   1760.00   1751.00   1746.00   1743.00   1739.00   1736.00   1735.00   1733.00   1733.00   1732.00   1732.00   1728.00   1722.00   1720.00   1722.00   1722.00   1721.00   1720.00   1714.00   1707.00   1697.00   1690.00   1689.00   1679.00   1659.00   1654.00   1657.00   1654.00   1630.00   1623.00   1608.00   1631.00   1638.00   1635.00   1623.00   1601.00   1572.00   1562.00   1555.99   1554.00   1549.00   1546.00   1550.00   1550.00   1552.00   1546.00   1543.00   1537.00   1540.00   1530.00   1540.00   1549.00   1541.00   1540.00   1537.00   1535.00   1537.00   1533.00   1529.00   1530.00   1532.00   1525.00   1512.00   1513.00   1524.00   1534.00   1535.00   1547.00   1556.00   1553.00   1557.00   1569.00   1591.00   1614.00   1654.00   1759.00   1799.00   1770.00   1761.00   1722.00   1687.00   1669.00   1653.00   1645.00   1640.00   1645.00   1645.00   1646.00   1648.00   1656.00   1659.00   1667.00   1672.00   1681.00   1705.00   1725.00   1759.00   1773.00   1738.00   1769.00   1782.00   1772.00   1807.00   1908.00   2023.00   2007.00   2014.00   2038.00   -9999   -9999   -9999   -9999   -9999   -9999   -9999   -9999   -9999   -9999   -9999   -9999   -9999   -9999   -9999   -9999   -9999   -9999   -9999   -9999   -9999   -9999
 -9999   -9999   -9999   -9999   -9999   -9999   -9999   -9999   -9999   -9999   -9999   -9999   -9999   -9999   -9999   -9999   -9999   -9999   -9999   -9999   -9999   -9999   -9999   -9999   -9999   -9999   -9999   -9999   1985.00   1942.00   1913.00   1878.00   1862.00   1864.00   1863.00   1847.00   1835.00   1822.00   1839.00   1848.00   1830.00   1842.00   1845.00   1827.00   1805.00   1784.00   1777.00   1767.00   1760.00   1755.00   1753.00   1756.00   1751.00   1747.00   1743.00   1742.00   1742.00   1741.00   1737.00   1734.00   1732.00   1727.00   1721.00   1715.00   1716.00   1718.00   1717.00   1709.00   1701.00   1697.00   1692.00   1688.00   1680.00   1666.00   1668.00   1669.00   1662.00   1649.00   1640.00   1607.00   1597.51   1622.00   1617.00   1599.00   1584.00   1566.00   1563.00   1561.00   1552.00   1553.00   1554.00   1557.00   1558.00   1554.00   1548.00   1547.00   1546.00   1554.00   1538.00   1546.00   1561.00   1551.00   1556.00   1554.00   1548.00   1541.00   1537.00   1535.00   1534.00   1534.00   1525.00   1514.00   1520.00   1531.00   1542.00   1542.00   1543.00   1551.00   1556.00   1563.00   1573.00   1591.00   1615.00   1652.00   1769.00   1819.00   1798.00   1786.00   1733.00   1682.00   1658.00   1647.00   1637.00   1643.00   1649.00   1652.00   1654.00   1654.00   1658.00   1667.00   1676.00   1684.00   1687.00   1723.00   1759.00   1777.00   1817.00   1777.00   1813.00   1851.00   1839.00   1808.00   1863.00   1928.00   1957.00   2052.00   -9999   -9999   -9999   -9999   -9999   -9999   -9999   -9999   -9999   -9999   -9999   -9999   -9999   -9999   -9999   -9999   -9999   -9999   -9999   -9999   -9999   -9999   -9999
 -9999   -9999   -9999   -9999   -9999   -9999   -9999   -9999   -9999   -9999   -9999   -9999   -9999   -9999   -9999   -9999   -9999   -9999   -9999   -9999   -9999   -9999   -9999   -9999   -9999   -9999   -9999   -9999   1973.00   1934.00   1907.00   1889.00   1875.00   1876.00   1872.00   1846.00   1831.00   1828.00   1827.00   1837.00   1819.00   1814.00   1807.00   1799.00   1793.00   1791.00   1780.00   1776.00   1772.00   1765.00   1769.00   1770.00   1763.00   1759.00   1755.00   1747.00   1743.00   1740.00   1737.00   1735.00   1734.00   1728.00   1721.00   1717.00   1706.00   1709.00   1707.00   1700.00   1695.00   1693.00   1693.00   1694.00   1686.00   1680.00   1674.00   1663.00   1653.00   1654.00   1630.00   1611.00   1596.75   1596.74   1591.00   1578.00   1569.00   1569.00   1560.00   1557.00   1560.00   1563.00   1566.00   1567.00   1557.00   1555.00   1552.00   1558.00   1561.00   1562.00   1545.00   1554.00   1570.00   1567.00   1566.00   1557.00   1550.00   1541.00   1538.00   1540.00   1537.00   1531.00   1524.00   1520.00   1528.00   1535.00   1544.00   1554.00   1554.00   1556.00   1562.00   1571.00   1578.00   1590.00   1615.00   1654.00   1761.00   1817.00   1810.00   1756.00   1693.00   1668.00   1648.00   1636.00   1628.00   1637.00   1651.00   1653.00   1658.00   1662.00   1666.00   1675.00   1684.00   1700.00   1702.00   1709.00   1742.00   1781.00   1839.00   1827.00   1826.00   1916.00   1945.00   1875.00   1847.00   1881.00   1945.00   2049.00   -9999   -9999   -9999   -9999   -9999   -9999   -9999   -9999   -9999   -9999   -9999   -9999   -9999   -9999   -9999   -9999   -9999   -9999   -9999   -9999   -9999   -9999   -9999
 -9999   -9999   -9999   -9999   -9999   -9999   -9999   -9999   -9999   -9999   -9999   -9999   -9999   -9999   -9999   -9999   -9999   -9999   -9999   -9999   -9999   -9999   -9999   -9999   -9999   -9999   -9999   -9999   1997.00   1981.00   1942.00   1912.00   1892.00   1881.00   1869.00   1851.00   1842.00   1836.00   1832.00   1847.00   1841.00   1834.00   1815.00   1814.00   1810.00   1816.00   1801.00   1799.00   1785.00   1765.00   1765.00   1763.00   1757.00   1759.00   1761.00   1753.00   1743.00   1740.00   1737.00   1730.00   1730.00   1728.00   1718.00   1713.00   1705.00   1698.49   1698.51   1689.00   1683.00   1688.00   1690.00   1692.00   1690.00   1685.00   1678.00   1670.00   1657.00   1633.00   1616.00   1613.00   1608.00   1591.00   1584.00   1577.00   1573.00   1560.00   1561.00   1563.00   1571.00   1579.00   1576.00   1568.00   1563.00   1562.00   1556.00   1561.00   1570.00   1564.00   1555.00   1566.00   1574.00   1569.00   1563.00   1546.51   1547.00   1543.34   1541.00   1537.00   1535.00   1527.00   1523.00   1523.00   1530.00   1539.00   1547.00   1551.00   1558.00   1565.00   1570.00   1574.00   1577.00   1587.00   1609.00   1650.00   1743.00   1778.00   1806.00   1715.00   1656.00   1650.00   1638.00   1621.00   1626.00   1638.00   1644.00   1650.00   1661.00   1670.00   1675.00   1683.00   1690.00   1705.00   1725.00   1739.00   1748.00   1790.00   1871.00   1900.00   1879.00   1955.00   2005.00   1947.00   1897.00   1928.00   1951.00   2029.00   -9999   -9999   -9999   -9999   -9999   -9999   -9999   -9999   -9999   -9999   -9999   -9999   -9999   -9999   -9999   -9999   -9999   -9999   -9999   -9999   -9999   -9999   -9999
 -9999   -9999   -9999   -9999   -9999   -9999   -9999   -9999   -9999   -9999   -9999   -9999   -9999   -9999   -9999   -9999   -9999   -9999   -9999   -9999   -9999   -9999   -9999   -9999   -9999   -9999   -9999   -9999   -9999   -9999   1947.00   1926.00   1910.00   1899.00   1890.00   1867.00   1851.00   1838.00   1841.00   1854.00   1844.00   1838.00   1832.00   1814.00   1803.00   1788.00   1785.00   1783.00   1766.00   1754.00   1750.00   1749.00   1746.00   1746.00   1747.00   1744.00   1739.00   1737.00   1737.00   1735.00   1728.00   1724.00   1723.00   1718.00   1712.00   1704.00   1694.00   1692.00   1683.00   1677.00   1688.00   1689.00   1687.00   1683.00   1681.00   1679.00   1670.00   1653.00   1627.00   1598.00   1596.00   1591.00   1594.00   1576.00   1565.00   1568.00   1575.00   1579.00   1578.00   1591.00   1585.00   1572.00   1573.00   1569.00   1568.00   1568.00   1573.00   1576.00   1570.00   1572.00   1568.00   1557.00   1553.00   1546.49   1543.15   1543.34   1538.00   1532.00   1531.00   1524.00   1528.00   1527.00   1532.00   1539.00   1544.00   1545.49   1551.00   1557.00   1559.00   1561.00   1568.00   1585.00   1605.00   1640.00   1688.00   1752.00   1818.00   1691.00   1640.00   1631.00   1619.00   1612.00   1628.00   1643.00   1646.00   1655.00   1666.00   1678.00   1686.00   1692.00   1700.00   1710.00   1739.00   1779.00   1784.00   1802.00   1872.00   1944.00   1954.00   1973.00   2026.00   2029.00   1994.00   2039.00   2047.00   -9999   -9999   -9999   -9999   -9999   -9999   -9999   -9999   -9999   -9999   -9999   -9999   -9999   -9999   -9999   -9999   -9999   -9999   -9999   -9999   -9999   -9999   -9999   -9999
 -9999   -9999   -9999   -9999   -9999   -9999   -9999   -9999   -9999   -9999   -9999   -9999   -9999   -9999   -9999   -9999   -9999   -9999   -9999   -9999   -9999   -9999   -9999   -9999   -9999   -9999   -9999   -9999   -9999   -9999   1947.00   1920.00   1901.00   1890.00   1883.00   1869.00   1853.00   1843.00   1850.00   1865.00   1859.00   1858.00   1850.00   1825.00   1799.00   1787.00   1783.00   1773.00   1763.00   1758.00   1746.00   1748.00   1744.00   1742.00   1737.00   1734.00   1735.00   1734.00   1735.00   1734.00   1731.00   1722.00   1724.00   1723.00   1719.00   1712.00   1708.00   1709.00   1692.00   1669.00   1680.00   1684.00   1680.00   1681.00   1680.00   1680.00   1674.00   1663.00   1642.00   1605.00   1588.00   1578.00   1572.00   1568.00   1576.00   1576.00   1593.00   1592.00   1583.00   1591.00   1583.00   1577.00   1580.00   1579.00   1581.00   1584.00   1579.00   1582.00   1577.00   1567.00   1562.00   1551.00   1547.00   1545.00   1543.17   1542.00   1538.00   1534.00   1530.00   1529.00   1536.00   1536.00   1539.00   1541.00   1543.00   1545.51   1547.00   1548.00   1552.00   1557.00   1568.00   1585.00   1603.00   1621.00   1653.00   1705.00   1793.00   1662.00   1626.00   1614.00   1607.00   1617.00   1631.00   1631.00   1634.00   1645.00   1662.00   1680.00   1696.00   1711.00   1723.00   1723.00   1738.00   1782.00   1801.00   1822.00   1859.00   1937.00   2003.00   1992.00   2020.00   2063.00   2067.00   2057.00   -9999   -9999   -9999   -9999   -9999   -9999   -9999   -9999   -9999   -9999   -9999   -9999   -9999   -9999   -9999   -9999   -9999   -9999   -9999   -9999   -9999   -9999   -9999   -9999   -9999
 -9999   -9999   -9999   -9999   -9999   -9999   -9999   -9999   -9999   -9999   -9999   -9999   -9999   -9999   -9999   -9999   -9999   -9999   -9999   -9999   -9999   -9999   -9999   -9999   -9999   -9999   -9999   -9999   -9999   -9999   1948.00   1921.00   1906.00   1890.00   1878.00   1868.00   1858.00   1851.00   1859.00   1863.00   1837.00   1827.00   1832.00   1830.00   1820.00   1814.00   1804.00   1782.00   1762.00   1750.00   1744.00   1739.00   1735.00   1731.00   1731.00   1726.00   1726.00   1729.00   1731.00   1731.00   1728.00   1718.00   1721.00   1721.00   1720.00   1717.00   1713.00   1706.00   1689.00   1667.00   1666.00   1671.00   1677.00   1677.00   1680.00   1669.00   1662.00   1661.00   1634.00   1596.00   1579.50   1574.00   1574.00   1588.00   1596.00   1590.00   1600.00   1597.00   1597.00   1595.00   1588.00   1588.00   1592.00   1593.00   1594.00   1596.00   1584.00   1575.00   1567.00   1561.00   1554.00   1551.00   1551.00   1551.00   1548.00   1545.00   1541.00   1538.00   1532.00   1535.00   1541.00   1547.00   1550.00   1549.00   1548.00   1551.00   1551.00   1555.00   1556.00   1557.00   1565.00   1577.00   1592.00   1609.00   1631.00   1663.00   1711.00   1634.00   1612.00   1602.00   1602.00   1611.00   1615.00   1621.00   1628.00   1641.00   1661.00   1680.00   1703.00   1726.00   1753.00   1759.00   1749.00   1764.00   1789.00   1823.00   1874.00   1960.00   2035.00   2014.00   2029.00   2036.00   2050.00   -9999   -9999   -9999   -9999   -9999   -9999   -9999   -9999   -9999   -9999   -9999   -9999   -9999   -9999   -9999   -9999   -9999   -9999   -9999   -9999   -9999   -9999   -9999   -9999   -9999   -9999
 -9999   -9999   -9999   -9999   -9999   -9999   -9999   -9999   -9999   -9999   -9999   -9999   -9999   -9999   -9999   -9999   -9999   -9999   -9999   -9999   -9999   -9999   -9999   -9999   -9999   -9999   -9999   -9999   -9999   -9999   1951.00   1914.00   1902.00   1896.00   1892.00   1885.00   1873.00   1859.00   1859.00   1863.00   1861.00   1852.00   1818.00   1804.00   1813.00   1803.00   1792.00   1784.00   1772.00   1759.00   1749.00   1744.00   1742.00   1736.00   1727.00   1720.00   1719.00   1726.00   1728.00   1725.00   1721.00   1714.00   1712.00   1715.00   1720.00   1718.00   1712.00   1701.00   1692.00   1682.00   1653.00   1654.00   1672.00   1674.00   1672.00   1658.00   1642.00   1623.00   1601.00   1593.00   1579.49   1580.01   1582.00   1602.00   1615.00   1607.00   1617.00   1609.00   1613.00   1611.00   1600.00   1602.00   1606.00   1601.00   1593.00   1588.00   1582.00   1574.00   1564.00   1557.00   1558.00   1559.00   1558.00   1557.00   1554.00   1547.00   1540.00   1537.00   1534.00   1540.00   1546.00   1555.00   1563.00   1560.00   1557.00   1561.00   1559.00   1563.00   1566.00   1561.00   1562.00   1572.00   1583.00   1595.00   1607.00   1620.00   1621.00   1606.00   1597.00   1595.00   1599.00   1602.00   1609.00   1617.00   1622.00   1635.00   1656.00   1677.00   1702.00   1723.00   1754.00   1783.00   1781.00   1787.00   1820.00   1835.00   1866.00   1932.00   1999.00   2031.00   2028.00   1999.00   1992.00   1989.00   -9999   -9999   -9999   -9999   -9999   -9999   -9999   -9999   -9999   -9999   -9999   -9999   -9999   -9999   -9999   -9999   -9999   -9999   -9999   -9999   -9999   -9999   -9999   -9999   -9999
 -9999   -9999   -9999   -9999   -9999   -9999   -9999   -9999   -9999   -9999   -9999   -9999   -9999   -9999   -9999   -9999   -9999   -9999   -9999   -9999   -9999   -9999   -9999   -9999   -9999   -9999   -9999   -9999   -9999   1975.00   1937.00   1909.00   1897.00   1888.00   1888.00   1887.00   1879.00   1868.00   1858.00   1852.00   1848.00   1821.00   1801.00   1787.00   1780.00   1775.00   1773.00   1783.00   1778.00   1768.00   1755.00   1746.00   1736.00   1737.00   1729.00   1721.51   1716.00   1719.00   1724.00   1722.00   1720.00   1713.00   1704.00   1706.00   1714.00   1712.00   1709.00   1707.00   1704.00   1694.00   1663.00   1633.01   1661.00   1666.00   1660.00   1663.00   1657.00   1636.00   1608.00   1597.00   1587.00   1601.00   1594.00   1602.00   1623.00   1626.00   1628.00   1626.00   1627.00   1623.00   1612.00   1613.00   1614.00   1611.00   1599.00   1590.00   1578.00   1570.00   1565.00   1570.00   1572.00   1574.00   1564.00   1562.00   1560.00   1550.00   1543.00   1537.00   1541.00   1545.00   1550.00   1557.00   1565.00   1567.00   1568.00   1569.00   1566.00   1570.00   1573.00   1566.00   1563.00   1564.00   1575.00   1584.00   1589.00   1593.00   1592.00   1588.00   1590.00   1595.00   1601.00   1604.49   1611.00   1617.00   1625.00   1632.00   1647.00   1668.00   1684.00   1702.00   1733.00   1752.00   1757.00   1776.00   1802.00   1795.00   1819.00   1861.00   1968.00   1980.00   1971.00   1992.00   1937.00   1986.00   -9999   -9999   -9999   -9999   -9999   -9999   -9999   -9999   -9999   -9999   -9999   -9999   -9999   -9999   -9999   -9999   -9999   -9999   -9999   -9999   -9999   -9999   -9999   -9999   -9999
 -9999   -9999   -9999   -9999   -9999   -9999   -9999   -9999   -9999   -9999   -9999   -9999   -9999   -9999   -9999   -9999   -9999   -9999   -9999   -9999   -9999   -9999   -9999   -9999   -9999   -9999   -9999   -9999   1984.00   1971.00   1955.00   1928.00   1910.00   1890.00   1879.00   1875.00   1876.00   1863.00   1831.00   1821.00   1814.00   1809.00   1818.00   1827.00   1811.00   1801.00   1771.00   1765.00   1756.00   1750.00   1744.00   1739.00   1738.00   1732.00   1727.00   1721.49   1717.00   1711.49   1714.00   1717.00   1720.00   1719.00   1708.00   1699.00   1703.00   1705.00   1707.00   1707.00   1704.00   1695.00   1677.00   1632.99   1652.00   1657.00   1651.00   1641.00   1654.00   1650.00   1614.00   1589.00   1595.00   1616.00   1610.00   1604.00   1618.00   1621.00   1621.00   1623.00   1628.00   1621.00   1614.00   1612.00   1616.00   1615.00   1605.00   1594.00   1581.00   1573.00   1571.00   1581.00   1586.00   1587.00   1575.00   1573.00   1560.00   1548.00   1540.00   1541.00   1547.00   1552.00   1555.00   1559.00   1566.00   1570.00   1576.00   1580.00   1578.00   1579.00   1578.00   1572.00   1569.00   1570.00   1568.00   1572.00   1578.00   1581.00   1582.00   1588.00   1592.00   1596.00   1604.51   1610.00   1618.00   1619.00   1627.00   1635.00   1644.00   1654.00   1674.00   1695.00   1711.00   1721.00   1745.00   1769.00   1763.00   1776.00   1799.00   1856.00   1943.00   1946.00   1920.00   1924.00   1922.00   1999.00   -9999   -9999   -9999   -9999   -9999   -9999   -9999   -9999   -9999   -9999   -9999   -9999   -9999   -9999   -9999   -9999   -9999   -9999   -9999   -9999   -9999   -9999   -9999   -9999   -9999
 -9999   -9999   -9999   -9999   -9999   -9999   -9999   -9999   -9999   -9999   -9999   -9999   -9999   -9999   -9999   -9999   -9999   -9999   -9999   -9999   -9999   -9999   -9999   -9999   -9999   -9999   -9999   -9999   -9999   1976.00   1957.00   1935.00   1919.00   1902.00   1890.00   1874.00   1864.00   1855.00   1839.00   1871.00   1858.00   1848.00   1828.00   1811.00   1795.00   1787.00   1771.00   1766.00   1767.00   1764.00   1760.00   1754.00   1751.00   1745.00   1739.00   1727.00   1720.00   1711.51   1708.00   1711.00   1715.00   1718.00   1711.00   1702.00   1694.00   1694.00   1700.00   1700.00   1695.00   1672.00   1635.00   1613.49   1610.00   1610.00   1639.00   1607.00   1619.00   1623.00   1602.00   1589.00   1611.00   1630.00   1618.00   1621.00   1624.00   1622.00   1618.00   1617.00   1619.00   1617.00   1610.00   1609.00   1608.00   1608.00   1602.00   1594.00   1586.00   1575.00   1579.00   1587.00   1596.00   1593.00   1584.00   1569.00   1556.00   1547.00   1540.00   1546.00   1552.00   1556.00   1561.00   1566.00   1574.00   1576.00   1576.00   1581.00   1585.00   1589.00   1588.00   1584.00   1579.00   1577.00   1573.00   1573.00   1576.00   1580.00   1584.00   1592.00   1599.00   1607.00   1613.00   1620.00   1628.00   1630.00   1630.00   1638.00   1645.00   1654.00   1668.00   1681.00   1698.00   1722.00   1743.00   1743.00   1764.00   1820.00   1849.00   1857.00   1903.00   1881.00   1860.00   1878.00   1949.00   -9999   -9999   -9999   -9999   -9999   -9999   -9999   -9999   -9999   -9999   -9999   -9999   -9999   -9999   -9999   -9999   -9999   -9999   -9999   -9999   -9999   -9999   -9999   -9999   -9999   -9999
 -9999   -9999   -9999   -9999   -9999   -9999   -9999   -9999   -9999   -9999   -9999   -9999   -9999   -9999   -9999   -9999   -9999   -9999   -9999   -9999   -9999   -9999   -9999   -9999   -9999   -9999   -9999   -9999   -9999   -9999   1954.00   1938.00   1922.00   1907.00   1901.00   1888.00   1866.00   1849.00   1862.00   1870.00   1857.00   1831.00   1812.00   1798.00   1789.00   1776.00   1766.00   1755.00   1750.00   1749.00   1748.00   1743.00   1735.00   1729.00   1723.00   1719.00   1717.00   1710.00   1706.00   1706.00   1712.00   1714.00   1705.51   1701.00   1692.00   1680.00   1694.00   1696.00   1692.00   1659.00   1613.51   1630.00   1625.00   1612.00   1600.51   1600.51   1600.50   1600.48   1593.00   1599.00   1630.00   1637.00   1637.00   1636.00   1632.00   1625.00   1620.00   1616.00   1612.00   1610.00   1607.00   1605.00   1605.00   1601.00   1594.00   1590.00   1582.00   1581.00   1590.00   1592.00   1593.00   1589.00   1581.00   1572.00   1567.00   1555.00   1545.00   1549.00   1553.00   1556.00   1561.00   1565.00   1572.00   1573.00   1575.00   1579.00   1586.00   1592.00   1597.00   1597.00   1595.00   1590.00   1586.00   1583.00   1579.00   1582.00   1585.00   1590.51   1597.00   1605.00   1613.00   1623.00   1632.00   1640.00   1644.00   1641.00   1648.00   1658.00   1666.00   1677.00   1696.00   1709.00   1720.00   1743.00   1778.00   1825.00   1843.00   1826.00   1868.00   1844.00   1878.00   1929.00   -9999   -9999   -9999   -9999   -9999   -9999   -9999   -9999   -9999   -9999   -9999   -9999   -9999   -9999   -9999   -9999   -9999   -9999   -9999   -9999   -9999   -9999   -9999   -9999   -9999   -9999   -9999
 -9999   -9999   -9999   -9999   -9999   -9999   -9999   -9999   -9999   -9999   -9999   -9999   -9999   -9999   -9999   -9999   -9999   -9999   -9999   -9999   -9999   -9999   -9999   -9999   -9999   -9999   -9999   -9999   -9999   -9999   1945.00   1932.00   1918.00   1899.00   1889.00   1880.00   1876.00   1874.00   1876.00   1849.00   1828.00   1832.00   1824.00   1809.00   1802.00   1790.00   1777.00   1772.00   1759.00   1752.00   1744.00   1736.00   1732.00   1729.00   1724.00   1719.00   1712.00   1709.00   1707.00   1702.01   1701.99   1705.49   1699.00   1697.00   1691.00   1678.00   1686.00   1692.00   1691.00   1681.00   1634.00   1651.00   1660.00   1648.00   1632.00   1621.00   1622.00   1643.00   1624.00   1613.00   1643.00   1655.00   1654.00   1645.00   1636.00   1629.00   1626.00   1622.00   1616.00   1612.00   1609.00   1605.00   1602.00   1599.00   1592.00   1589.00   1586.00   1594.00   1599.00   1599.00   1591.00   1582.00   1575.00   1567.00   1565.00   1556.00   1550.00   1557.00   1558.00   1558.00   1559.00   1563.00   1564.00   1569.00   1577.00   1582.00   1588.00   1591.00   1593.00   1590.00   1589.00   1592.00   1594.00   1592.00   1585.00   1583.00   1585.00   1590.49   1596.00   1601.00   1607.00   1614.00   1621.00   1629.00   1635.00   1641.00   1649.00   1661.00   1670.00   1681.00   1692.00   1704.00   1721.00   1735.00   1746.00   1766.00   1776.00   1793.00   1820.00   1821.00   1904.00   -9999   -9999   -9999   -9999   -9999   -9999   -9999   -9999   -9999   -9999   -9999   -9999   -9999   -9999   -9999   -9999   -9999   -9999   -9999   -9999   -9999   -9999   -9999   -9999   -9999   -9999   -9999   -9999
 -9999   -9999   -9999   -9999   -9999   -9999   -9999   -9999   -9999   -9999   -9999   -9999   -9999   -9999   -9999   -9999   -9999   -9999   -9999   -9999   -9999   -9999   -9999   -9999   -9999   -9999   -9999   -9999   -9999   -9999   1932.00   1912.00   1910.00   1885.00   1882.00   1870.00   1858.00   1861.00   1860.00   1866.00   1841.00   1810.00   1808.00   1805.00   1800.00   1799.00   1787.00   1777.00   1780.00   1778.00   1767.00   1751.00   1741.00   1737.00   1732.00   1729.00   1722.00   1716.00   1712.00   1709.00   1705.00   1696.00   1691.00   1690.00   1686.00   1676.00   1674.00   1685.00   1684.00   1671.00   1634.00   1662.00   1666.00   1664.00   1665.00   1659.00   1647.00   1648.00   1636.00   1627.00   1641.00   1655.00   1661.00   1655.00   1644.00   1644.00   1642.00   1633.00   1625.00   1622.00   1619.00   1616.00   1616.00   1612.00   1605.00   1600.00   1597.00   1601.00   1605.00   1605.00   1597.00   1589.00   1582.00   1569.00   1550.00   1550.00   1564.00   1566.00   1565.00   1564.00   1567.00   1566.00   1568.00   1569.00   1576.00   1579.00   1581.00   1582.00   1583.00   1586.00   1589.00   1594.00   1599.00   1598.00   1592.00   1588.00   1587.00   1591.00   1597.00   1602.00   1607.00   1608.00   1619.00   1626.00   1633.00   1639.00   1647.00   1656.00   1667.00   1678.00   1690.51   1692.00   1708.00   1719.00   1734.00   1750.00   1764.00   1778.00   1799.00   -9999   -9999   -9999   -9999   -9999   -9999   -9999   -9999   -9999   -9999   -9999   -9999   -9999   -9999   -9999   -9999   -9999   -9999   -9999   -9999   -9999   -9999   -9999   -9999   -9999   -9999   -9999   -9999   -9999   -9999
 -9999   -9999   -9999   -9999   -9999   -9999   -9999   -9999   -9999   -9999   -9999   -9999   -9999   -9999   -9999   -9999   -9999   -9999   -9999   -9999   -9999   -9999   -9999   -9999   -9999   -9999   -9999   -9999   -9999   -9999   1927.00   1899.00   1883.00   1871.00   1864.00   1853.00   1845.51   1845.49   1837.00   1828.00   1817.00   1805.00   1788.00   1785.00   1777.00   1772.00   1763.00   1756.51   1760.00   1759.00   1750.00   1734.00   1734.01   1728.00   1724.00   1719.00   1718.00   1717.00   1717.00   1717.00   1712.00   1706.00   1695.00   1685.00   1676.00   1666.00   1658.68   1658.66   1658.66   1651.00   1657.00   1665.00   1667.00   1666.00   1665.00   1667.00   1666.00   1660.00   1641.00   1627.00   1631.00   1648.00   1662.00   1663.00   1662.00   1662.00   1660.00   1649.00   1640.00   1638.00   1629.00   1630.00   1633.00   1627.00   1617.00   1610.00   1607.00   1607.00   1609.00   1605.00   1599.00   1593.00   1581.00   1564.00   1555.00   1569.00   1573.00   1576.00   1574.00   1571.00   1575.00   1575.00   1575.00   1576.00   1574.99   1575.01   1579.00   1582.00   1584.00   1587.00   1594.00   1602.00   1609.00   1610.00   1600.00   1595.00   1597.00   1597.00   1597.00   1602.00   1609.00   1618.00   1624.24   1625.51   1632.00   1639.00   1648.00   1660.00   1671.00   1682.00   1690.49   1707.00   1722.00   1740.00   1756.00   1781.00   1811.00   1828.00   -9999   -9999   -9999   -9999   -9999   -9999   -9999   -9999   -9999   -9999   -9999   -9999   -9999   -9999   -9999   -9999   -9999   -9999   -9999   -9999   -9999   -9999   -9999   -9999   -9999   -9999   -9999   -9999   -9999   -9999   -9999
 -9999   -9999   -9999   -9999   -9999   -9999   -9999   -9999   -9999   -9999   -9999   -9999   -9999   -9999   -9999   -9999   -9999   -9999   -9999   -9999   -9999   -9999   -9999   -9999   -9999   -9999   -9999   -9999   -9999   -9999   1920.00   1912.00   1905.00   1882.00   1893.00   1885.00   1871.00   1878.00   1873.00   1862.00   1839.00   1826.00   1812.00   1816.00   1815.00   1801.00   1782.00   1778.00   1756.49   1749.00   1746.00   1741.00   1733.99   1733.00   1726.00   1718.00   1711.99   1712.01   1712.00   1714.00   1715.00   1713.00   1703.00   1694.00   1688.00   1680.00   1674.00   1672.00   1668.00   1666.00   1665.00   1667.00   1666.00   1667.00   1664.00   1664.00   1666.00   1664.00   1652.00   1634.00   1624.00   1640.00   1650.00   1654.00   1667.00   1664.00   1666.00   1647.00   1644.00   1651.00   1642.00   1639.00   1640.00   1632.00   1617.00   1609.00   1605.00   1605.00   1607.00   1600.00   1597.00   1589.00   1581.00   1568.00   1558.00   1569.00   1577.00   1580.00   1577.00   1578.00   1583.00   1582.00   1583.00   1584.00   1584.00   1577.00   1580.00   1586.00   1590.00   1592.00   1596.00   1605.00   1613.00   1618.00   1612.00   1608.00   1605.00   1613.00   1610.00   1607.00   1611.00   1624.25   1639.00   1639.00   1640.00   1649.00   1656.00   1663.00   1672.00   1689.00   1701.00   1711.00   1727.00   1743.00   1761.00   1770.00   1777.00   -9999   -9999   -9999   -9999   -9999   -9999   -9999   -9999   -9999   -9999   -9999   -9999   -9999   -9999   -9999   -9999   -9999   -9999   -9999   -9999   -9999   -9999   -9999   -9999   -9999   -9999   -9999   -9999   -9999   -9999   -9999   -9999
 -9999   -9999   -9999   -9999   -9999   -9999   -9999   -9999   -9999   -9999   -9999   -9999   -9999   -9999   -9999   -9999   -9999   -9999   -9999   -9999   -9999   -9999   -9999   -9999   -9999   -9999   -9999   -9999   -9999   -9999   -9999   -9999   1909.00   1892.00   1900.00   1892.00   1874.00   1877.00   1866.00   1858.00   1854.00   1834.00   1802.00   1789.00   1785.00   1782.00   1780.00   1778.00   1770.00   1763.00   1756.00   1748.00   1744.00   1737.00   1729.00   1719.00   1713.00   1710.00   1706.49   1706.51   1708.00   1715.00   1714.00   1704.00   1694.00   1684.00   1676.00   1670.00   1667.00   1659.00   1652.01   1653.00   1659.00   1663.00   1667.00   1662.00   1662.00   1652.00   1642.00   1631.00   1621.00   1629.00   1637.00   1643.00   1647.00   1651.00   1655.00   1640.00   1630.00   1638.00   1638.00   1632.00   1626.00   1620.00   1613.00   1604.00   1596.00   1596.00   1599.00   1596.00   1586.00   1580.00   1578.00   1560.49   1560.00   1573.00   1581.00   1582.00   1581.00   1587.00   1590.00   1592.00   1592.00   1589.00   1588.00   1583.00   1582.00   1583.00   1587.00   1591.00   1594.00   1601.00   1610.00   1611.00   1611.00   1611.00   1612.00   1617.00   1620.00   1619.00   1619.00   1629.00   1641.00   1654.00   1656.00   1672.00   1693.00   1699.00   1688.00   1688.00   1696.00   1705.00   1715.00   1720.00   1729.00   1731.00   1731.00   -9999   -9999   -9999   -9999   -9999   -9999   -9999   -9999   -9999   -9999   -9999   -9999   -9999   -9999   -9999   -9999   -9999   -9999   -9999   -9999   -9999   -9999   -9999   -9999   -9999   -9999   -9999   -9999   -9999   -9999   -9999   -9999
 -9999   -9999   -9999   -9999   -9999   -9999   -9999   -9999   -9999   -9999   -9999   -9999   -9999   -9999   -9999   -9999   -9999   -9999   -9999   -9999   -9999   -9999   -9999   -9999   -9999   -9999   -9999   -9999   -9999   -9999   -9999   -9999   1909.00   1906.00   1888.00   1863.00   1847.00   1840.00   1830.00   1820.00   1815.00   1807.00   1809.00   1822.00   1808.00   1785.00   1774.00   1765.00   1758.00   1754.00   1751.00   1743.00   1735.00   1729.00   1723.00   1719.01   1713.00   1708.00   1709.00   1703.00   1698.00   1710.00   1714.00   1705.00   1693.00   1681.00   1664.00   1663.00   1659.00   1657.00   1663.00   1651.99   1644.00   1655.00   1656.00   1648.00   1652.00   1641.00   1629.00   1624.00   1620.00   1618.00   1623.00   1625.00   1629.00   1639.00   1639.00   1637.00   1622.00   1619.00   1622.00   1620.00   1613.00   1604.00   1600.00   1600.00   1594.00   1588.00   1586.00   1585.00   1579.00   1573.00   1568.00   1560.51   1573.00   1576.00   1582.00   1584.00   1587.00   1590.00   1594.00   1599.00   1600.00   1597.00   1592.00   1590.00   1590.00   1588.00   1592.00   1595.00   1598.00   1604.00   1605.00   1604.00   1610.00   1612.00   1618.00   1624.00   1630.00   1634.00   1636.00   1641.00   1642.00   1653.00   1667.00   1689.00   1723.00   1750.00   1721.00   1698.00   1683.00   1693.00   1702.00   1697.00   1700.00   1702.00   1704.00   -9999   -9999   -9999   -9999   -9999   -9999   -9999   -9999   -9999   -9999   -9999   -9999   -9999   -9999   -9999   -9999   -9999   -9999   -9999   -9999   -9999   -9999   -9999   -9999   -9999   -9999   -9999   -9999   -9999   -9999   -9999   -9999
 -9999   -9999   -9999   -9999   -9999   -9999   -9999   -9999   -9999   -9999   -9999   -9999   -9999   -9999   -9999   -9999   -9999   -9999   -9999   -9999   -9999   -9999   -9999   -9999   -9999   -9999   -9999   -9999   -9999   -9999   -9999   -9999   1912.00   1910.00   1892.00   1867.00   1866.00   1868.00   1839.00   1849.00   1828.00   1830.00   1835.00   1834.00   1817.00   1802.00   1786.00   1773.00   1765.00   1763.00   1766.00   1758.00   1742.00   1736.00   1729.00   1718.99   1711.00   1705.00   1703.00   1699.00   1694.00   1705.00   1708.00   1700.00   1690.00   1675.00   1671.00   1676.00   1674.00   1672.00   1670.00   1667.00   1647.00   1635.00   1629.00   1626.51   1626.49   1623.24   1623.25   1621.00   1619.00   1614.00   1613.00   1612.00   1614.00   1621.00   1621.00   1624.00   1618.00   1610.00   1609.00   1608.00   1603.00   1597.00   1593.00   1589.00   1587.00   1584.00   1581.00   1576.00   1572.00   1566.00   1561.51   1561.49   1570.00   1572.00   1576.00   1580.00   1585.00   1590.00   1590.00   1590.00   1596.00   1599.00   1597.00   1598.00   1600.00   1595.00   1599.00   1603.00   1606.00   1604.00   1602.00   1606.00   1614.00   1620.00   1619.00   1622.00   1626.00   1628.00   1637.00   1636.00   1639.00   1648.00   1658.00   1675.00   1691.00   1700.00   1697.00   1686.00   1672.00   1681.00   1688.00   1682.00   1679.00   1679.00   1685.00   -9999   -9999   -9999   -9999   -9999   -9999   -9999   -9999   -9999   -9999   -9999   -9999   -9999   -9999   -9999   -9999   -9999   -9999   -9999   -9999   -9999   -9999   -9999   -9999   -9999   -9999   -9999   -9999   -9999   -9999   -9999   -9999
 -9999   -9999   -9999   -9999   -9999   -9999   -9999   -9999   -9999   -9999   -9999   -9999   -9999   -9999   -9999   -9999   -9999   -9999   -9999   -9999   -9999   -9999   -9999   -9999   -9999   -9999   -9999   -9999   -9999   -9999   -9999   -9999   1903.00   1905.00   1895.00   1889.00   1887.00   1882.00   1879.00   1883.00   1865.00   1860.00   1835.00   1807.00   1792.00   1782.00   1771.00   1767.00   1767.00   1758.00   1753.00   1745.00   1739.00   1735.00   1729.00   1725.00   1715.00   1715.00   1716.00   1706.00   1694.00   1694.00   1691.00   1685.00   1680.00   1677.00   1681.00   1680.00   1676.00   1674.00   1672.00   1669.00   1653.00   1658.00   1657.00   1648.00   1633.00   1623.51   1619.00   1618.00   1615.99   1616.01   1613.00   1612.00   1609.00   1608.00   1607.00   1607.00   1607.00   1605.00   1602.00   1599.00   1594.51   1593.00   1592.00   1590.75   1588.00   1590.00   1587.00   1582.00   1575.00   1569.00   1563.25   1563.24   1563.51   1567.00   1567.00   1569.00   1578.00   1584.00   1588.00   1585.00   1588.00   1592.00   1597.00   1602.00   1603.00   1602.00   1602.00   1603.00   1600.00   1598.00   1600.00   1603.00   1609.00   1615.00   1618.00   1617.00   1622.00   1628.00   1632.00   1634.00   1641.00   1642.00   1648.00   1659.00   1665.00   1669.00   1666.00   1663.00   1659.00   1665.00   1673.00   1679.00   1669.00   1668.00   1677.00   -9999   -9999   -9999   -9999   -9999   -9999   -9999   -9999   -9999   -9999   -9999   -9999   -9999   -9999   -9999   -9999   -9999   -9999   -9999   -9999   -9999   -9999   -9999   -9999   -9999   -9999   -9999   -9999   -9999   -9999   -9999   -9999
 -9999   -9999   -9999   -9999   -9999   -9999   -9999   -9999   -9999   -9999   -9999   -9999   -9999   -9999   -9999   -9999   -9999   -9999   -9999   -9999   -9999   -9999   -9999   -9999   -9999   -9999   -9999   -9999   -9999   -9999   -9999   -9999   1897.00   1887.00   1877.00   1885.00   1868.00   1863.00   1868.00   1877.00   1866.00   1842.00   1834.00   1821.00   1796.00   1782.00   1781.00   1783.00   1778.00   1768.00   1760.00   1753.00   1753.00   1746.00   1739.00   1734.00   1726.00   1726.00   1725.00   1714.00   1703.00   1702.00   1696.00   1691.00   1689.00   1689.00   1684.00   1681.00   1676.00   1673.00   1670.00   1665.00   1662.00   1667.00   1665.00   1663.00   1653.00   1633.00   1625.00   1620.00   1619.00   1619.00   1618.00   1616.00   1613.00   1608.00   1606.00   1602.49   1602.51   1601.00   1599.00   1597.01   1594.49   1592.00   1591.51   1590.74   1593.00   1592.00   1591.00   1588.00   1585.00   1574.00   1567.00   1566.00   1566.00   1571.00   1573.00   1570.00   1571.00   1576.00   1580.00   1583.00   1584.00   1586.00   1592.00   1600.00   1603.00   1603.00   1599.00   1596.00   1598.00   1601.00   1607.00   1607.00   1607.00   1609.00   1612.00   1618.00   1627.00   1628.00   1628.00   1635.00   1642.00   1636.00   1641.00   1647.00   1650.00   1649.00   1647.00   1648.00   1654.00   1667.00   1684.00   1692.00   1674.00   1660.00   1665.00   -9999   -9999   -9999   -9999   -9999   -9999   -9999   -9999   -9999   -9999   -9999   -9999   -9999   -9999   -9999   -9999   -9999   -9999   -9999   -9999   -9999   -9999   -9999   -9999   -9999   -9999   -9999   -9999   -9999   -9999   -9999   -9999
 -9999   -9999   -9999   -9999   -9999   -9999   -9999   -9999   -9999   -9999   -9999   -9999   -9999   -9999   -9999   -9999   -9999   -9999   -9999   -9999   -9999   -9999   -9999   -9999   -9999   -9999   -9999   -9999   -9999   -9999   -9999   -9999   1911.00   1909.00   1890.00   1867.00   1861.00   1852.00   1841.00   1841.00   1843.00   1830.00   1820.00   1819.00   1813.99   1804.00   1797.51   1787.00   1781.76   1773.00   1768.00   1771.00   1763.00   1748.00   1746.00   1745.00   1741.00   1735.00   1726.00   1720.00   1714.00   1704.00   1698.00   1695.00   1692.00   1688.00   1684.00   1680.00   1677.00   1676.00   1672.00   1669.00   1666.00   1663.00   1657.00   1651.00   1644.00   1629.00   1625.00   1622.00   1621.00   1620.00   1619.00   1615.00   1614.00   1610.00   1606.00   1602.00   1599.00   1599.00   1599.00   1596.99   1600.00   1601.00   1600.00   1601.00   1603.00   1600.00   1598.00   1593.00   1587.00   1576.00   1571.00   1568.00   1569.00   1575.00   1580.00   1580.00   1571.99   1572.01   1575.00   1577.00   1579.00   1582.00   1590.00   1595.00   1595.00   1592.00   1592.00   1596.00   1602.00   1605.00   1610.00   1615.00   1615.00   1614.00   1619.00   1622.00   1625.00   1625.00   1629.00   1637.00   1642.00   1633.00   1633.00   1638.00   1640.00   1636.00   1639.00   1650.00   1663.00   1682.00   1701.00   1695.00   1670.00   1655.00   1667.00   1688.00   -9999   -9999   -9999   -9999   -9999   -9999   -9999   -9999   -9999   -9999   -9999   -9999   -9999   -9999   -9999   -9999   -9999   -9999   -9999   -9999   -9999   -9999   -9999   -9999   -9999   -9999   -9999   -9999   -9999   -9999   -9999
 -9999   -9999   -9999   -9999   -9999   -9999   -9999   -9999   -9999   -9999   -9999   -9999   -9999   -9999   -9999   -9999   -9999   -9999   -9999   -9999   -9999   -9999   -9999   -9999   -9999   -9999   -9999   -9999   -9999   -9999   -9999   -9999   -9999   1903.00   1893.00   1882.00   1888.00   1889.00   1865.00   1839.00   1829.00   1824.00   1819.00   1814.01   1808.00   1804.00   1797.49   1781.75   1792.00   1787.00   1783.00   1776.00   1761.00   1752.00   1758.00   1755.00   1749.00   1742.00   1736.00   1734.00   1721.00   1707.00   1700.00   1695.00   1692.00   1688.00   1686.00   1684.00   1682.00   1680.00   1676.00   1673.00   1670.00   1665.00   1649.00   1633.00   1625.00   1620.00   1617.00   1616.00   1614.00   1613.00   1610.00   1608.25   1606.00   1605.00   1604.00   1607.00   1612.00   1614.00   1613.00   1611.00   1607.00   1605.00   1601.00   1600.00   1600.00   1597.00   1594.00   1586.00   1583.00   1578.00   1572.00   1569.00   1573.00   1578.00   1584.00   1586.00   1581.00   1574.00   1576.00   1579.00   1581.00   1580.00   1583.00   1590.00   1587.00   1589.00   1597.00   1599.00   1598.00   1603.00   1606.00   1610.00   1614.00   1619.00   1621.00   1620.00   1621.00   1624.00   1628.00   1633.00   1637.00   1629.00   1627.00   1631.00   1632.00   1631.51   1642.00   1653.00   1663.00   1675.00   1684.00   1675.00   1657.00   1653.00   1673.00   1702.00   -9999   -9999   -9999   -9999   -9999   -9999   -9999   -9999   -9999   -9999   -9999   -9999   -9999   -9999   -9999   -9999   -9999   -9999   -9999   -9999   -9999   -9999   -9999   -9999   -9999   -9999   -9999   -9999   -9999   -9999   -9999
 -9999   -9999   -9999   -9999   -9999   -9999   -9999   -9999   -9999   -9999   -9999   -9999   -9999   -9999   -9999   -9999   -9999   -9999   -9999   -9999   -9999   -9999   -9999   -9999   -9999   -9999   -9999   -9999   -9999   -9999   -9999   -9999   -9999   1915.00   1911.00   1897.00   1873.00   1866.00   1862.00   1852.00   1849.00   1846.00   1842.00   1833.00   1819.00   1808.00   1807.00   1802.00   1781.75   1781.74   1773.00   1766.00   1766.00   1766.00   1767.00   1767.00   1759.00   1750.00   1747.00   1744.00   1727.00   1715.00   1705.00   1696.00   1694.00   1692.00   1688.00   1686.00   1683.00   1682.00   1676.00   1675.00   1672.00   1668.00   1657.00   1636.00   1627.00   1623.00   1619.00   1615.00   1612.00   1610.00   1610.00   1608.24   1609.51   1607.00   1609.00   1616.00   1622.00   1626.00   1626.00   1621.00   1614.00   1608.00   1603.00   1599.00   1591.00   1587.00   1581.01   1580.00   1580.00   1581.00   1576.00   1571.00   1576.00   1582.00   1588.00   1590.00   1585.00   1577.00   1579.00   1585.00   1588.00   1587.00   1583.49   1583.51   1586.00   1592.00   1601.00   1608.00   1604.51   1605.00   1607.00   1608.00   1614.00   1618.00   1619.00   1617.00   1622.00   1627.00   1627.00   1629.00   1632.00   1627.00   1624.00   1624.00   1625.00   1631.49   1643.00   1649.00   1653.00   1661.00   1664.00   1657.00   1646.00   1656.00   1685.00   1719.00   1781.00   -9999   -9999   -9999   -9999   -9999   -9999   -9999   -9999   -9999   -9999   -9999   -9999   -9999   -9999   -9999   -9999   -9999   -9999   -9999   -9999   -9999   -9999   -9999   -9999   -9999   -9999   -9999   -9999   -9999   -9999
 -9999   -9999   -9999   -9999   -9999   -9999   -9999   -9999   -9999   -9999   -9999   -9999   -9999   -9999   -9999   -9999   -9999   -9999   -9999   -9999   -9999   -9999   -9999   -9999   -9999   -9999   -9999   -9999   -9999   -9999   -9999   -9999   1909.00   1919.00   1905.00   1887.00   1884.00   1865.00   1853.00   1843.00   1835.00   1834.00   1831.00   1834.00   1835.00   1830.00   1830.00   1821.00   1809.00   1797.00   1786.00   1778.00   1777.00   1774.00   1774.00   1774.00   1766.00   1753.00   1743.00   1739.00   1727.00   1718.00   1707.00   1697.00   1695.00   1693.00   1690.00   1688.00   1684.00   1681.00   1677.00   1675.00   1670.00   1661.00   1650.00   1648.00   1642.00   1631.00   1624.00   1621.00   1618.00   1617.00   1617.00   1617.00   1618.00   1620.00   1621.00   1623.00   1623.00   1621.00   1616.00   1616.00   1614.00   1609.00   1603.00   1599.00   1593.00   1584.00   1581.00   1578.00   1578.00   1580.00   1573.00   1573.00   1581.00   1586.00   1591.00   1596.00   1589.00   1580.00   1581.00   1588.00   1593.00   1594.00   1590.00   1585.00   1586.00   1594.00   1601.00   1604.49   1604.00   1606.00   1611.00   1612.00   1615.00   1615.00   1614.00   1617.00   1625.00   1630.00   1628.00   1625.00   1627.00   1624.00   1620.51   1620.49   1624.00   1631.00   1637.00   1639.00   1638.00   1645.00   1648.00   1640.00   1640.00   1659.00   1689.00   1735.00   1833.00   -9999   -9999   -9999   -9999   -9999   -9999   -9999   -9999   -9999   -9999   -9999   -9999   -9999   -9999   -9999   -9999   -9999   -9999   -9999   -9999   -9999   -9999   -9999   -9999   -9999   -9999   -9999   -9999   -9999   -9999
 -9999   -9999   -9999   -9999   -9999   -9999   -9999   -9999   -9999   -9999   -9999   -9999   -9999   -9999   -9999   -9999   -9999   -9999   -9999   -9999   -9999   -9999   -9999   -9999   -9999   -9999   -9999   -9999   -9999   -9999   -9999   -9999   1891.00   1907.00   1902.00   1873.00   1874.00   1886.00   1875.00   1856.00   1845.00   1832.00   1823.00   1819.00   1822.00   1825.00   1819.00   1811.00   1805.00   1800.00   1793.00   1783.00   1775.00   1767.00   1767.00   1766.00   1759.00   1747.00   1734.00   1725.00   1716.00   1707.00   1700.00   1697.00   1696.00   1694.00   1691.00   1688.00   1683.00   1681.00   1679.00   1678.00   1676.00   1672.00   1669.00   1662.00   1644.00   1635.00   1630.00   1629.00   1627.00   1623.00   1623.00   1623.00   1623.00   1621.00   1617.00   1613.00   1609.00   1605.00   1601.00   1600.00   1599.00   1596.00   1592.00   1588.00   1586.00   1582.00   1578.99   1579.00   1576.00   1574.00   1576.00   1578.00   1583.00   1590.00   1593.00   1597.00   1591.00   1584.00   1584.00   1589.00   1593.00   1598.00   1594.00   1591.00   1588.00   1590.00   1599.00   1602.00   1602.00   1603.00   1605.00   1609.00   1615.00   1613.00   1613.00   1616.00   1622.00   1628.00   1627.00   1624.00   1623.00   1622.00   1617.01   1616.99   1623.00   1624.00   1625.00   1628.00   1632.00   1638.00   1637.00   1635.00   1641.00   1657.00   1680.00   -9999   -9999   -9999   -9999   -9999   -9999   -9999   -9999   -9999   -9999   -9999   -9999   -9999   -9999   -9999   -9999   -9999   -9999   -9999   -9999   -9999   -9999   -9999   -9999   -9999   -9999   -9999   -9999   -9999   -9999   -9999   -9999
 -9999   -9999   -9999   -9999   -9999   -9999   -9999   -9999   -9999   -9999   -9999   -9999   -9999   -9999   -9999   -9999   -9999   -9999   -9999   -9999   -9999   -9999   -9999   -9999   -9999   -9999   -9999   -9999   -9999   -9999   -9999   -9999   1882.00   1887.00   1887.00   1866.00   1859.00   1876.00   1880.00   1873.00   1857.00   1848.00   1833.00   1821.00   1812.00   1807.00   1801.00   1792.00   1790.00   1783.00   1780.00   1779.00   1773.00   1762.00   1761.00   1759.00   1751.00   1739.00   1727.00   1714.00   1708.00   1703.00   1700.00   1700.00   1697.51   1696.00   1693.00   1691.00   1686.00   1683.00   1680.00   1679.00   1680.00   1674.00   1665.00   1648.00   1636.00   1629.00   1626.00   1627.00   1627.00   1626.00   1625.00   1623.00   1617.00   1613.00   1606.00   1599.00   1597.00   1594.00   1593.00   1592.00   1591.00   1590.00   1590.00   1591.00   1588.00   1590.00   1590.00   1580.00   1576.00   1575.00   1580.00   1587.00   1587.01   1590.00   1596.00   1597.00   1595.00   1589.00   1586.00   1585.00   1592.00   1595.00   1598.00   1597.00   1592.00   1592.00   1599.00   1604.00   1606.00   1606.00   1605.00   1606.00   1610.00   1611.00   1612.00   1614.00   1617.00   1621.00   1625.00   1624.00   1617.00   1616.00   1615.01   1614.99   1616.00   1617.00   1620.00   1624.00   1630.00   1630.00   1630.00   1631.00   1640.00   1651.00   -9999   -9999   -9999   -9999   -9999   -9999   -9999   -9999   -9999   -9999   -9999   -9999   -9999   -9999   -9999   -9999   -9999   -9999   -9999   -9999   -9999   -9999   -9999   -9999   -9999   -9999   -9999   -9999   -9999   -9999   -9999   -9999   -9999
 -9999   -9999   -9999   -9999   -9999   -9999   -9999   -9999   -9999   -9999   -9999   -9999   -9999   -9999   -9999   -9999   -9999   -9999   -9999   -9999   -9999   -9999   -9999   -9999   -9999   -9999   -9999   -9999   -9999   -9999   -9999   -9999   1887.00   1869.00   1871.00   1862.00   1849.00   1851.00   1855.00   1856.00   1852.00   1844.00   1839.00   1837.00   1831.00   1824.00   1815.00   1802.00   1787.00   1778.00   1772.00   1762.00   1754.00   1755.00   1747.00   1743.00   1738.00   1732.00   1716.00   1708.00   1705.00   1702.00   1688.00   1697.49   1700.00   1697.00   1695.00   1691.00   1690.00   1685.00   1682.00   1680.00   1675.00   1670.00   1663.00   1645.00   1632.00   1625.00   1619.00   1619.00   1620.00   1620.00   1617.00   1616.00   1608.00   1602.00   1599.00   1597.00   1596.00   1594.00   1593.00   1593.00   1595.00   1595.00   1597.00   1601.00   1601.00   1599.00   1596.00   1584.00   1576.00   1576.00   1582.00   1586.99   1592.00   1596.00   1596.00   1597.00   1598.00   1597.00   1593.00   1587.00   1590.00   1595.00   1598.00   1600.00   1595.00   1593.00   1598.00   1608.00   1615.00   1614.00   1611.00   1608.00   1609.00   1612.00   1615.00   1616.00   1615.00   1616.00   1619.00   1619.00   1614.00   1612.00   1612.00   1612.00   1613.00   1616.00   1618.00   1622.00   1624.00   1624.00   1626.00   1627.99   1635.00   1639.00   -9999   -9999   -9999   -9999   -9999   -9999   -9999   -9999   -9999   -9999   -9999   -9999   -9999   -9999   -9999   -9999   -9999   -9999   -9999   -9999   -9999   -9999   -9999   -9999   -9999   -9999   -9999   -9999   -9999   -9999   -9999   -9999   -9999
 -9999   -9999   -9999   -9999   -9999   -9999   -9999   -9999   -9999   -9999   -9999   -9999   -9999   -9999   -9999   -9999   -9999   -9999   -9999   -9999   -9999   -9999   -9999   -9999   -9999   -9999   -9999   -9999   -9999   -9999   -9999   -9999   1884.00   1875.00   1864.00   1854.00   1847.00   1840.00   1839.01   1838.99   1842.00   1841.00   1833.00   1829.00   1829.00   1824.00   1816.68   1806.00   1803.00   1801.00   1795.00   1779.00   1759.00   1743.00   1738.00   1732.00   1726.00   1720.00   1712.49   1712.00   1708.00   1707.00   1697.00   1678.00   1688.00   1689.00   1693.00   1689.00   1682.00   1681.00   1682.00   1676.00   1663.00   1650.00   1647.00   1643.00   1639.00   1633.00   1627.00   1621.00   1616.00   1612.00   1610.00   1606.00   1602.00   1601.49   1601.51   1598.00   1595.00   1598.00   1607.00   1603.00   1606.00   1604.00   1605.00   1611.00   1615.00   1608.00   1597.00   1583.00   1578.00   1577.21   1586.00   1588.00   1589.00   1596.00   1600.00   1601.00   1601.00   1601.00   1597.00   1595.00   1592.00   1592.00   1598.00   1601.00   1600.00   1594.00   1596.00   1604.00   1613.00   1618.00   1620.00   1615.00   1612.00   1614.00   1618.00   1620.00   1617.00   1616.00   1615.00   1615.00   1611.00   1611.34   1611.66   1611.68   1612.00   1615.00   1616.00   1617.51   1620.00   1621.49   1622.99   1629.00   1628.01   1629.00   -9999   -9999   -9999   -9999   -9999   -9999   -9999   -9999   -9999   -9999   -9999   -9999   -9999   -9999   -9999   -9999   -9999   -9999   -9999   -9999   -9999   -9999   -9999   -9999   -9999   -9999   -9999   -9999   -9999   -9999   -9999   -9999   -9999
 -9999   -9999   -9999   -9999   -9999   -9999   -9999   -9999   -9999   -9999   -9999   -9999   -9999   -9999   -9999   -9999   -9999   -9999   -9999   -9999   -9999   -9999   -9999   -9999   -9999   -9999   -9999   -9999   -9999   -9999   -9999   -9999   1871.00   1878.00   1880.00   1871.00   1857.00   1849.00   1844.00   1839.00   1835.00   1830.00   1825.00   1819.00   1816.66   1816.66   1815.00   1804.00   1793.00   1795.00   1791.00   1780.00   1761.00   1749.00   1748.00   1744.00   1738.00   1728.00   1720.00   1712.51   1709.00   1713.00   1708.00   1686.00   1665.00   1656.00   1660.00   1661.00   1662.00   1669.00   1680.00   1678.00   1656.00   1640.00   1634.00   1633.00   1636.00   1637.00   1633.00   1627.00   1621.00   1615.00   1607.00   1605.00   1606.00   1605.00   1599.51   1597.00   1598.00   1608.00   1616.00   1613.00   1612.00   1612.00   1618.00   1618.00   1613.00   1604.00   1591.00   1582.00   1577.23   1577.22   1586.00   1593.00   1591.00   1594.00   1599.00   1601.00   1601.00   1601.00   1602.00   1601.00   1600.00   1597.00   1600.00   1603.00   1601.00   1595.00   1597.00   1602.00   1606.00   1614.00   1620.00   1622.00   1616.00   1615.00   1615.00   1618.00   1616.00   1613.00   1609.99   1610.00   1611.00   1611.32   1617.00   1616.00   1615.00   1616.00   1616.00   1617.49   1618.00   1621.51   1623.00   1624.00   1624.01   -9999   -9999   -9999   -9999   -9999   -9999   -9999   -9999   -9999   -9999   -9999   -9999   -9999   -9999   -9999   -9999   -9999   -9999   -9999   -9999   -9999   -9999   -9999   -9999   -9999   -9999   -9999   -9999   -9999   -9999   -9999   -9999   -9999   -9999
 -9999   -9999   -9999   -9999   -9999   -9999   -9999   -9999   -9999   -9999   -9999   -9999   -9999   -9999   -9999   -9999   -9999   -9999   -9999   -9999   -9999   -9999   -9999   -9999   -9999   -9999   -9999   -9999   -9999   -9999   -9999   -9999   -9999   1864.00   1864.00   1869.00   1871.00   1868.00   1863.00   1855.00   1851.00   1845.00   1842.00   1829.00   1818.00   1807.00   1803.49   1794.49   1780.00   1785.00   1780.00   1771.00   1767.00   1768.00   1764.00   1758.00   1751.00   1738.00   1722.00   1711.00   1707.00   1706.00   1706.00   1704.00   1698.00   1683.00   1653.00   1645.00   1649.00   1658.00   1673.00   1679.00   1666.00   1647.00   1634.00   1627.00   1626.00   1627.00   1621.00   1615.00   1611.00   1609.00   1609.00   1611.00   1612.00   1603.00   1599.49   1606.00   1606.00   1612.00   1617.00   1620.00   1623.00   1620.00   1620.00   1611.00   1601.00   1597.00   1588.00   1581.00   1579.00   1577.34   1582.00   1592.00   1595.00   1593.00   1595.00   1597.00   1599.00   1599.00   1602.00   1605.00   1604.00   1599.00   1601.00   1603.00   1604.00   1598.00   1596.00   1601.00   1607.00   1608.00   1611.00   1614.00   1613.00   1612.00   1610.00   1608.00   1607.00   1607.00   1608.00   1610.01   1612.00   1618.00   1621.00   1620.00   1620.00   1619.00   1618.00   1620.00   1621.00   1623.00   1623.00   1625.00   1625.00   -9999   -9999   -9999   -9999   -9999   -9999   -9999   -9999   -9999   -9999   -9999   -9999   -9999   -9999   -9999   -9999   -9999   -9999   -9999   -9999   -9999   -9999   -9999   -9999   -9999   -9999   -9999   -9999   -9999   -9999   -9999   -9999   -9999   -9999
 -9999   -9999   -9999   -9999   -9999   -9999   -9999   -9999   -9999   -9999   -9999   -9999   -9999   -9999   -9999   -9999   -9999   -9999   -9999   -9999   -9999   -9999   -9999   -9999   -9999   -9999   -9999   -9999   -9999   -9999   -9999   -9999   -9999   -9999   1859.00   1853.00   1855.00   1856.00   1855.00   1851.00   1840.00   1831.00   1827.00   1819.00   1816.00   1808.00   1803.51   1794.51   1781.00   1771.00   1767.00   1762.00   1760.00   1759.00   1762.00   1755.00   1745.00   1735.00   1720.00   1703.00   1686.00   1687.00   1685.00   1690.00   1681.00   1673.00   1661.00   1643.00   1640.00   1646.00   1656.00   1667.00   1659.00   1648.00   1642.00   1631.00   1623.00   1618.00   1615.00   1615.00   1614.00   1615.00   1618.00   1617.00   1611.00   1603.00   1605.00   1615.00   1612.00   1617.00   1620.00   1625.00   1625.00   1616.00   1609.00   1602.00   1596.00   1591.00   1584.00   1581.00   1581.00   1580.00   1580.00   1592.00   1597.00   1596.00   1595.00   1595.00   1598.00   1601.00   1605.00   1607.00   1605.00   1602.00   1602.00   1605.00   1608.00   1603.00   1600.00   1599.00   1602.00   1604.00   1604.00   1605.50   1606.00   1606.00   1606.00   1606.01   1607.00   1611.00   1615.00   1614.00   1611.00   1618.00   1623.00   1624.00   1622.00   1621.00   1624.00   1624.00   1625.00   1625.00   1625.00   1627.00   1627.00   -9999   -9999   -9999   -9999   -9999   -9999   -9999   -9999   -9999   -9999   -9999   -9999   -9999   -9999   -9999   -9999   -9999   -9999   -9999   -9999   -9999   -9999   -9999   -9999   -9999   -9999   -9999   -9999   -9999   -9999   -9999   -9999   -9999   -9999
 -9999   -9999   -9999   -9999   -9999   -9999   -9999   -9999   -9999   -9999   -9999   -9999   -9999   -9999   -9999   -9999   -9999   -9999   -9999   -9999   -9999   -9999   -9999   -9999   -9999   -9999   -9999   -9999   -9999   -9999   -9999   -9999   -9999   -9999   1877.00   1864.00   1852.00   1844.00   1840.00   1838.00   1835.00   1833.00   1832.00   1833.00   1830.00   1826.00   1818.00   1806.00   1796.00   1793.00   1786.00   1775.00   1757.99   1745.00   1735.00   1735.00   1721.00   1709.00   1705.00   1684.00   1674.00   1664.00   1662.00   1667.00   1664.00   1660.00   1660.00   1652.00   1641.00   1638.01   1637.99   1645.00   1644.00   1636.00   1631.00   1625.00   1620.00   1620.00   1620.00   1621.00   1621.00   1622.00   1621.00   1613.00   1605.00   1605.00   1612.00   1620.00   1618.00   1618.00   1622.00   1622.00   1623.00   1614.00   1607.00   1605.00   1599.00   1595.00   1584.49   1584.00   1587.00   1586.00   1584.00   1586.00   1595.00   1599.00   1601.00   1600.00   1602.00   1605.00   1608.00   1608.00   1609.00   1605.00   1603.00   1605.00   1608.00   1607.00   1608.00   1606.00   1604.00   1603.00   1604.00   1605.49   1606.00   1606.00   1606.00   1609.00   1610.00   1614.00   1619.00   1621.00   1616.00   1615.00   1621.00   1627.00   1630.00   1625.00   1625.00   1627.00   1634.00   1635.00   1631.00   1632.00   1631.00   -9999   -9999   -9999   -9999   -9999   -9999   -9999   -9999   -9999   -9999   -9999   -9999   -9999   -9999   -9999   -9999   -9999   -9999   -9999   -9999   -9999   -9999   -9999   -9999   -9999   -9999   -9999   -9999   -9999   -9999   -9999   -9999   -9999   -9999
 -9999   -9999   -9999   -9999   -9999   -9999   -9999   -9999   -9999   -9999   -9999   -9999   -9999   -9999   -9999   -9999   -9999   -9999   -9999   -9999   -9999   -9999   -9999   -9999   -9999   -9999   -9999   -9999   -9999   -9999   -9999   -9999   -9999   -9999   1878.00   1871.00   1858.00   1843.00   1833.00   1845.00   1847.00   1834.00   1830.00   1838.00   1832.00   1822.00   1812.00   1798.00   1787.00   1777.00   1778.00   1767.00   1758.01   1746.00   1744.00   1713.00   1706.00   1694.00   1675.00   1671.00   1673.00   1665.51   1657.00   1656.00   1655.00   1653.00   1659.00   1662.00   1653.00   1642.00   1635.00   1633.00   1631.00   1628.00   1626.00   1625.00   1626.00   1630.00   1632.00   1631.00   1628.00   1624.00   1614.00   1610.00   1607.00   1610.00   1616.00   1621.00   1622.00   1623.00   1619.00   1620.00   1624.00   1626.00   1620.00   1616.00   1608.00   1594.00   1584.51   1588.00   1595.00   1596.00   1596.00   1586.00   1599.00   1605.00   1608.00   1608.00   1607.00   1609.00   1611.00   1611.00   1610.00   1608.00   1608.00   1606.00   1607.00   1610.00   1611.00   1614.00   1614.00   1611.00   1605.00   1609.00   1613.00   1613.00   1613.00   1616.00   1616.00   1615.00   1618.00   1625.00   1625.00   1620.00   1618.00   1624.00   1630.00   1628.00   1628.00   1630.00   1639.00   1644.00   1637.00   1635.00   1638.00   -9999   -9999   -9999   -9999   -9999   -9999   -9999   -9999   -9999   -9999   -9999   -9999   -9999   -9999   -9999   -9999   -9999   -9999   -9999   -9999   -9999   -9999   -9999   -9999   -9999   -9999   -9999   -9999   -9999   -9999   -9999   -9999   -9999   -9999
 -9999   -9999   -9999   -9999   -9999   -9999   -9999   -9999   -9999   -9999   -9999   -9999   -9999   -9999   -9999   -9999   -9999   -9999   -9999   -9999   -9999   -9999   -9999   -9999   -9999   -9999   -9999   -9999   -9999   -9999   -9999   -9999   -9999   -9999   1860.00   1855.00   1848.00   1832.00   1816.00   1815.01   1814.99   1801.00   1795.00   1808.00   1815.00   1812.00   1807.00   1797.00   1778.00   1747.00   1752.00   1760.00   1756.00   1736.00   1731.00   1725.00   1720.00   1708.00   1680.00   1665.00   1665.49   1669.00   1658.00   1652.51   1651.75   1649.00   1649.00   1654.00   1660.00   1656.00   1643.00   1637.00   1633.00   1632.00   1630.00   1632.00   1636.00   1641.00   1637.00   1631.00   1624.00   1617.00   1610.49   1610.51   1612.00   1620.00   1620.00   1624.00   1626.00   1625.00   1621.00   1614.00   1616.00   1626.00   1620.00   1614.00   1604.00   1592.00   1587.00   1589.32   1601.00   1607.00   1601.00   1590.00   1605.00   1611.00   1614.00   1611.00   1611.00   1613.00   1612.00   1613.00   1610.00   1609.00   1611.00   1610.00   1608.00   1608.00   1610.00   1612.00   1615.00   1614.00   1609.00   1609.00   1610.00   1614.00   1619.00   1621.00   1622.00   1622.00   1618.00   1620.00   1629.00   1629.00   1624.00   1624.00   1629.00   1632.00   1632.00   1634.00   1640.00   1651.00   1645.00   1641.00   1646.00   -9999   -9999   -9999   -9999   -9999   -9999   -9999   -9999   -9999   -9999   -9999   -9999   -9999   -9999   -9999   -9999   -9999   -9999   -9999   -9999   -9999   -9999   -9999   -9999   -9999   -9999   -9999   -9999   -9999   -9999   -9999   -9999   -9999   -9999
 -9999   -9999   -9999   -9999   -9999   -9999   -9999   -9999   -9999   -9999   -9999   -9999   -9999   -9999   -9999   -9999   -9999   -9999   -9999   -9999   -9999   -9999   -9999   -9999   -9999   -9999   -9999   -9999   -9999   -9999   -9999   -9999   -9999   -9999   1852.00   1840.00   1833.00   1826.00   1825.00   1824.00   1816.00   1812.00   1803.00   1781.00   1772.00   1778.00   1775.00   1779.00   1759.00   1757.00   1731.00   1717.00   1714.00   1716.00   1700.00   1696.00   1692.00   1687.00   1676.00   1662.00   1658.66   1657.49   1653.00   1651.74   1650.00   1648.68   1645.00   1643.00   1645.00   1651.00   1655.00   1649.00   1645.00   1643.00   1641.00   1642.00   1641.00   1639.00   1631.00   1624.00   1619.00   1613.49   1613.51   1614.00   1621.00   1626.00   1627.00   1628.00   1627.00   1623.00   1620.00   1610.00   1607.00   1611.00   1609.00   1602.00   1596.00   1590.00   1589.33   1590.00   1602.00   1610.00   1604.00   1593.00   1605.00   1610.00   1613.00   1613.00   1614.00   1614.00   1617.00   1615.00   1611.00   1611.00   1612.00   1615.00   1614.00   1611.00   1609.00   1610.49   1613.00   1614.00   1612.00   1616.00   1613.00   1613.00   1617.00   1626.00   1627.00   1628.00   1623.00   1623.00   1626.00   1632.00   1633.00   1627.00   1630.00   1638.00   1638.00   1641.00   1644.00   1655.00   1657.00   1652.00   1652.00   -9999   -9999   -9999   -9999   -9999   -9999   -9999   -9999   -9999   -9999   -9999   -9999   -9999   -9999   -9999   -9999   -9999   -9999   -9999   -9999   -9999   -9999   -9999   -9999   -9999   -9999   -9999   -9999   -9999   -9999   -9999   -9999   -9999   -9999
 -9999   -9999   -9999   -9999   -9999   -9999   -9999   -9999   -9999   -9999   -9999   -9999   -9999   -9999   -9999   -9999   -9999   -9999   -9999   -9999   -9999   -9999   -9999   -9999   -9999   -9999   -9999   -9999   -9999   -9999   -9999   -9999   -9999   -9999   1869.00   1865.00   1856.00   1853.00   1848.00   1843.00   1829.00   1813.00   1802.00   1790.00   1759.00   1738.00   1730.00   1728.00   1728.00   1755.00   1729.00   1713.00   1697.00   1695.00   1695.00   1685.00   1677.00   1673.00   1667.00   1661.00   1658.66   1657.51   1654.00   1651.00   1648.10   1648.12   1644.01   1641.00   1638.00   1638.00   1644.00   1645.00   1646.00   1644.00   1641.00   1637.00   1632.00   1624.32   1621.00   1620.00   1615.99   1616.01   1617.00   1621.00   1627.00   1630.00   1631.00   1628.00   1624.00   1617.00   1614.00   1607.00   1603.00   1602.00   1600.00   1596.00   1592.00   1591.00   1589.34   1589.50   1597.00   1610.00   1608.00   1601.00   1598.00   1602.00   1610.00   1614.00   1615.00   1616.00   1618.00   1616.00   1614.00   1614.00   1615.00   1617.00   1614.00   1615.00   1613.00   1610.51   1611.00   1614.00   1615.00   1617.00   1618.00   1616.00   1617.00   1622.00   1630.00   1629.00   1630.00   1628.00   1629.00   1634.00   1639.00   1631.00   1634.00   1646.00   1643.00   1646.00   1651.00   1659.00   1667.00   1664.00   1661.00   -9999   -9999   -9999   -9999   -9999   -9999   -9999   -9999   -9999   -9999   -9999   -9999   -9999   -9999   -9999   -9999   -9999   -9999   -9999   -9999   -9999   -9999   -9999   -9999   -9999   -9999   -9999   -9999   -9999   -9999   -9999   -9999   -9999   -9999
 -9999   -9999   -9999   -9999   -9999   -9999   -9999   -9999   -9999   -9999   -9999   -9999   -9999   -9999   -9999   -9999   -9999   -9999   -9999   -9999   -9999   -9999   -9999   -9999   -9999   -9999   -9999   -9999   -9999   -9999   -9999   -9999   -9999   -9999   1881.00   1881.00   1879.00   1863.00   1847.00   1828.00   1819.00   1801.00   1780.01   1779.99   1769.49   1760.00   1750.00   1757.00   1714.00   1729.00   1745.00   1714.00   1694.00   1683.00   1681.00   1675.00   1670.00   1668.00   1664.00   1661.00   1659.00   1658.68   1659.00   1657.00   1653.00   1648.10   1643.99   1644.00   1641.00   1638.00   1635.00   1633.00   1632.00   1631.49   1629.00   1626.00   1624.34   1624.34   1622.00   1621.00   1620.00   1622.00   1628.00   1631.00   1632.00   1631.00   1627.00   1627.00   1626.00   1622.00   1617.00   1615.00   1610.00   1608.00   1607.00   1598.00   1594.00   1595.00   1592.00   1589.51   1596.00   1606.00   1613.00   1608.00   1604.00   1601.00   1609.00   1612.00   1614.00   1613.00   1614.00   1615.00   1615.00   1617.00   1617.00   1615.00   1617.00   1615.00   1614.00   1612.00   1612.00   1613.00   1615.00   1619.00   1618.00   1620.00   1621.00   1621.00   1625.00   1629.00   1634.00   1636.00   1635.00   1639.00   1645.00   1636.00   1638.00   1648.00   1652.00   1654.00   1660.00   1664.00   1673.00   1678.00   1672.00   -9999   -9999   -9999   -9999   -9999   -9999   -9999   -9999   -9999   -9999   -9999   -9999   -9999   -9999   -9999   -9999   -9999   -9999   -9999   -9999   -9999   -9999   -9999   -9999   -9999   -9999   -9999   -9999   -9999   -9999   -9999   -9999   -9999   -9999
 -9999   -9999   -9999   -9999   -9999   -9999   -9999   -9999   -9999   -9999   -9999   -9999   -9999   -9999   -9999   -9999   -9999   -9999   -9999   -9999   -9999   -9999   -9999   -9999   -9999   -9999   -9999   -9999   -9999   -9999   -9999   -9999   -9999   -9999   1871.00   1873.00   1871.00   1856.00   1833.00   1807.00   1802.01   1801.99   1814.00   1792.00   1775.00   1769.51   1796.00   1786.00   1731.00   1703.00   1711.00   1691.00   1684.51   1681.00   1676.00   1672.00   1669.00   1665.49   1665.51   1666.00   1670.00   1671.00   1673.00   1668.00   1662.00   1656.00   1651.00   1651.00   1651.00   1644.00   1638.00   1636.00   1634.00   1631.51   1628.00   1628.00   1627.00   1625.00   1623.00   1623.00   1626.00   1631.00   1633.00   1632.00   1630.00   1625.00   1622.00   1621.00   1622.00   1624.00   1625.00   1619.00   1611.00   1606.00   1606.00   1597.00   1597.00   1599.00   1595.25   1592.00   1597.00   1603.00   1613.00   1615.00   1608.00   1602.00   1605.00   1609.00   1606.00   1607.00   1611.00   1614.00   1616.00   1620.00   1622.00   1618.00   1617.00   1617.00   1616.00   1615.00   1613.00   1614.00   1616.00   1616.00   1620.00   1620.00   1621.00   1623.00   1623.00   1627.00   1634.00   1638.00   1643.00   1648.00   1649.00   1643.00   1645.00   1655.00   1661.00   1664.00   1671.00   1679.00   1682.00   1693.00   1686.00   -9999   -9999   -9999   -9999   -9999   -9999   -9999   -9999   -9999   -9999   -9999   -9999   -9999   -9999   -9999   -9999   -9999   -9999   -9999   -9999   -9999   -9999   -9999   -9999   -9999   -9999   -9999   -9999   -9999   -9999   -9999   -9999   -9999   -9999
 -9999   -9999   -9999   -9999   -9999   -9999   -9999   -9999   -9999   -9999   -9999   -9999   -9999   -9999   -9999   -9999   -9999   -9999   -9999   -9999   -9999   -9999   -9999   -9999   -9999   -9999   -9999   -9999   -9999   -9999   -9999   -9999   -9999   -9999   1863.00   1859.00   1852.00   1831.00   1831.00   1819.00   1818.00   1835.00   1819.00   1810.00   1776.00   1802.00   1788.00   1767.00   1740.00   1700.00   1693.00   1688.00   1684.49   1679.49   1679.51   1677.00   1674.00   1672.00   1674.00   1674.00   1686.00   1694.00   1699.00   1688.00   1678.00   1666.00   1661.00   1657.00   1653.00   1646.00   1639.51   1637.51   1637.00   1635.00   1633.00   1631.00   1631.00   1630.00   1630.00   1627.00   1632.00   1635.00   1632.00   1626.00   1623.00   1620.00   1616.00   1613.00   1614.00   1615.00   1618.00   1612.00   1604.00   1603.00   1603.00   1602.00   1604.00   1601.00   1595.24   1596.00   1598.00   1605.00   1613.00   1617.00   1615.00   1608.00   1603.00   1604.00   1604.00   1606.00   1611.00   1613.00   1615.00   1618.00   1618.00   1620.00   1620.00   1619.00   1617.00   1616.00   1615.00   1614.00   1615.00   1617.00   1619.00   1619.00   1621.00   1623.00   1625.00   1627.00   1629.00   1632.00   1638.00   1645.00   1649.00   1650.00   1650.00   1660.00   1674.00   1683.00   1686.00   1697.00   1703.00   1711.00   1708.00   -9999   -9999   -9999   -9999   -9999   -9999   -9999   -9999   -9999   -9999   -9999   -9999   -9999   -9999   -9999   -9999   -9999   -9999   -9999   -9999   -9999   -9999   -9999   -9999   -9999   -9999   -9999   -9999   -9999   -9999   -9999   -9999   -9999   -9999
 -9999   -9999   -9999   -9999   -9999   -9999   -9999   -9999   -9999   -9999   -9999   -9999   -9999   -9999   -9999   -9999   -9999   -9999   -9999   -9999   -9999   -9999   -9999   -9999   -9999   -9999   -9999   -9999   -9999   -9999   -9999   -9999   -9999   -9999   1870.00   1865.00   1851.00   1843.00   1860.00   1852.00   1842.00   1844.00   1846.00   1810.00   1816.00   1822.00   1796.00   1760.00   1725.00   1722.00   1721.00   1708.00   1696.00   1691.00   1692.00   1695.00   1692.00   1682.00   1687.00   1684.00   1695.00   1705.00   1704.00   1705.00   1692.00   1677.00   1665.00   1655.00   1648.00   1644.00   1639.49   1637.49   1643.00   1644.00   1638.00   1638.00   1640.00   1638.00   1640.00   1631.00   1635.00   1637.00   1631.00   1629.00   1624.00   1621.00   1617.00   1613.00   1610.00   1608.00   1608.00   1605.00   1604.34   1604.32   1605.00   1604.00   1604.00   1600.00   1595.51   1602.00   1613.00   1614.00   1619.00   1622.00   1618.00   1615.00   1613.00   1612.00   1614.00   1615.00   1611.00   1611.00   1614.00   1617.00   1619.00   1622.00   1623.00   1620.00   1617.00   1618.00   1617.00   1617.00   1615.00   1615.00   1618.00   1620.00   1620.00   1623.00   1624.00   1627.00   1632.00   1635.00   1638.00   1643.00   1651.00   1658.00   1663.00   1666.00   1685.00   1698.00   1716.00   1727.00   1732.00   1736.00   1740.00   -9999   -9999   -9999   -9999   -9999   -9999   -9999   -9999   -9999   -9999   -9999   -9999   -9999   -9999   -9999   -9999   -9999   -9999   -9999   -9999   -9999   -9999   -9999   -9999   -9999   -9999   -9999   -9999   -9999   -9999   -9999   -9999   -9999   -9999
 -9999   -9999   -9999   -9999   -9999   -9999   -9999   -9999   -9999   -9999   -9999   -9999   -9999   -9999   -9999   -9999   -9999   -9999   -9999   -9999   -9999   -9999   -9999   -9999   -9999   -9999   -9999   -9999   -9999   -9999   -9999   -9999   -9999   1879.00   1871.00   1862.01   1853.00   1852.00   1870.00   1874.00   1863.00   1859.00   1846.00   1812.00   1844.00   1850.00   1804.00   1774.00   1749.00   1743.00   1720.00   1709.00   1706.00   1704.00   1700.00   1708.00   1708.00   1696.00   1690.00   1691.00   1696.00   1690.00   1685.00   1689.00   1689.00   1677.00   1664.00   1654.00   1648.00   1645.00   1644.00   1646.00   1648.00   1652.00   1650.00   1648.00   1651.00   1647.00   1643.00   1639.00   1639.00   1640.00   1637.00   1630.00   1629.00   1629.00   1629.00   1623.00   1616.00   1610.00   1607.34   1607.34   1607.32   1604.32   1604.34   1606.00   1601.00   1597.00   1597.00   1612.00   1623.00   1621.00   1625.00   1627.00   1625.00   1621.00   1619.00   1620.00   1621.00   1621.00   1618.00   1612.00   1615.00   1618.00   1620.00   1620.00   1622.00   1623.00   1620.00   1618.00   1619.00   1618.00   1618.00   1617.49   1617.51   1619.00   1621.00   1623.00   1624.00   1628.00   1634.00   1641.00   1643.00   1646.00   1652.00   1660.00   1669.00   1678.00   1694.00   1721.00   1752.00   1783.00   1773.00   1770.00   1778.00   -9999   -9999   -9999   -9999   -9999   -9999   -9999   -9999   -9999   -9999   -9999   -9999   -9999   -9999   -9999   -9999   -9999   -9999   -9999   -9999   -9999   -9999   -9999   -9999   -9999   -9999   -9999   -9999   -9999   -9999   -9999   -9999   -9999   -9999
 -9999   -9999   -9999   -9999   -9999   -9999   -9999   -9999   -9999   -9999   -9999   -9999   -9999   -9999   -9999   -9999   -9999   -9999   -9999   -9999   -9999   -9999   -9999   -9999   -9999   -9999   -9999   -9999   -9999   -9999   -9999   -9999   -9999   1880.00   1868.00   1876.00   1861.99   1861.00   1875.00   1874.00   1869.00   1868.00   1837.00   1828.00   1860.00   1857.00   1812.00   1784.00   1762.00   1747.00   1730.00   1713.00   1702.00   1696.00   1692.00   1695.00   1700.00   1694.00   1685.00   1686.00   1688.00   1684.00   1678.00   1675.00   1671.00   1665.00   1658.00   1653.00   1650.00   1651.00   1651.00   1649.00   1655.00   1658.00   1659.00   1656.00   1658.00   1656.00   1652.00   1649.00   1645.00   1640.00   1636.00   1627.00   1624.00   1627.00   1630.00   1628.00   1621.00   1612.00   1608.57   1608.57   1609.00   1604.68   1606.00   1608.00   1601.00   1597.00   1605.00   1619.00   1623.00   1623.00   1625.00   1627.00   1629.00   1626.00   1624.00   1623.00   1624.00   1624.00   1622.00   1614.00   1616.00   1620.00   1619.00   1620.00   1622.00   1627.00   1624.00   1620.00   1621.00   1621.00   1621.00   1619.00   1618.00   1620.00   1621.00   1624.00   1626.00   1630.00   1636.00   1643.00   1650.00   1652.00   1656.00   1664.00   1674.00   1687.00   1705.00   1742.00   1797.00   1851.00   1854.00   1825.00   1801.00   1792.00   -9999   -9999   -9999   -9999   -9999   -9999   -9999   -9999   -9999   -9999   -9999   -9999   -9999   -9999   -9999   -9999   -9999   -9999   -9999   -9999   -9999   -9999   -9999   -9999   -9999   -9999   -9999   -9999   -9999   -9999   -9999   -9999   -9999
 -9999   -9999   -9999   -9999   -9999   -9999   -9999   -9999   -9999   -9999   -9999   -9999   -9999   -9999   -9999   -9999   -9999   -9999   -9999   -9999   -9999   -9999   -9999   -9999   -9999   -9999   -9999   -9999   -9999   -9999   -9999   -9999   1885.00   1876.00   1873.00   1880.00   1863.00   1873.00   1879.00   1876.00   1870.00   1859.00   1838.00   1843.00   1864.00   1858.00   1802.00   1766.00   1749.00   1732.00   1721.00   1712.00   1713.00   1702.00   1692.00   1686.00   1689.00   1693.00   1683.00   1681.00   1683.00   1679.00   1674.00   1671.00   1666.00   1662.00   1658.00   1656.00   1656.00   1661.00   1659.00   1656.00   1659.00   1659.00   1655.00   1652.00   1650.00   1649.00   1648.00   1647.00   1646.00   1642.00   1636.00   1624.00   1618.00   1618.00   1619.00   1618.00   1614.00   1611.00   1608.76   1610.00   1608.55   1607.00   1607.00   1605.00   1599.28   1598.10   1604.00   1610.00   1617.00   1621.00   1623.00   1626.00   1629.00   1627.00   1626.00   1627.00   1627.00   1626.00   1626.00   1619.00   1615.00   1615.00   1616.00   1618.00   1622.00   1624.00   1626.00   1623.00   1622.00   1622.00   1623.00   1622.00   1620.00   1619.00   1623.00   1623.00   1628.00   1629.00   1636.00   1642.00   1644.00   1651.00   1661.00   1671.00   1681.00   1694.00   1712.00   1741.00   1787.00   1875.00   1850.00   1797.00   1764.00   1755.00   -9999   -9999   -9999   -9999   -9999   -9999   -9999   -9999   -9999   -9999   -9999   -9999   -9999   -9999   -9999   -9999   -9999   -9999   -9999   -9999   -9999   -9999   -9999   -9999   -9999   -9999   -9999   -9999   -9999   -9999   -9999   -9999   -9999
 -9999   -9999   -9999   -9999   -9999   -9999   -9999   -9999   -9999   -9999   -9999   -9999   -9999   -9999   -9999   -9999   -9999   -9999   -9999   -9999   -9999   -9999   -9999   -9999   -9999   -9999   -9999   -9999   -9999   -9999   -9999   -9999   1887.00   1880.00   1881.00   1883.00   1869.00   1878.00   1882.00   1880.00   1872.00   1851.00   1846.00   1853.00   1856.00   1846.00   1821.00   1782.00   1758.00   1738.00   1728.00   1720.00   1715.00   1703.00   1692.00   1685.00   1682.00   1679.00   1678.00   1675.00   1674.00   1672.00   1671.00   1668.00   1666.00   1662.00   1659.00   1658.00   1661.00   1666.00   1666.00   1661.00   1661.00   1658.00   1654.00   1649.00   1645.00   1641.00   1639.00   1638.00   1634.00   1629.00   1624.00   1619.00   1618.00   1615.00   1613.00   1613.00   1612.00   1614.00   1612.00   1611.00   1608.55   1615.00   1613.00   1599.28   1603.00   1602.00   1598.12   1604.00   1616.00   1622.00   1622.00   1623.00   1626.00   1627.00   1628.00   1627.00   1630.00   1628.00   1628.00   1625.00   1623.00   1617.00   1615.00   1617.00   1620.00   1623.00   1624.00   1625.00   1627.00   1625.00   1624.00   1624.00   1623.00   1621.00   1625.00   1627.00   1635.00   1633.00   1634.00   1639.00   1643.00   1653.00   1663.00   1674.00   1688.00   1704.00   1726.00   1752.00   1805.00   1827.00   1791.00   1766.00   1742.00   1727.00   1725.00   -9999   -9999   -9999   -9999   -9999   -9999   -9999   -9999   -9999   -9999   -9999   -9999   -9999   -9999   -9999   -9999   -9999   -9999   -9999   -9999   -9999   -9999   -9999   -9999   -9999   -9999   -9999   -9999   -9999   -9999   -9999   -9999
 -9999   -9999   -9999   -9999   -9999   -9999   -9999   -9999   -9999   -9999   -9999   -9999   -9999   -9999   -9999   -9999   -9999   -9999   -9999   -9999   -9999   -9999   -9999   -9999   -9999   -9999   -9999   -9999   -9999   -9999   -9999   -9999   1896.00   1895.00   1890.00   1888.00   1873.00   1883.00   1887.00   1890.00   1881.00   1854.00   1828.00   1817.00   1821.00   1818.00   1795.00   1757.00   1741.00   1732.00   1725.00   1712.00   1706.00   1699.00   1694.00   1689.00   1684.00   1677.00   1673.00   1671.00   1669.00   1666.00   1667.00   1666.00   1667.00   1667.00   1663.00   1661.00   1665.00   1668.00   1668.00   1665.00   1663.00   1658.00   1653.00   1650.00   1644.00   1640.00   1636.00   1629.00   1627.00   1625.00   1625.00   1626.00   1628.00   1624.00   1618.00   1613.00   1614.00   1615.00   1612.00   1610.51   1610.49   1611.00   1611.00   1608.00   1599.29   1599.30   1598.26   1598.13   1603.00   1611.00   1614.00   1618.00   1621.00   1622.00   1624.00   1627.00   1628.00   1628.00   1629.00   1628.00   1626.00   1623.00   1618.00   1615.00   1619.00   1622.00   1623.00   1628.00   1630.00   1628.00   1626.00   1626.00   1626.00   1626.00   1625.00   1628.00   1636.00   1640.00   1641.00   1643.00   1647.00   1657.00   1667.00   1683.00   1700.00   1724.00   1755.00   1782.00   1802.00   1768.00   1755.00   1743.00   1727.00   1713.00   1707.00   -9999   -9999   -9999   -9999   -9999   -9999   -9999   -9999   -9999   -9999   -9999   -9999   -9999   -9999   -9999   -9999   -9999   -9999   -9999   -9999   -9999   -9999   -9999   -9999   -9999   -9999   -9999   -9999   -9999   -9999   -9999   -9999
 -9999   -9999   -9999   -9999   -9999   -9999   -9999   -9999   -9999   -9999   -9999   -9999   -9999   -9999   -9999   -9999   -9999   -9999   -9999   -9999   -9999   -9999   -9999   -9999   -9999   -9999   -9999   -9999   -9999   -9999   -9999   1924.00   1909.00   1919.00   1909.00   1896.00   1878.00   1884.00   1890.00   1888.00   1880.00   1852.00   1842.00   1810.00   1785.00   1786.00   1793.00   1785.00   1766.00   1743.00   1733.00   1735.00   1724.00   1715.00   1706.00   1695.00   1688.00   1683.00   1678.00   1671.00   1668.00   1667.00   1664.00   1661.00   1660.00   1664.00   1669.00   1666.00   1667.00   1666.00   1665.00   1664.00   1661.00   1657.00   1653.00   1649.00   1649.00   1644.00   1639.00   1636.00   1635.00   1637.00   1637.00   1636.00   1633.00   1624.00   1618.00   1615.00   1615.00   1614.00   1612.78   1612.52   1612.51   1615.00   1614.00   1611.00   1599.39   1599.40   1598.26   1598.13   1600.00   1603.00   1606.00   1610.00   1613.00   1616.00   1621.00   1625.00   1627.00   1630.00   1631.00   1629.00   1628.00   1628.00   1624.00   1616.49   1617.00   1621.00   1623.00   1625.00   1628.00   1630.00   1628.00   1629.00   1628.49   1628.00   1628.00   1629.00   1634.00   1636.00   1640.00   1644.00   1650.00   1659.00   1671.00   1687.00   1712.00   1754.00   1823.00   1820.00   1763.00   1728.00   1724.00   1723.00   1713.00   1704.00   1694.00   1689.00   1687.00   -9999   -9999   -9999   -9999   -9999   -9999   -9999   -9999   -9999   -9999   -9999   -9999   -9999   -9999   -9999   -9999   -9999   -9999   -9999   -9999   -9999   -9999   -9999   -9999   -9999   -9999   -9999   -9999   -9999   -9999
 -9999   -9999   -9999   -9999   -9999   -9999   -9999   -9999   -9999   -9999   -9999   -9999   -9999   -9999   -9999   -9999   -9999   -9999   -9999   -9999   -9999   -9999   -9999   -9999   -9999   -9999   -9999   -9999   -9999   -9999   -9999   1937.00   1923.00   1941.00   1929.00   1900.00   1890.00   1892.00   1897.00   1881.00   1848.00   1819.00   1800.00   1812.00   1778.00   1770.00   1795.00   1792.00   1778.00   1756.00   1752.00   1745.00   1738.00   1739.00   1735.00   1717.00   1704.00   1693.00   1686.00   1678.00   1674.00   1673.00   1673.00   1671.00   1658.00   1658.00   1667.00   1672.00   1670.00   1661.00   1661.00   1661.00   1659.00   1653.00   1648.00   1644.00   1646.00   1645.00   1644.00   1642.00   1641.00   1639.00   1639.00   1631.00   1623.00   1619.00   1619.00   1618.00   1616.00   1617.00   1614.00   1612.51   1615.00   1617.00   1614.00   1607.00   1599.50   1599.52   1599.53   1599.00   1601.00   1601.00   1605.00   1610.00   1611.00   1614.00   1619.00   1623.00   1626.00   1629.00   1631.00   1630.00   1629.00   1627.00   1624.00   1616.51   1618.00   1622.00   1624.00   1625.00   1629.00   1631.00   1631.00   1632.00   1628.51   1629.00   1632.00   1632.00   1631.00   1634.00   1636.00   1644.00   1651.00   1662.00   1673.00   1690.00   1711.00   1746.00   1758.00   1745.00   1728.00   1711.00   1702.00   1706.00   1699.00   1691.00   1687.00   1680.00   1680.00   1677.00   -9999   -9999   -9999   -9999   -9999   -9999   -9999   -9999   -9999   -9999   -9999   -9999   -9999   -9999   -9999   -9999   -9999   -9999   -9999   -9999   -9999   -9999   -9999   -9999   -9999   -9999   -9999   -9999   -9999
 -9999   -9999   -9999   -9999   -9999   -9999   -9999   -9999   -9999   -9999   -9999   -9999   -9999   -9999   -9999   -9999   -9999   -9999   -9999   -9999   -9999   -9999   -9999   -9999   -9999   -9999   -9999   -9999   -9999   -9999   1986.00   1960.00   1941.00   1950.00   1926.00   1907.00   1900.00   1909.00   1915.00   1887.00   1865.00   1854.00   1788.00   1772.00   1758.00   1749.00   1753.00   1768.00   1773.00   1748.00   1730.00   1719.00   1720.00   1735.00   1734.00   1728.00   1705.00   1690.00   1683.00   1678.00   1677.00   1673.00   1674.00   1673.00   1662.00   1653.00   1658.00   1664.00   1664.00   1655.00   1657.00   1657.00   1656.00   1653.00   1649.00   1641.00   1643.00   1645.00   1643.00   1642.00   1639.00   1633.00   1630.00   1625.00   1623.51   1622.00   1621.00   1618.00   1616.00   1613.34   1613.34   1616.00   1618.00   1615.00   1611.00   1604.00   1601.00   1599.92   1599.92   1600.34   1603.00   1606.00   1610.00   1613.00   1614.00   1618.00   1621.00   1624.00   1625.00   1628.00   1629.00   1630.00   1629.00   1632.00   1626.00   1618.00   1618.00   1621.00   1623.00   1626.00   1625.00   1627.00   1629.00   1630.00   1631.00   1630.00   1632.00   1630.00   1630.00   1632.00   1638.00   1642.00   1648.00   1657.00   1673.00   1692.00   1704.00   1711.00   1711.00   1706.00   1703.00   1695.00   1690.00   1693.00   1693.00   1681.00   1678.00   1680.00   1671.00   1667.00   1666.00   1669.00   1675.00   1682.00   1691.00   -9999   -9999   -9999   -9999   -9999   -9999   -9999   -9999   -9999   -9999   -9999   -9999   -9999   -9999   -9999   -9999   -9999   -9999   -9999   -9999   -9999   -9999   -9999   -9999
 -9999   -9999   -9999   -9999   -9999   -9999   -9999   -9999   -9999   -9999   -9999   -9999   -9999   -9999   -9999   -9999   -9999   -9999   -9999   -9999   -9999   -9999   -9999   -9999   -9999   -9999   -9999   -9999   -9999   -9999   1999.00   1968.00   1958.00   1953.00   1945.00   1935.00   1923.00   1935.00   1949.00   1912.00   1887.00   1808.00   1791.00   1789.00   1782.00   1764.00   1738.00   1735.00   1750.00   1751.00   1747.00   1725.00   1709.00   1725.00   1716.00   1709.00   1693.00   1686.00   1680.00   1673.00   1671.00   1669.00   1664.00   1665.00   1667.00   1653.00   1652.00   1655.00   1654.00   1650.00   1654.00   1656.00   1659.00   1654.00   1647.00   1641.00   1636.00   1636.00   1633.00   1634.00   1631.00   1630.00   1627.00   1626.00   1623.49   1623.00   1618.00   1616.00   1614.00   1615.00   1617.00   1618.00   1616.00   1611.74   1610.00   1607.00   1603.00   1600.24   1600.34   1600.34   1601.00   1604.00   1609.00   1613.00   1612.00   1615.00   1621.00   1621.00   1622.00   1624.00   1626.00   1627.00   1628.00   1630.00   1627.00   1622.00   1618.24   1618.25   1623.00   1626.00   1625.00   1625.00   1627.00   1629.00   1628.00   1629.00   1629.00   1627.00   1629.00   1631.00   1636.00   1637.00   1644.00   1656.00   1670.00   1686.00   1693.00   1690.00   1687.00   1686.00   1685.00   1681.00   1681.00   1678.00   1679.00   1671.00   1670.00   1670.00   1668.00   1662.00   1662.00   1666.00   1671.00   1677.00   1682.00   1683.00   1678.00   -9999   -9999   -9999   -9999   -9999   -9999   -9999   -9999   -9999   -9999   -9999   -9999   -9999   -9999   -9999   -9999   -9999   -9999   -9999   -9999   -9999   -9999
 -9999   -9999   -9999   -9999   -9999   -9999   -9999   -9999   -9999   -9999   -9999   -9999   -9999   -9999   -9999   -9999   -9999   -9999   -9999   -9999   -9999   -9999   -9999   -9999   -9999   -9999   -9999   -9999   -9999   -9999   -9999   1995.00   1984.00   1978.00   1978.00   1963.00   1952.00   1971.00   1964.00   1922.00   1861.00   1828.00   1831.00   1825.00   1802.00   1785.00   1756.00   1729.00   1721.00   1719.00   1717.00   1713.00   1705.68   1704.00   1702.00   1698.00   1692.00   1686.00   1681.00   1678.00   1683.00   1682.00   1675.00   1659.00   1663.00   1653.00   1650.00   1648.00   1646.00   1646.00   1651.00   1655.00   1659.00   1649.00   1641.00   1635.00   1633.00   1633.00   1631.00   1631.00   1630.00   1627.00   1626.00   1626.00   1627.00   1619.49   1619.51   1617.00   1618.00   1620.00   1622.00   1617.00   1612.51   1611.75   1611.00   1611.00   1606.00   1600.24   1600.26   1600.68   1600.68   1601.00   1604.00   1607.00   1610.49   1610.51   1613.00   1616.00   1619.00   1622.00   1623.00   1625.00   1626.00   1630.00   1628.00   1623.00   1621.00   1618.51   1619.00   1622.00   1623.00   1624.00   1624.00   1624.00   1624.00   1622.51   1626.00   1629.00   1627.00   1629.00   1632.00   1639.00   1646.00   1652.00   1662.00   1672.00   1674.00   1672.00   1670.00   1670.00   1672.00   1673.00   1674.00   1667.00   1665.00   1662.00   1663.00   1663.00   1666.00   1657.00   1657.00   1663.00   1665.00   1670.00   1673.00   1675.00   1671.00   -9999   -9999   -9999   -9999   -9999   -9999   -9999   -9999   -9999   -9999   -9999   -9999   -9999   1712.00   1730.00   1749.00   1774.00   -9999   -9999   -9999   -9999   -9999
 -9999   -9999   -9999   -9999   -9999   -9999   -9999   -9999   -9999   -9999   -9999   -9999   -9999   -9999   -9999   -9999   -9999   -9999   -9999   -9999   -9999   -9999   -9999   -9999   -9999   -9999   -9999   -9999   -9999   -9999   -9999   -9999   2001.00   2000.00   2003.00   2009.00   1987.00   1961.00   1922.00   1889.00   1870.00   1851.00   1828.00   1803.00   1772.00   1756.00   1759.00   1741.00   1728.00   1719.00   1705.65   1705.67   1702.00   1699.01   1695.00   1696.00   1696.00   1694.00   1690.00   1689.00   1696.00   1688.00   1673.00   1659.00   1655.00   1652.00   1653.00   1650.00   1646.00   1645.00   1647.00   1648.00   1646.00   1642.00   1639.00   1635.00   1634.00   1632.00   1631.00   1631.00   1630.00   1629.00   1629.00   1629.00   1624.06   1624.07   1621.00   1621.00   1622.00   1625.00   1620.00   1615.00   1613.00   1613.00   1614.00   1611.00   1606.00   1600.90   1600.90   1601.00   1600.75   1601.00   1604.00   1608.00   1613.00   1617.00   1616.00   1618.00   1619.00   1619.00   1620.00   1622.00   1625.00   1625.00   1628.00   1626.00   1624.00   1622.00   1619.00   1619.00   1620.00   1620.00   1620.00   1620.00   1621.00   1622.49   1626.00   1627.00   1629.00   1628.00   1630.00   1637.00   1643.00   1647.00   1654.00   1657.00   1660.00   1663.00   1660.00   1664.00   1663.00   1664.00   1666.00   1665.00   1655.00   1657.00   1658.00   1659.00   1662.00   1655.00   1655.00   1661.00   1663.00   1665.00   1665.00   1664.00   1669.00   1677.00   -9999   -9999   -9999   -9999   -9999   -9999   1689.00   1691.00   1690.00   1692.00   1691.00   1697.00   1710.00   1728.00   1746.00   -9999   -9999   -9999   -9999   -9999   -9999
 -9999   -9999   -9999   -9999   -9999   -9999   -9999   -9999   -9999   -9999   -9999   -9999   -9999   -9999   -9999   -9999   -9999   -9999   -9999   -9999   -9999   -9999   -9999   -9999   -9999   -9999   -9999   -9999   -9999   -9999   -9999   -9999   -9999   2016.00   2026.00   2027.00   1994.00   1961.00   1939.00   1912.00   1893.00   1878.00   1846.00   1819.00   1795.00   1754.00   1737.00   1735.00   1725.00   1723.00   1713.00   1701.00   1697.49   1697.50   1691.00   1689.00   1691.00   1697.00   1700.00   1701.00   1706.00   1688.00   1670.00   1657.00   1656.00   1662.00   1664.00   1655.00   1646.00   1643.99   1644.01   1641.00   1638.00   1638.00   1635.00   1633.00   1633.00   1634.00   1635.00   1635.00   1631.00   1628.00   1626.34   1625.66   1625.68   1624.07   1624.12   1624.00   1627.00   1624.00   1617.00   1616.00   1616.00   1617.00   1617.00   1610.00   1607.00   1601.49   1601.51   1604.00   1601.00   1603.00   1607.00   1610.00   1613.00   1618.00   1622.00   1621.00   1619.00   1621.00   1622.00   1622.00   1623.00   1624.00   1625.00   1626.00   1625.00   1622.00   1620.00   1620.00   1620.00   1620.00   1620.00   1620.00   1622.00   1622.00   1628.00   1625.00   1625.00   1626.00   1627.00   1631.00   1637.00   1643.00   1646.00   1649.00   1652.00   1652.00   1656.00   1658.00   1656.00   1661.00   1661.00   1660.00   1650.00   1652.00   1653.00   1653.00   1656.00   1651.00   1649.00   1654.00   1653.00   1656.00   1656.00   1662.00   1671.00   1682.00   1695.00   -9999   -9999   1724.00   1707.00   1691.00   1685.00   1689.00   1686.00   1679.00   1686.00   1697.00   1709.00   1720.00   -9999   -9999   -9999   -9999   -9999   -9999   -9999
 -9999   -9999   -9999   -9999   -9999   -9999   -9999   -9999   -9999   -9999   -9999   -9999   -9999   -9999   -9999   -9999   -9999   -9999   -9999   -9999   -9999   -9999   -9999   -9999   -9999   -9999   -9999   -9999   -9999   -9999   -9999   -9999   -9999   -9999   2022.00   2016.00   1992.00   1931.00   1888.00   1877.00   1853.00   1836.00   1846.00   1830.00   1785.00   1746.00   1728.00   1720.00   1715.00   1709.00   1704.00   1700.00   1696.00   1694.00   1689.00   1686.00   1686.00   1689.00   1691.00   1695.00   1698.00   1682.00   1666.00   1660.00   1663.00   1669.00   1664.00   1653.00   1648.00   1646.00   1643.00   1640.00   1640.00   1644.00   1639.00   1634.00   1633.00   1633.00   1632.00   1631.01   1630.99   1632.00   1629.00   1631.00   1628.00   1626.00   1625.00   1628.00   1628.00   1621.00   1618.00   1618.00   1617.00   1619.00   1619.00   1612.00   1605.00   1603.00   1605.00   1605.00   1603.49   1603.51   1607.00   1613.00   1613.00   1616.00   1620.00   1621.00   1621.00   1622.00   1622.00   1622.00   1623.00   1624.00   1625.00   1624.51   1624.49   1624.00   1620.00   1621.00   1621.00   1620.00   1623.00   1626.00   1624.00   1622.00   1623.00   1623.00   1623.00   1625.00   1626.00   1630.00   1631.00   1635.00   1640.00   1644.00   1643.00   1648.00   1651.00   1651.00   1652.00   1655.00   1652.00   1655.00   1644.00   1650.00   1653.00   1648.00   1649.00   1646.00   1645.00   1645.00   1648.00   1651.00   1656.00   1666.00   1674.00   1685.00   1706.00   1741.00   1746.00   1717.00   1697.00   1688.00   1676.00   1679.00   1676.00   1678.00   1688.00   1694.00   1704.00   -9999   -9999   -9999   -9999   -9999   -9999   -9999   -9999
 -9999   -9999   -9999   -9999   -9999   -9999   -9999   -9999   -9999   -9999   -9999   -9999   -9999   -9999   -9999   -9999   -9999   -9999   -9999   -9999   -9999   -9999   -9999   -9999   -9999   -9999   -9999   -9999   -9999   -9999   -9999   -9999   -9999   -9999   2009.00   1989.00   1944.00   1914.00   1895.00   1869.00   1848.00   1823.00   1777.00   1767.00   1752.00   1740.00   1734.00   1729.00   1722.00   1711.00   1704.00   1699.00   1692.00   1690.00   1688.00   1685.00   1681.00   1680.00   1680.00   1690.00   1685.00   1671.00   1663.00   1662.00   1669.00   1667.00   1657.00   1650.00   1655.00   1650.00   1644.00   1642.00   1648.00   1651.00   1646.00   1640.00   1637.00   1634.00   1634.00   1632.00   1632.66   1634.00   1631.00   1633.00   1631.00   1631.00   1631.00   1630.00   1627.00   1622.00   1620.00   1620.00   1622.00   1624.00   1619.00   1611.00   1606.00   1608.00   1610.00   1608.00   1606.00   1606.00   1609.00   1610.00   1614.00   1616.00   1619.00   1622.00   1623.00   1624.00   1624.00   1624.00   1625.00   1625.00   1626.00   1626.00   1627.00   1626.00   1624.00   1622.00   1621.51   1621.49   1627.00   1627.00   1626.00   1623.00   1622.00   1623.00   1624.00   1625.00   1627.00   1628.00   1630.00   1633.00   1636.00   1640.00   1639.00   1644.00   1645.00   1645.00   1647.00   1649.00   1648.00   1648.00   1641.00   1645.00   1646.00   1644.00   1642.00   1642.00   1642.00   1647.00   1651.00   1651.00   1657.00   1664.00   1670.00   1681.00   1698.00   1713.00   1710.00   1696.00   1684.00   1680.00   1672.00   1667.00   1670.00   1679.00   1688.00   1691.00   -9999   -9999   -9999   -9999   -9999   -9999   -9999   -9999   -9999
 -9999   -9999   -9999   -9999   -9999   -9999   -9999   -9999   -9999   -9999   -9999   -9999   -9999   -9999   -9999   -9999   -9999   -9999   -9999   -9999   -9999   -9999   -9999   -9999   -9999   -9999   -9999   -9999   -9999   -9999   -9999   -9999   -9999   2009.00   1999.00   1976.00   1957.00   1959.00   1929.00   1932.00   1862.00   1859.00   1846.00   1860.00   1808.00   1784.00   1760.00   1737.00   1721.00   1711.00   1714.00   1713.00   1706.00   1703.00   1693.00   1685.00   1682.00   1680.00   1674.00   1674.00   1672.00   1666.00   1665.00   1666.00   1674.00   1664.00   1657.00   1661.00   1662.00   1655.00   1645.00   1648.00   1655.00   1656.00   1648.00   1646.00   1641.00   1637.00   1634.51   1634.00   1632.66   1632.68   1631.00   1632.00   1632.00   1634.00   1633.00   1630.00   1627.00   1622.00   1624.00   1624.00   1623.00   1624.00   1617.00   1610.00   1608.00   1612.00   1613.00   1608.00   1608.00   1606.00   1611.00   1610.00   1615.00   1621.00   1622.00   1624.00   1625.00   1626.00   1627.00   1626.00   1626.00   1626.00   1628.00   1628.00   1628.00   1629.00   1626.00   1624.00   1623.00   1622.00   1626.00   1629.00   1626.00   1625.00   1624.00   1623.49   1625.00   1625.00   1627.00   1628.00   1632.00   1632.00   1634.00   1636.00   1636.00   1641.00   1640.00   1644.00   1641.00   1642.00   1640.00   1642.00   1637.00   1637.00   1636.00   1639.00   1639.00   1640.00   1643.00   1648.00   1652.00   1652.00   1654.00   1660.00   1665.00   1670.00   1680.00   1687.00   1683.00   1675.00   1674.00   1674.00   1665.00   1665.00   1671.00   1678.00   1682.00   1690.00   -9999   -9999   -9999   -9999   -9999   -9999   -9999   -9999   -9999
 -9999   -9999   -9999   -9999   -9999   -9999   -9999   -9999   -9999   -9999   -9999   -9999   -9999   -9999   -9999   -9999   -9999   -9999   -9999   -9999   -9999   -9999   -9999   -9999   -9999   -9999   -9999   -9999   -9999   -9999   -9999   -9999   -9999   -9999   2009.00   1991.00   1984.00   1968.00   1952.00   1937.00   1920.00   1917.00   1911.00   1896.00   1866.00   1836.00   1768.00   1735.00   1724.00   1722.00   1719.00   1707.00   1697.00   1693.99   1689.00   1684.00   1683.00   1678.00   1675.00   1672.00   1669.00   1670.00   1670.00   1680.00   1678.00   1665.00   1662.00   1672.00   1667.00   1654.00   1648.00   1652.00   1659.00   1657.00   1653.00   1649.00   1644.00   1637.00   1636.17   1634.49   1634.43   1634.44   1633.00   1635.00   1634.00   1636.00   1637.00   1630.00   1627.00   1626.00   1626.00   1626.00   1624.00   1623.00   1615.00   1611.00   1610.00   1614.00   1616.00   1611.00   1607.00   1607.00   1612.00   1612.00   1615.00   1622.00   1625.00   1626.00   1626.00   1626.00   1628.00   1629.00   1629.00   1631.00   1631.00   1630.00   1633.00   1632.00   1629.00   1625.00   1624.34   1624.32   1628.00   1631.00   1630.00   1628.00   1624.00   1623.51   1624.00   1625.00   1627.00   1629.00   1630.00   1631.00   1632.00   1632.00   1636.00   1637.00   1639.00   1640.00   1638.00   1637.00   1634.00   1635.00   1634.00   1634.00   1634.00   1635.00   1637.00   1639.00   1644.00   1646.00   1646.00   1648.00   1651.00   1655.00   1659.00   1665.00   1668.00   1671.00   1671.00   1665.00   1668.00   1666.00   1661.00   1664.00   1671.00   1674.00   1684.00   1689.00   -9999   -9999   -9999   -9999   -9999   -9999   -9999   -9999   -9999
 -9999   -9999   -9999   -9999   -9999   -9999   -9999   -9999   -9999   -9999   -9999   -9999   -9999   -9999   -9999   -9999   -9999   -9999   -9999   -9999   -9999   -9999   -9999   -9999   -9999   -9999   -9999   -9999   -9999   -9999   -9999   -9999   -9999   -9999   -9999   2000.00   1987.00   1973.00   1958.00   1948.00   1941.00   1927.00   1898.00   1879.00   1852.00   1796.00   1759.00   1750.00   1739.00   1727.00   1709.00   1701.00   1697.00   1694.01   1691.00   1690.00   1694.00   1680.00   1678.00   1680.00   1680.00   1679.00   1678.00   1680.00   1671.00   1663.00   1667.00   1678.00   1669.00   1654.00   1649.00   1652.00   1663.00   1666.00   1661.00   1654.00   1648.00   1639.00   1636.16   1634.87   1634.87   1634.88   1634.00   1637.00   1636.00   1638.00   1638.00   1631.00   1630.00   1627.00   1627.00   1627.00   1625.00   1621.00   1616.00   1613.00   1614.00   1618.00   1619.00   1614.00   1607.00   1608.00   1612.00   1614.00   1616.00   1619.00   1625.00   1626.00   1628.00   1628.00   1630.00   1632.00   1633.00   1633.00   1634.00   1634.00   1633.00   1632.00   1633.00   1626.00   1624.68   1624.66   1628.00   1630.00   1632.00   1633.00   1628.00   1625.00   1625.00   1625.00   1625.00   1625.00   1629.00   1628.00   1630.00   1631.00   1632.00   1633.00   1634.00   1638.00   1636.00   1632.00   1632.00   1632.00   1634.00   1634.00   1636.00   1635.49   1635.51   1637.17   1639.00   1641.00   1643.00   1645.00   1648.00   1652.00   1654.00   1658.00   1661.00   1663.00   1662.00   1660.00   1662.00   1663.00   1656.00   1659.00   1664.00   1671.00   1681.00   -9999   -9999   -9999   -9999   -9999   -9999   -9999   -9999   -9999   -9999
 -9999   -9999   -9999   -9999   -9999   -9999   -9999   -9999   -9999   -9999   -9999   -9999   -9999   -9999   -9999   -9999   -9999   -9999   -9999   -9999   -9999   -9999   -9999   -9999   -9999   -9999   -9999   -9999   -9999   -9999   -9999   -9999   -9999   -9999   -9999   -9999   1999.00   1989.00   1960.00   1924.00   1933.00   1934.00   1873.00   1819.00   1809.00   1793.00   1759.00   1751.00   1733.00   1715.00   1706.00   1704.00   1706.00   1704.00   1699.00   1695.00   1689.00   1679.00   1692.00   1697.00   1697.00   1690.00   1681.00   1676.00   1670.00   1671.00   1679.00   1683.00   1673.00   1656.00   1651.00   1652.00   1663.00   1666.00   1660.00   1654.00   1650.00   1642.00   1636.16   1636.51   1638.00   1635.51   1636.00   1639.00   1639.00   1638.00   1638.49   1636.00   1633.00   1629.00   1629.00   1627.00   1625.00   1621.00   1616.00   1614.00   1618.00   1620.00   1622.00   1619.00   1611.00   1608.00   1611.00   1614.00   1616.00   1619.00   1622.00   1627.00   1631.00   1631.00   1633.00   1637.00   1636.00   1636.00   1636.00   1636.00   1636.00   1636.00   1635.00   1628.00   1626.00   1625.00   1626.00   1629.00   1633.00   1633.00   1629.00   1625.00   1625.00   1625.00   1625.00   1626.00   1627.00   1627.00   1629.00   1630.00   1632.00   1632.00   1632.00   1630.65   1631.00   1631.00   1631.01   1634.00   1636.00   1640.00   1641.00   1639.00   1637.15   1637.17   1637.25   1637.26   1643.00   1648.00   1647.00   1650.00   1653.00   1655.00   1656.00   1657.00   1656.00   1655.00   1657.00   1654.00   1658.00   1661.00   1664.00   1670.00   -9999   -9999   -9999   -9999   -9999   -9999   -9999   -9999   -9999   -9999   -9999
 -9999   -9999   -9999   -9999   -9999   -9999   -9999   -9999   -9999   -9999   -9999   -9999   -9999   -9999   -9999   -9999   -9999   -9999   -9999   -9999   -9999   -9999   -9999   -9999   -9999   -9999   -9999   -9999   -9999   -9999   -9999   -9999   -9999   -9999   -9999   -9999   -9999   2010.00   1993.00   1921.00   1897.00   1910.00   1851.00   1850.00   1811.00   1759.00   1735.00   1726.00   1718.00   1709.99   1710.01   1720.00   1730.00   1714.00   1709.00   1695.00   1684.00   1685.00   1690.00   1701.00   1702.00   1691.00   1687.00   1688.00   1677.00   1683.00   1689.00   1684.00   1668.00   1655.00   1655.00   1659.00   1664.00   1660.00   1656.00   1652.00   1646.00   1639.49   1639.50   1639.50   1639.00   1637.00   1639.00   1640.00   1639.00   1639.00   1638.51   1635.00   1632.00   1631.00   1631.00   1630.00   1625.00   1621.00   1617.00   1616.00   1621.00   1622.00   1622.00   1621.00   1618.00   1610.00   1611.00   1615.00   1620.00   1623.00   1624.00   1629.00   1633.00   1634.00   1636.00   1639.00   1639.00   1640.00   1640.00   1641.00   1641.00   1640.00   1639.00   1632.00   1627.00   1626.00   1626.00   1628.26   1630.00   1627.93   1627.00   1627.00   1627.00   1626.00   1625.00   1625.00   1627.00   1627.00   1629.00   1628.34   1630.00   1629.21   1629.22   1629.23   1630.67   1630.67   1633.00   1637.00   1639.00   1644.00   1644.00   1647.00   1646.00   1641.00   1642.00   1639.00   1639.99   1643.00   1644.00   1647.00   1650.00   1652.00   1653.00   1654.00   1652.00   1652.00   1653.00   1657.00   1666.00   1666.00   1667.00   -9999   -9999   -9999   -9999   -9999   -9999   -9999   -9999   -9999   -9999   -9999   -9999
 -9999   -9999   -9999   -9999   -9999   -9999   -9999   -9999   -9999   -9999   -9999   -9999   -9999   -9999   -9999   -9999   -9999   -9999   -9999   -9999   -9999   -9999   -9999   -9999   -9999   -9999   -9999   -9999   -9999   -9999   -9999   -9999   -9999   -9999   -9999   -9999   -9999   -9999   1971.00   1929.00   1905.00   1887.00   1874.00   1859.00   1814.00   1771.00   1751.00   1733.00   1724.00   1726.00   1714.00   1735.00   1742.00   1732.00   1716.00   1699.00   1687.00   1698.00   1698.00   1705.00   1710.00   1701.00   1703.00   1693.00   1684.00   1687.00   1682.00   1676.00   1664.00   1656.00   1659.00   1661.00   1668.00   1665.00   1660.00   1655.00   1646.00   1641.00   1640.51   1641.00   1642.01   1637.00   1642.00   1642.00   1640.00   1639.00   1636.00   1635.00   1633.00   1633.00   1633.00   1634.00   1630.00   1625.00   1620.00   1617.00   1622.00   1626.00   1624.00   1623.00   1621.00   1612.00   1611.00   1615.00   1619.00   1621.00   1626.00   1632.00   1635.00   1636.00   1638.00   1641.00   1641.00   1643.00   1643.00   1642.00   1644.00   1642.00   1637.00   1631.00   1629.00   1627.49   1627.51   1627.96   1627.96   1627.94   1627.00   1628.00   1628.00   1626.00   1626.00   1626.00   1626.00   1627.00   1627.51   1629.00   1628.34   1629.00   1629.34   1630.00   1632.00   1632.00   1637.00   1641.00   1646.00   1655.00   1652.00   1658.00   1658.00   1649.00   1652.00   1648.00   1642.00   1640.01   1641.00   1643.00   1649.00   1652.00   1651.00   1650.00   1648.00   1652.00   1659.00   1667.00   1669.00   1669.00   1667.00   -9999   -9999   -9999   -9999   -9999   -9999   -9999   -9999   -9999   -9999   -9999   -9999
 -9999   -9999   -9999   -9999   -9999   -9999   -9999   -9999   -9999   -9999   -9999   -9999   -9999   -9999   -9999   -9999   -9999   -9999   -9999   -9999   -9999   -9999   -9999   -9999   -9999   -9999   -9999   -9999   -9999   -9999   -9999   -9999   -9999   -9999   -9999   -9999   -9999   -9999   -9999   -9999   -9999   1904.00   1867.00   1822.00   1785.00   1765.00   1759.00   1746.00   1736.00   1727.00   1720.00   1739.00   1736.00   1728.00   1717.00   1700.00   1689.00   1707.00   1711.00   1714.00   1712.00   1703.00   1701.00   1691.00   1693.00   1691.00   1680.00   1667.00   1661.00   1663.00   1665.00   1664.00   1673.00   1676.00   1668.00   1654.00   1646.00   1644.00   1642.00   1641.99   1642.00   1641.00   1641.00   1642.00   1641.00   1638.00   1637.00   1636.00   1634.00   1633.00   1634.51   1634.49   1632.00   1625.00   1618.00   1619.00   1623.00   1627.00   1627.00   1626.00   1626.00   1619.00   1614.00   1614.00   1617.00   1621.00   1627.00   1634.00   1638.00   1640.00   1639.00   1643.00   1645.00   1646.00   1645.00   1645.00   1645.00   1641.00   1634.00   1632.00   1634.00   1634.00   1631.00   1629.00   1627.95   1632.00   1632.00   1631.00   1628.00   1628.00   1628.00   1627.00   1629.00   1626.49   1627.49   1628.32   1629.00   1629.00   1630.00   1632.00   1633.00   1634.00   1638.00   1645.00   1652.00   1659.00   1660.00   1664.00   1666.00   1656.00   1662.00   1658.00   1647.00   1644.00   1642.00   1641.00   1643.00   1645.00   1645.00   1648.00   1653.00   1653.00   1658.00   1662.00   1663.00   1664.00   -9999   -9999   -9999   -9999   -9999   -9999   -9999   -9999   -9999   -9999   -9999   -9999   -9999
 -9999   -9999   -9999   -9999   -9999   -9999   -9999   -9999   -9999   -9999   -9999   -9999   -9999   -9999   -9999   -9999   -9999   -9999   -9999   -9999   -9999   -9999   -9999   -9999   -9999   -9999   -9999   -9999   -9999   -9999   -9999   -9999   -9999   -9999   -9999   -9999   -9999   -9999   -9999   -9999   -9999   1878.00   1847.00   1820.00   1804.00   1803.00   1782.00   1757.00   1755.00   1737.00   1732.00   1730.00   1716.00   1707.00   1700.00   1694.00   1694.00   1713.00   1724.00   1713.00   1703.00   1694.00   1687.00   1681.00   1680.00   1677.00   1670.00   1663.00   1666.00   1677.00   1670.00   1670.00   1673.00   1672.00   1663.00   1651.00   1651.00   1651.00   1646.00   1646.00   1650.00   1644.00   1642.00   1643.00   1644.00   1642.00   1640.00   1637.00   1634.00   1634.00   1634.00   1633.00   1631.00   1625.00   1620.00   1619.00   1623.00   1628.00   1629.00   1628.00   1630.00   1624.00   1621.00   1617.00   1615.00   1619.00   1623.00   1628.00   1633.00   1638.00   1640.00   1644.00   1648.00   1648.00   1647.00   1647.00   1646.00   1640.00   1640.00   1639.00   1640.00   1640.00   1635.00   1633.00   1631.00   1631.00   1633.00   1637.00   1631.00   1629.49   1629.51   1630.00   1630.00   1626.51   1629.00   1633.00   1632.00   1631.49   1631.51   1633.00   1633.00   1636.00   1638.00   1643.00   1649.00   1655.00   1662.00   1666.00   1669.00   1668.00   1673.00   1668.00   1658.00   1647.00   1645.00   1645.00   1645.00   1645.00   1646.00   1648.00   1651.00   1654.00   1656.00   1657.00   1658.00   -9999   -9999   -9999   -9999   -9999   -9999   -9999   -9999   -9999   -9999   -9999   -9999   -9999   -9999
 -9999   -9999   -9999   -9999   -9999   -9999   -9999   -9999   -9999   -9999   -9999   -9999   -9999   -9999   -9999   -9999   -9999   -9999   -9999   -9999   -9999   -9999   -9999   -9999   -9999   -9999   -9999   -9999   -9999   -9999   -9999   -9999   -9999   -9999   -9999   -9999   -9999   -9999   -9999   -9999   -9999   -9999   -9999   -9999   -9999   1795.00   1797.00   1779.00   1783.00   1764.00   1749.00   1731.00   1716.00   1706.00   1706.00   1705.00   1701.00   1709.00   1722.00   1716.00   1708.00   1707.00   1695.00   1687.00   1674.00   1670.00   1670.00   1671.00   1675.00   1681.00   1677.00   1675.00   1669.00   1664.00   1658.00   1655.00   1661.00   1657.00   1647.49   1647.51   1648.00   1647.00   1645.00   1646.00   1645.00   1645.00   1641.00   1637.00   1635.00   1634.00   1637.00   1639.00   1632.00   1626.00   1621.00   1619.00   1623.00   1626.00   1627.00   1629.00   1632.00   1632.00   1628.00   1627.00   1620.00   1619.00   1620.00   1625.00   1631.00   1637.00   1641.00   1642.00   1645.00   1650.00   1652.00   1651.00   1646.00   1643.00   1645.00   1645.00   1646.00   1647.00   1638.00   1635.00   1634.00   1631.00   1631.00   1632.01   1631.99   1631.49   1631.50   1631.00   1634.00   1630.00   1631.00   1632.00   1633.00   1633.00   1633.00   1634.00   1635.00   1640.00   1639.00   1642.00   1650.00   1657.00   1663.00   1670.00   1679.00   1687.00   1685.00   1674.00   1660.00   1650.00   1648.00   1649.00   1648.00   1649.00   1650.00   1651.00   1650.00   1652.00   1654.00   1656.00   1660.00   -9999   -9999   -9999   -9999   -9999   -9999   -9999   -9999   -9999   -9999   -9999   -9999   -9999   -9999
 -9999   -9999   -9999   -9999   -9999   -9999   -9999   -9999   -9999   -9999   -9999   -9999   -9999   -9999   -9999   -9999   -9999   -9999   -9999   -9999   -9999   -9999   -9999   -9999   -9999   -9999   -9999   -9999   -9999   -9999   -9999   -9999   -9999   -9999   -9999   -9999   -9999   -9999   -9999   -9999   -9999   -9999   -9999   -9999   -9999   -9999   -9999   1807.00   1803.00   1785.00   1761.00   1740.00   1723.00   1712.00   1713.00   1718.00   1710.00   1718.00   1733.00   1734.00   1717.00   1701.00   1689.00   1679.00   1676.00   1674.00   1675.00   1680.00   1676.00   1689.00   1689.00   1675.00   1671.00   1668.00   1663.00   1663.00   1661.00   1650.65   1650.67   1648.00   1651.00   1652.00   1650.00   1647.00   1644.00   1641.00   1638.00   1636.00   1636.00   1635.00   1635.00   1634.00   1628.00   1623.00   1621.00   1622.00   1623.00   1625.00   1628.00   1630.00   1632.00   1632.00   1630.00   1629.00   1627.00   1623.00   1620.00   1621.00   1625.00   1632.00   1635.00   1638.00   1642.00   1649.00   1653.00   1653.00   1650.00   1648.00   1650.00   1650.00   1653.00   1649.00   1644.00   1640.00   1637.00   1637.00   1633.00   1633.01   1633.00   1635.00   1633.00   1633.00   1634.00   1631.00   1635.00   1635.00   1637.00   1637.00   1635.00   1639.00   1637.00   1640.00   1642.00   1645.00   1648.00   1655.00   1666.00   1675.00   1690.00   1701.00   1692.00   1677.00   1660.00   1651.00   1651.00   1652.00   1654.00   1655.00   1653.00   1653.00   1653.00   1653.00   1656.00   1658.00   1660.00   -9999   -9999   -9999   -9999   -9999   -9999   -9999   -9999   -9999   -9999   -9999   -9999   -9999   -9999
 -9999   -9999   -9999   -9999   -9999   -9999   -9999   -9999   -9999   -9999   -9999   -9999   -9999   -9999   -9999   -9999   -9999   -9999   -9999   -9999   -9999   -9999   -9999   -9999   -9999   -9999   -9999   -9999   -9999   -9999   -9999   -9999   -9999   -9999   -9999   -9999   -9999   -9999   -9999   -9999   -9999   -9999   -9999   -9999   -9999   -9999   -9999   -9999   1783.00   1764.00   1757.00   1745.00   1725.00   1720.00   1721.00   1729.00   1720.00   1732.00   1741.00   1733.00   1712.00   1696.00   1684.00   1679.00   1688.00   1678.00   1678.00   1689.00   1684.00   1693.00   1690.00   1678.00   1680.00   1676.00   1675.00   1671.00   1661.00   1652.34   1652.34   1652.00   1655.00   1658.00   1655.00   1649.00   1644.00   1639.00   1636.00   1636.00   1635.00   1633.00   1632.00   1628.51   1628.49   1625.00   1623.00   1628.00   1628.00   1627.00   1628.00   1629.00   1630.00   1632.00   1631.00   1631.00   1630.00   1627.00   1622.00   1623.00   1629.00   1638.00   1639.00   1642.00   1647.00   1648.00   1650.00   1655.00   1657.00   1654.00   1656.00   1656.00   1659.00   1655.00   1651.00   1644.00   1641.00   1643.00   1636.00   1634.00   1634.00   1636.00   1636.00   1634.00   1635.00   1636.00   1637.00   1640.00   1639.00   1641.00   1637.00   1640.00   1642.00   1642.00   1647.00   1655.00   1657.00   1656.00   1662.00   1679.00   1697.00   1707.00   1694.00   1678.00   1664.00   1656.00   1652.00   1654.00   1658.00   1660.00   1661.00   1657.00   1660.00   1657.00   1659.00   1662.00   1665.00   -9999   -9999   -9999   -9999   -9999   -9999   -9999   -9999   -9999   -9999   -9999   -9999   -9999   -9999
 -9999   -9999   -9999   -9999   -9999   -9999   -9999   -9999   -9999   -9999   -9999   -9999   -9999   -9999   -9999   -9999   -9999   -9999   -9999   -9999   -9999   -9999   -9999   -9999   -9999   -9999   -9999   -9999   -9999   -9999   -9999   -9999   -9999   -9999   -9999   -9999   -9999   -9999   -9999   -9999   -9999   -9999   -9999   -9999   -9999   -9999   -9999   -9999   1781.00   1761.00   1753.00   1739.00   1732.00   1745.00   1737.00   1740.00   1734.00   1734.00   1729.00   1722.00   1702.00   1687.00   1687.00   1690.00   1692.00   1679.00   1684.00   1695.00   1698.00   1704.00   1692.00   1686.00   1690.00   1688.00   1680.00   1666.00   1658.00   1655.00   1658.00   1658.00   1655.00   1656.00   1654.00   1647.00   1642.00   1638.51   1636.51   1636.00   1634.00   1634.00   1631.00   1632.00   1635.00   1631.00   1626.00   1632.00   1633.00   1630.00   1630.00   1633.00   1633.00   1634.00   1633.00   1632.00   1635.00   1632.00   1626.00   1625.00   1628.00   1636.00   1645.00   1649.00   1651.00   1655.00   1652.00   1655.00   1658.00   1661.00   1664.00   1665.00   1669.00   1663.00   1658.00   1651.00   1648.00   1650.00   1639.00   1637.00   1635.00   1638.00   1638.00   1636.00   1637.00   1637.00   1640.00   1642.00   1644.00   1641.00   1639.00   1642.00   1646.00   1648.00   1650.00   1660.00   1668.00   1666.00   1664.00   1678.00   1695.00   -9999   -9999   1678.00   1668.00   -9999   -9999   -9999   -9999   -9999   -9999   -9999   -9999   -9999   -9999   1669.00   1672.00   -9999   -9999   -9999   -9999   -9999   -9999   -9999   -9999   -9999   -9999   -9999   -9999   -9999   -9999
 -9999   -9999   -9999   -9999   -9999   -9999   -9999   -9999   -9999   -9999   -9999   -9999   -9999   -9999   -9999   -9999   -9999   -9999   -9999   -9999   -9999   -9999   -9999   -9999   -9999   -9999   -9999   -9999   -9999   -9999   -9999   -9999   -9999   -9999   -9999   -9999   -9999   -9999   -9999   -9999   -9999   -9999   -9999   -9999   -9999   -9999   -9999   -9999   -9999   1779.00   1778.00   1754.00   1750.00   1760.00   1760.00   1751.00   1736.00   1732.00   1715.00   1704.00   1693.00   1697.00   1695.00   1699.00   1693.00   1685.00   1685.00   1706.00   1714.00   1708.00   1695.00   1697.00   1691.00   1683.00   1672.00   1667.00   1660.00   1659.00   1666.00   1660.00   1653.00   1652.00   1648.00   1644.00   1640.00   1638.49   1636.49   1636.00   1633.51   1633.11   1633.13   1634.00   1635.00   1631.00   1628.00   1632.00   1632.00   1631.00   1632.00   1634.00   1635.00   1633.00   1636.00   1638.00   1641.00   1635.00   1627.00   1627.00   1630.00   1635.00   1642.00   1652.00   1657.00   1661.00   1660.00   1660.00   1663.00   1665.00   1676.00   1675.00   1676.00   1671.00   1664.00   1655.00   1655.00   1649.00   1643.00   1641.00   1637.00   1639.00   1642.00   1638.00   1638.00   1639.00   1641.00   1645.00   1650.00   1645.00   1643.00   1645.00   1651.00   1656.00   1658.00   1665.00   -9999   -9999   -9999   -9999   -9999   -9999   -9999   -9999   -9999   -9999   -9999   -9999   -9999   -9999   -9999   -9999   -9999   -9999   -9999   -9999   -9999   -9999   -9999   -9999   -9999   -9999   -9999   -9999   -9999   -9999   -9999   -9999   -9999   -9999   -9999
 -9999   -9999   -9999   -9999   -9999   -9999   -9999   -9999   -9999   -9999   -9999   -9999   -9999   -9999   -9999   -9999   -9999   -9999   -9999   -9999   -9999   -9999   -9999   -9999   -9999   -9999   -9999   -9999   -9999   -9999   -9999   -9999   -9999   -9999   -9999   -9999   -9999   -9999   -9999   -9999   -9999   -9999   -9999   -9999   -9999   -9999   -9999   -9999   -9999   -9999   1786.00   1772.00   1773.00   1759.00   1752.00   1736.00   1719.00   1711.00   1707.00   1700.00   1709.00   1713.00   1703.00   1705.00   1699.00   1696.00   1686.00   1703.00   1722.00   1713.00   1706.00   1703.00   1689.00   1678.00   1679.00   1675.00   1663.67   1663.67   1665.00   1657.00   1651.01   1649.00   1646.00   1644.00   1643.00   1644.00   1641.00   1638.00   1636.00   1634.00   1633.25   1634.00   1633.00   1631.00   1628.00   1630.00   1631.00   1631.00   1632.00   1633.00   1634.00   1634.00   1635.00   1637.00   1642.00   1635.00   1631.01   1630.99   1632.00   1636.00   1646.00   1651.00   1659.00   1667.00   1669.00   1665.00   1670.00   1671.00   1681.00   1686.00   1686.00   1679.00   1669.00   1663.00   1660.00   1652.00   1646.00   1643.00   1638.00   1640.00   1644.00   1641.00   1640.00   1640.00   1643.00   1648.00   1651.00   1648.00   1649.00   1656.00   1656.00   1662.00   1667.00   -9999   -9999   -9999   -9999   -9999   -9999   -9999   -9999   -9999   -9999   -9999   -9999   -9999   -9999   -9999   -9999   -9999   -9999   -9999   -9999   -9999   -9999   -9999   -9999   -9999   -9999   -9999   -9999   -9999   -9999   -9999   -9999   -9999   -9999   -9999   -9999
 -9999   -9999   -9999   -9999   -9999   -9999   -9999   -9999   -9999   -9999   -9999   -9999   -9999   -9999   -9999   -9999   -9999   -9999   -9999   -9999   -9999   -9999   -9999   -9999   -9999   -9999   -9999   -9999   -9999   -9999   -9999   -9999   -9999   -9999   -9999   -9999   -9999   -9999   -9999   -9999   -9999   -9999   -9999   -9999   -9999   -9999   -9999   -9999   -9999   -9999   -9999   1787.00   1784.00   1761.00   1741.00   1725.00   1718.00   1721.00   1712.00   1712.00   1735.00   1727.00   1717.00   1722.00   1714.00   1709.00   1690.00   1698.00   1720.00   1719.00   1711.00   1697.00   1692.00   1686.00   1678.00   1669.00   1663.66   1664.00   1659.00   1654.00   1650.99   1649.00   1645.00   1646.00   1648.00   1648.00   1643.00   1641.00   1640.00   1637.00   1634.00   1634.00   1632.00   1630.00   1629.00   1630.00   1631.00   1631.00   1632.00   1632.00   1633.00   1632.00   1634.00   1636.00   1641.00   1639.00   1637.00   1639.00   1639.00   1641.00   1645.00   1648.00   1658.00   1668.00   1672.00   1673.00   1678.00   1682.00   1682.00   1692.00   1695.00   1686.00   1674.00   1665.00   1659.00   1654.00   1648.00   1644.00   1641.00   1641.00   1648.00   1644.00   1644.00   1649.00   1644.00   1647.00   1651.00   1653.00   1658.00   1670.00   1669.00   1667.00   1676.00   -9999   -9999   -9999   -9999   -9999   -9999   -9999   -9999   -9999   -9999   -9999   -9999   -9999   -9999   -9999   -9999   -9999   -9999   -9999   -9999   -9999   -9999   -9999   -9999   -9999   -9999   -9999   -9999   -9999   -9999   -9999   -9999   -9999   -9999   -9999   -9999
 -9999   -9999   -9999   -9999   -9999   -9999   -9999   -9999   -9999   -9999   -9999   -9999   -9999   -9999   -9999   -9999   -9999   -9999   -9999   -9999   -9999   -9999   -9999   -9999   -9999   -9999   -9999   -9999   -9999   -9999   -9999   -9999   -9999   -9999   -9999   -9999   -9999   -9999   -9999   -9999   -9999   -9999   -9999   -9999   -9999   -9999   -9999   -9999   -9999   -9999   -9999   -9999   -9999   1763.00   1742.00   1736.00   1741.00   1744.00   1731.00   1718.00   1751.00   1750.00   1736.00   1725.00   1713.00   1705.00   1693.00   1699.00   1715.00   1716.00   1709.00   1702.00   1697.00   1686.00   1676.00   1669.00   1673.00   1663.00   1657.00   1660.00   1658.00   1650.00   1650.00   1652.00   1654.00   1653.00   1649.00   1648.00   1645.00   1641.00   1637.00   1635.00   1632.00   1632.00   1632.00   1631.00   1630.00   1630.00   1631.66   1631.66   1631.68   1632.00   1633.49   1633.51   1638.00   1644.00   1646.00   1649.00   1643.00   1642.00   1648.00   1649.00   1657.00   1667.00   1674.00   1680.00   1685.00   1693.00   1694.00   1699.00   1699.00   1684.00   1675.00   1672.00   1664.00   1660.00   1656.00   1646.00   1642.00   1643.00   1645.00   1647.00   1647.00   1649.00   1649.00   1656.00   1662.00   1661.00   1666.00   1677.00   1679.00   -9999   -9999   -9999   -9999   -9999   -9999   -9999   -9999   -9999   -9999   -9999   -9999   -9999   -9999   -9999   -9999   -9999   -9999   -9999   -9999   -9999   -9999   -9999   -9999   -9999   -9999   -9999   -9999   -9999   -9999   -9999   -9999   -9999   -9999   -9999   -9999   -9999   -9999
 -9999   -9999   -9999   -9999   -9999   -9999   -9999   -9999   -9999   -9999   -9999   -9999   -9999   -9999   -9999   -9999   -9999   -9999   -9999   -9999   -9999   -9999   -9999   -9999   -9999   -9999   -9999   -9999   -9999   -9999   -9999   -9999   -9999   -9999   -9999   -9999   -9999   -9999   -9999   -9999   -9999   -9999   -9999   -9999   -9999   -9999   -9999   -9999   -9999   -9999   -9999   -9999   -9999   -9999   1765.00   1767.00   1769.00   1766.00   1743.00   1724.00   1743.00   1749.00   1727.00   1714.00   1708.00   1703.00   1700.00   1704.00   1706.00   1701.00   1697.00   1695.00   1687.00   1684.00   1676.00   1673.00   1677.00   1664.00   1667.00   1671.00   1662.00   1651.00   1655.00   1659.00   1662.00   1660.00   1657.00   1655.00   1654.00   1647.00   1643.51   1637.00   1634.00   1635.00   1635.00   1634.00   1631.00   1631.00   1632.00   1632.00   1632.00   1633.00   1634.00   1634.21   1636.00   1640.00   1643.00   1647.00   1646.00   1642.00   1646.00   1650.00   1655.00   1660.00   1668.00   1682.00   1692.00   1701.00   1706.00   1707.00   1700.00   1694.00   1690.00   1684.00   1673.00   1663.00   1659.00   1647.00   1644.00   1646.00   1645.00   1648.00   1650.00   1652.00   1657.00   1666.00   1674.00   1674.00   -9999   -9999   -9999   -9999   -9999   -9999   -9999   -9999   -9999   -9999   -9999   -9999   -9999   -9999   -9999   -9999   -9999   -9999   -9999   -9999   -9999   -9999   -9999   -9999   -9999   -9999   -9999   -9999   -9999   -9999   -9999   -9999   -9999   -9999   -9999   -9999   -9999   -9999   -9999   -9999   -9999
 -9999   -9999   -9999   -9999   -9999   -9999   -9999   -9999   -9999   -9999   -9999   -9999   -9999   -9999   -9999   -9999   -9999   -9999   -9999   -9999   -9999   -9999   -9999   -9999   -9999   -9999   -9999   -9999   -9999   -9999   -9999   -9999   -9999   -9999   -9999   -9999   -9999   -9999   -9999   -9999   -9999   -9999   -9999   -9999   -9999   -9999   -9999   -9999   -9999   -9999   -9999   -9999   -9999   -9999   -9999   -9999   -9999   -9999   1749.00   1738.00   1741.00   1738.00   1726.00   1730.00   1724.00   1713.00   1713.00   1706.00   1700.00   1693.00   1691.00   1683.00   1679.00   1677.51   1677.49   1681.00   1681.00   1673.00   1678.00   1677.00   1667.00   1657.00   1662.00   1665.00   1666.00   1667.00   1662.00   1659.00   1659.00   1656.00   1653.00   1643.49   1638.99   1639.01   1636.00   1635.00   1633.00   1634.00   1636.00   1634.00   1633.00   1635.00   1634.23   1634.22   1634.34   1636.00   1639.00   1645.00   1651.00   1650.00   1654.00   1657.00   1662.00   1667.00   1668.00   1672.00   1685.00   1698.00   1705.00   1710.00   1707.00   1705.00   1696.00   1684.00   1676.00   1663.00   1655.00   1648.00   1646.00   1652.00   -9999   -9999   -9999   1659.00   1664.00   1673.00   1682.00   -9999   -9999   -9999   -9999   -9999   -9999   -9999   -9999   -9999   -9999   -9999   -9999   -9999   -9999   -9999   -9999   -9999   -9999   -9999   -9999   -9999   -9999   -9999   -9999   -9999   -9999   -9999   -9999   -9999   -9999   -9999   -9999   -9999   -9999   -9999   -9999   -9999   -9999   -9999   -9999   -9999   -9999
 -9999   -9999   -9999   -9999   -9999   -9999   -9999   -9999   -9999   -9999   -9999   -9999   -9999   -9999   -9999   -9999   -9999   -9999   -9999   -9999   -9999   -9999   -9999   -9999   -9999   -9999   -9999   -9999   -9999   -9999   -9999   -9999   -9999   -9999   -9999   -9999   -9999   -9999   -9999   -9999   -9999   -9999   -9999   -9999   -9999   -9999   -9999   -9999   -9999   -9999   -9999   -9999   -9999   -9999   -9999   -9999   -9999   -9999   -9999   -9999   -9999   -9999   1740.00   1746.00   1741.00   1724.00   1710.00   1706.00   1701.00   1698.00   1689.00   1690.00   1685.00   1685.00   1691.00   1691.00   1675.00   1678.00   1682.00   1682.00   1673.00   1665.00   1669.00   1671.00   1668.00   1669.00   1665.00   1663.00   1664.00   1661.00   1658.00   1651.00   1648.49   1648.51   1645.00   1643.00   1640.00   1639.00   1641.00   1640.00   1640.00   1640.00   1638.00   1636.00   1635.00   1637.00   1637.00   1642.00   1648.00   1657.00   1661.00   1664.00   1669.00   1677.00   1682.00   1681.00   1678.00   1683.00   1690.00   1698.00   1705.00   1703.00   1695.00   1680.00   1671.00   1661.00   1653.00   1650.00   1648.00   1653.00   -9999   -9999   -9999   -9999   -9999   1679.00   -9999   -9999   -9999   -9999   -9999   -9999   -9999   -9999   -9999   -9999   -9999   -9999   -9999   -9999   -9999   -9999   -9999   -9999   -9999   -9999   -9999   -9999   -9999   -9999   -9999   -9999   -9999   -9999   -9999   -9999   -9999   -9999   -9999   -9999   -9999   -9999   -9999   -9999   -9999   -9999   -9999   -9999   -9999
 -9999   -9999   -9999   -9999   -9999   -9999   -9999   -9999   -9999   -9999   -9999   -9999   -9999   -9999   -9999   -9999   -9999   -9999   -9999   -9999   -9999   -9999   -9999   -9999   -9999   -9999   -9999   -9999   -9999   -9999   -9999   -9999   -9999   -9999   -9999   -9999   -9999   -9999   -9999   -9999   -9999   -9999   -9999   -9999   -9999   -9999   -9999   -9999   -9999   -9999   -9999   -9999   -9999   -9999   -9999   -9999   -9999   -9999   -9999   -9999   -9999   -9999   -9999   -9999   1732.00   1719.00   1710.00   1709.00   1705.00   1698.00   1693.00   1694.00   1692.00   1691.00   1697.00   1691.00   1677.00   1680.00   1685.00   1683.00   1675.00   1669.00   1673.00   1671.00   1670.00   1671.00   1668.00   1667.00   1671.00   1668.00   1661.00   1656.00   1653.00   1654.00   1654.00   1651.00   1652.00   1646.00   1646.00   1645.00   1647.00   1643.00   1642.00   1639.00   1636.00   1637.00   1641.00   1642.00   1646.00   1653.00   1659.00   1664.00   1671.00   1676.00   1687.00   1693.00   1693.00   1692.00   1694.00   1698.00   1698.00   1694.00   1682.00   1672.00   1665.00   1658.00   1658.00   1654.00   -9999   -9999   -9999   -9999   -9999   -9999   -9999   -9999   -9999   -9999   -9999   -9999   -9999   -9999   -9999   -9999   -9999   -9999   -9999   -9999   -9999   -9999   -9999   -9999   -9999   -9999   -9999   -9999   -9999   -9999   -9999   -9999   -9999   -9999   -9999   -9999   -9999   -9999   -9999   -9999   -9999   -9999   -9999   -9999   -9999   -9999   -9999   -9999   -9999   -9999   -9999
 -9999   -9999   -9999   -9999   -9999   -9999   -9999   -9999   -9999   -9999   -9999   -9999   -9999   -9999   -9999   -9999   -9999   -9999   -9999   -9999   -9999   -9999   -9999   -9999   -9999   -9999   -9999   -9999   -9999   -9999   -9999   -9999   -9999   -9999   -9999   -9999   -9999   -9999   -9999   -9999   -9999   -9999   -9999   -9999   -9999   -9999   -9999   -9999   -9999   -9999   -9999   -9999   -9999   -9999   -9999   -9999   -9999   -9999   -9999   -9999   -9999   -9999   -9999   -9999   1724.00   1720.00   1719.00   1713.00   1708.00   1700.00   1702.00   1697.00   1697.00   1694.00   1691.00   1686.00   1679.00   1684.00   1689.00   1687.00   1674.00   1670.00   1674.00   1679.00   1676.00   1674.00   1670.00   1672.00   1673.00   1667.00   1662.00   1661.00   1662.00   1663.00   1663.00   1657.00   1657.00   1653.00   1653.00   1654.00   1652.00   1650.00   1647.00   1644.00   1642.00   1640.00   1644.00   1647.00   1646.00   1649.00   1652.00   1657.00   1662.00   1672.00   1684.00   1692.00   1704.00   1707.00   1710.00   1712.00   1706.00   1693.00   1680.00   1675.00   1670.00   1667.00   1662.00   1662.00   -9999   -9999   -9999   -9999   -9999   -9999   -9999   -9999   -9999   -9999   -9999   -9999   -9999   -9999   -9999   -9999   -9999   -9999   -9999   -9999   -9999   -9999   -9999   -9999   -9999   -9999   -9999   -9999   -9999   -9999   -9999   -9999   -9999   -9999   -9999   -9999   -9999   -9999   -9999   -9999   -9999   -9999   -9999   -9999   -9999   -9999   -9999   -9999   -9999   -9999   -9999
 -9999   -9999   -9999   -9999   -9999   -9999   -9999   -9999   -9999   -9999   -9999   -9999   -9999   -9999   -9999   -9999   -9999   -9999   -9999   -9999   -9999   -9999   -9999   -9999   -9999   -9999   -9999   -9999   -9999   -9999   -9999   -9999   -9999   -9999   -9999   -9999   -9999   -9999   -9999   -9999   -9999   -9999   -9999   -9999   -9999   -9999   -9999   -9999   -9999   -9999   -9999   -9999   -9999   -9999   -9999   -9999   -9999   -9999   -9999   -9999   -9999   -9999   -9999   -9999   -9999   1727.00   1731.00   1716.00   1708.00   1714.00   1706.00   1701.00   1696.00   1688.00   1686.51   1684.74   1684.75   1685.00   1689.00   1690.00   1681.00   1674.00   1676.00   1678.00   1680.00   1677.00   1673.00   1674.00   1673.00   1673.00   1667.00   1667.00   1670.00   1667.00   1666.00   1664.51   1661.00   1656.00   1661.00   1663.00   1657.00   1658.00   1652.00   1646.00   1643.00   1644.00   1646.66   1652.00   1647.74   1647.75   1652.00   1655.00   1661.00   1666.00   1674.00   1684.00   1695.00   1704.00   1713.00   1717.00   1713.00   1700.00   1690.00   1684.00   -9999   -9999   -9999   -9999   -9999   -9999   -9999   -9999   -9999   -9999   -9999   -9999   -9999   -9999   -9999   -9999   -9999   -9999   -9999   -9999   -9999   -9999   -9999   -9999   -9999   -9999   -9999   -9999   -9999   -9999   -9999   -9999   -9999   -9999   -9999   -9999   -9999   -9999   -9999   -9999   -9999   -9999   -9999   -9999   -9999   -9999   -9999   -9999   -9999   -9999   -9999   -9999   -9999   -9999   -9999
 -9999   -9999   -9999   -9999   -9999   -9999   -9999   -9999   -9999   -9999   -9999   -9999   -9999   -9999   -9999   -9999   -9999   -9999   -9999   -9999   -9999   -9999   -9999   -9999   -9999   -9999   -9999   -9999   -9999   -9999   -9999   -9999   -9999   -9999   -9999   -9999   -9999   -9999   -9999   -9999   -9999   -9999   -9999   -9999   -9999   -9999   -9999   -9999   -9999   -9999   -9999   -9999   -9999   -9999   -9999   -9999   -9999   -9999   -9999   -9999   -9999   -9999   -9999   -9999   -9999   -9999   1727.00   1718.00   1718.00   1714.00   1706.00   1695.00   1691.00   1691.00   1692.00   1696.00   1692.00   1687.00   1692.00   1693.00   1681.00   1676.00   1678.00   1680.00   1678.00   1677.00   1676.00   1676.00   1676.00   1675.00   1668.00   1669.00   1674.00   1670.00   1668.00   1668.00   1664.49   1660.00   1665.00   1670.00   1662.00   1659.00   1655.00   1648.00   1646.00   1646.68   1646.66   1649.00   1648.51   1649.00   1653.00   1657.00   1664.00   1669.00   1674.00   1676.00   1683.00   1691.00   1697.00   1709.00   -9999   1708.00   1699.00   -9999   -9999   -9999   -9999   -9999   -9999   -9999   -9999   -9999   -9999   -9999   -9999   -9999   -9999   -9999   -9999   -9999   -9999   -9999   -9999   -9999   -9999   -9999   -9999   -9999   -9999   -9999   -9999   -9999   -9999   -9999   -9999   -9999   -9999   -9999   -9999   -9999   -9999   -9999   -9999   -9999   -9999   -9999   -9999   -9999   -9999   -9999   -9999   -9999   -9999   -9999   -9999   -9999   -9999   -9999   -9999
 -9999   -9999   -9999   -9999   -9999   -9999   -9999   -9999   -9999   -9999   -9999   -9999   -9999   -9999   -9999   -9999   -9999   -9999   -9999   -9999   -9999   -9999   -9999   -9999   -9999   -9999   -9999   -9999   -9999   -9999   -9999   -9999   -9999   -9999   -9999   -9999   -9999   -9999   -9999   -9999   -9999   -9999   -9999   -9999   -9999   -9999   -9999   -9999   -9999   -9999   -9999   -9999   -9999   -9999   -9999   -9999   -9999   -9999   -9999   -9999   -9999   -9999   -9999   -9999   -9999   -9999   -9999   1719.00   1716.00   1713.00   1702.00   1697.00   1694.00   1692.00   1695.00   1703.00   1695.00   1692.00   1694.00   1690.00   1681.51   1676.49   1676.51   1679.00   1679.00   1678.00   1677.00   1676.00   1675.00   1672.00   1670.00   1671.00   1673.00   1670.00   1671.00   1670.00   1666.00   1667.00   1668.00   1669.00   1666.00   1662.00   1659.00   1651.00   1649.00   1650.00   1648.00   1648.00   1650.00   1652.00   1655.00   1662.00   1669.00   1672.00   1679.00   1687.00   1691.00   1698.00   1707.00   1713.00   -9999   -9999   -9999   -9999   -9999   -9999   -9999   -9999   -9999   -9999   -9999   -9999   -9999   -9999   -9999   -9999   -9999   -9999   -9999   -9999   -9999   -9999   -9999   -9999   -9999   -9999   -9999   -9999   -9999   -9999   -9999   -9999   -9999   -9999   -9999   -9999   -9999   -9999   -9999   -9999   -9999   -9999   -9999   -9999   -9999   -9999   -9999   -9999   -9999   -9999   -9999   -9999   -9999   -9999   -9999   -9999   -9999   -9999   -9999
 -9999   -9999   -9999   -9999   -9999   -9999   -9999   -9999   -9999   -9999   -9999   -9999   -9999   -9999   -9999   -9999   -9999   -9999   -9999   -9999   -9999   -9999   -9999   -9999   -9999   -9999   -9999   -9999   -9999   -9999   -9999   -9999   -9999   -9999   -9999   -9999   -9999   -9999   -9999   -9999   -9999   -9999   -9999   -9999   -9999   -9999   -9999   -9999   -9999   -9999   -9999   -9999   -9999   -9999   -9999   -9999   -9999   -9999   -9999   -9999   -9999   -9999   -9999   -9999   -9999   -9999   -9999   -9999   1724.00   1723.00   1706.00   1704.00   1700.00   1693.00   1697.00   1701.00   1699.00   1698.00   1692.00   1684.00   1681.24   1681.25   1678.00   1679.00   1679.00   1679.00   1679.00   1677.00   1676.00   1677.00   1673.00   1672.00   1672.00   1672.00   1671.00   1670.00   1666.00   1669.00   1671.00   1670.00   1669.00   1668.00   1661.00   1654.00   1654.00   1654.00   1652.00   1652.00   1652.00   1656.00   1660.00   1662.00   1669.00   1674.00   1680.00   1691.00   -9999   -9999   -9999   -9999   -9999   -9999   -9999   -9999   -9999   -9999   -9999   -9999   -9999   -9999   -9999   -9999   -9999   -9999   -9999   -9999   -9999   -9999   -9999   -9999   -9999   -9999   -9999   -9999   -9999   -9999   -9999   -9999   -9999   -9999   -9999   -9999   -9999   -9999   -9999   -9999   -9999   -9999   -9999   -9999   -9999   -9999   -9999   -9999   -9999   -9999   -9999   -9999   -9999   -9999   -9999   -9999   -9999   -9999   -9999   -9999   -9999   -9999   -9999
 -9999   -9999   -9999   -9999   -9999   -9999   -9999   -9999   -9999   -9999   -9999   -9999   -9999   -9999   -9999   -9999   -9999   -9999   -9999   -9999   -9999   -9999   -9999   -9999   -9999   -9999   -9999   -9999   -9999   -9999   -9999   -9999   -9999   -9999   -9999   -9999   -9999   -9999   -9999   -9999   -9999   -9999   -9999   -9999   -9999   -9999   -9999   -9999   -9999   -9999   -9999   -9999   -9999   -9999   -9999   -9999   -9999   -9999   -9999   -9999   -9999   -9999   -9999   -9999   -9999   -9999   -9999   -9999   1724.00   1716.00   1708.00   1713.00   1701.00   1698.00   1700.00   1704.00   1707.00   1698.00   1689.00   1685.00   1686.00   1690.00   1684.00   1681.00   1680.00   1681.00   1681.00   1680.00   1678.00   1680.00   1677.00   1674.00   1673.00   1674.00   1672.00   1670.00   1668.00   1670.00   1671.00   1672.00   1672.00   1673.00   1666.00   1662.00   1662.00   1660.00   1660.00   1661.00   1660.00   1661.00   1663.00   1665.00   1668.00   1672.00   -9999   -9999   -9999   -9999   -9999   -9999   -9999   -9999   -9999   -9999   -9999   -9999   -9999   -9999   -9999   -9999   -9999   -9999   -9999   -9999   -9999   -9999   -9999   -9999   -9999   -9999   -9999   -9999   -9999   -9999   -9999   -9999   -9999   -9999   -9999   -9999   -9999   -9999   -9999   -9999   -9999   -9999   -9999   -9999   -9999   -9999   -9999   -9999   -9999   -9999   -9999   -9999   -9999   -9999   -9999   -9999   -9999   -9999   -9999   -9999   -9999   -9999   -9999   -9999   -9999
 -9999   -9999   -9999   -9999   -9999   -9999   -9999   -9999   -9999   -9999   -9999   -9999   -9999   -9999   -9999   -9999   -9999   -9999   -9999   -9999   -9999   -9999   -9999   -9999   -9999   -9999   -9999   -9999   -9999   -9999   -9999   -9999   -9999   -9999   -9999   -9999   -9999   -9999   -9999   -9999   -9999   -9999   -9999   -9999   -9999   -9999   -9999   -9999   -9999   -9999   -9999   -9999   -9999   -9999   -9999   -9999   -9999   -9999   -9999   -9999   -9999   -9999   -9999   -9999   -9999   -9999   -9999   -9999   1723.00   1719.00   1717.00   1711.00   1703.00   1703.00   1708.00   1710.00   1703.00   1697.00   1693.00   1686.00   1688.00   1696.00   1690.00   1684.00   1682.00   1681.00   1682.00   1681.00   1682.00   1679.00   1679.00   1678.00   1677.00   1678.00   1676.00   1673.00   1672.00   1670.00   1672.00   1673.00   1673.00   1671.00   1672.00   1669.00   1669.00   1666.00   1666.00   1669.00   1668.00   1667.00   1667.00   1667.00   1671.00   1674.00   -9999   -9999   -9999   -9999   -9999   -9999   -9999   -9999   -9999   -9999   -9999   -9999   -9999   -9999   -9999   -9999   -9999   -9999   -9999   -9999   -9999   -9999   -9999   -9999   -9999   -9999   -9999   -9999   -9999   -9999   -9999   -9999   -9999   -9999   -9999   -9999   -9999   -9999   -9999   -9999   -9999   -9999   -9999   -9999   -9999   -9999   -9999   -9999   -9999   -9999   -9999   -9999   -9999   -9999   -9999   -9999   -9999   -9999   -9999   -9999   -9999   -9999   -9999   -9999   -9999
 -9999   -9999   -9999   -9999   -9999   -9999   -9999   -9999   -9999   -9999   -9999   -9999   -9999   -9999   -9999   -9999   -9999   -9999   -9999   -9999   -9999   -9999   -9999   -9999   -9999   -9999   -9999   -9999   -9999   -9999   -9999   -9999   -9999   -9999   -9999   -9999   -9999   -9999   -9999   -9999   -9999   -9999   -9999   -9999   -9999   -9999   -9999   -9999   -9999   -9999   -9999   -9999   -9999   -9999   -9999   -9999   -9999   -9999   -9999   -9999   -9999   -9999   -9999   -9999   -9999   -9999   -9999   1726.00   1729.00   1727.00   1728.00   1717.00   1711.00   1711.00   1718.00   1710.00   1705.00   1704.00   1700.00   1691.00   1689.00   1697.00   1692.00   -9999   -9999   -9999   -9999   -9999   -9999   -9999   1679.00   1680.00   1678.00   1678.00   1680.00   1675.00   1673.00   1671.00   1671.00   1673.00   1674.00   1674.00   1675.00   1673.00   1675.00   1670.00   1673.00   1675.00   1669.00   1670.00   1671.00   1674.00   1674.00   1675.00   -9999   -9999   -9999   -9999   -9999   -9999   -9999   -9999   -9999   -9999   -9999   -9999   -9999   -9999   -9999   -9999   -9999   -9999   -9999   -9999   -9999   -9999   -9999   -9999   -9999   -9999   -9999   -9999   -9999   -9999   -9999   -9999   -9999   -9999   -9999   -9999   -9999   -9999   -9999   -9999   -9999   -9999   -9999   -9999   -9999   -9999   -9999   -9999   -9999   -9999   -9999   -9999   -9999   -9999   -9999   -9999   -9999   -9999   -9999   -9999   -9999   -9999   -9999   -9999   -9999
 -9999   -9999   -9999   -9999   -9999   -9999   -9999   -9999   -9999   -9999   -9999   -9999   -9999   -9999   -9999   -9999   -9999   -9999   -9999   -9999   -9999   -9999   -9999   -9999   -9999   -9999   -9999   -9999   -9999   -9999   -9999   -9999   -9999   -9999   -9999   -9999   -9999   -9999   -9999   -9999   -9999   -9999   -9999   -9999   -9999   -9999   -9999   -9999   -9999   -9999   -9999   -9999   -9999   -9999   -9999   -9999   -9999   -9999   -9999   -9999   -9999   -9999   -9999   -9999   -9999   -9999   -9999   1733.00   1731.00   1734.00   1740.00   1728.00   1721.00   1725.00   1722.00   1710.00   1714.00   1712.00   1704.00   1692.00   1691.00   1695.00   -9999   -9999   -9999   -9999   -9999   -9999   -9999   -9999   -9999   1681.00   1679.00   1680.00   1676.00   1676.00   1675.00   1674.00   1673.00   1672.00   1675.00   -9999   1675.00   1675.00   1674.00   1673.00   1674.00   1673.00   1673.24   1674.00   1673.00   1677.00   1678.00   -9999   -9999   -9999   -9999   -9999   -9999   -9999   -9999   -9999   -9999   -9999   -9999   -9999   -9999   -9999   -9999   -9999   -9999   -9999   -9999   -9999   -9999   -9999   -9999   -9999   -9999   -9999   -9999   -9999   -9999   -9999   -9999   -9999   -9999   -9999   -9999   -9999   -9999   -9999   -9999   -9999   -9999   -9999   -9999   -9999   -9999   -9999   -9999   -9999   -9999   -9999   -9999   -9999   -9999   -9999   -9999   -9999   -9999   -9999   -9999   -9999   -9999   -9999   -9999   -9999   -9999
 -9999   -9999   -9999   -9999   -9999   -9999   -9999   -9999   -9999   -9999   -9999   -9999   -9999   -9999   -9999   -9999   -9999   -9999   -9999   -9999   -9999   -9999   -9999   -9999   -9999   -9999   -9999   -9999   -9999   -9999   -9999   -9999   -9999   -9999   -9999   -9999   -9999   -9999   -9999   -9999   -9999   -9999   -9999   -9999   -9999   -9999   -9999   -9999   -9999   -9999   -9999   -9999   -9999   -9999   -9999   -9999   -9999   -9999   -9999   -9999   -9999   -9999   -9999   -9999   -9999   -9999   -9999   1738.00   1735.00   1741.00   1750.00   1739.00   1738.00   1734.00   1719.00   1717.00   1721.00   1707.00   1698.00   1692.00   -9999   -9999   -9999   -9999   -9999   -9999   -9999   -9999   -9999   -9999   -9999   -9999   -9999   1681.00   1678.00   1676.00   1675.00   1675.00   1673.00   1673.00   1673.00   -9999   -9999   1674.00   1674.00   1675.00   1674.00   1673.51   1674.00   1673.25   1675.00   1675.00   1680.00   -9999   -9999   -9999   -9999   -9999   -9999   -9999   -9999   -9999   -9999   -9999   -9999   -9999   -9999   -9999   -9999   -9999   -9999   -9999   -9999   -9999   -9999   -9999   -9999   -9999   -9999   -9999   -9999   -9999   -9999   -9999   -9999   -9999   -9999   -9999   -9999   -9999   -9999   -9999   -9999   -9999   -9999   -9999   -9999   -9999   -9999   -9999   -9999   -9999   -9999   -9999   -9999   -9999   -9999   -9999   -9999   -9999   -9999   -9999   -9999   -9999   -9999   -9999   -9999   -9999   -9999
 -9999   -9999   -9999   -9999   -9999   -9999   -9999   -9999   -9999   -9999   -9999   -9999   -9999   -9999   -9999   -9999   -9999   -9999   -9999   -9999   -9999   -9999   -9999   -9999   -9999   -9999   -9999   -9999   -9999   -9999   -9999   -9999   -9999   -9999   -9999   -9999   -9999   -9999   -9999   -9999   -9999   -9999   -9999   -9999   -9999   -9999   -9999   -9999   -9999   -9999   -9999   -9999   -9999   -9999   -9999   -9999   -9999   -9999   -9999   -9999   -9999   -9999   -9999   -9999   -9999   -9999   -9999   -9999   1738.00   1745.00   1758.00   1760.00   1760.00   1742.00   1729.00   1730.00   1720.00   1705.00   1697.00   1698.00   -9999   -9999   -9999   -9999   -9999   -9999   -9999   -9999   -9999   -9999   -9999   -9999   -9999   -9999   1678.00   1678.00   1677.00   1676.00   1674.00   -9999   -9999   -9999   -9999   -9999   -9999   -9999   1675.00   1674.00   1674.00   -9999   -9999   -9999   -9999   -9999   -9999   -9999   -9999   -9999   -9999   -9999   -9999   -9999   -9999   -9999   -9999   -9999   -9999   -9999   -9999   -9999   -9999   -9999   -9999   -9999   -9999   -9999   -9999   -9999   -9999   -9999   -9999   -9999   -9999   -9999   -9999   -9999   -9999   -9999   -9999   -9999   -9999   -9999   -9999   -9999   -9999   -9999   -9999   -9999   -9999   -9999   -9999   -9999   -9999   -9999   -9999   -9999   -9999   -9999   -9999   -9999   -9999   -9999   -9999   -9999   -9999   -9999   -9999   -9999   -9999
 -9999   -9999   -9999   -9999   -9999   -9999   -9999   -9999   -9999   -9999   -9999   -9999   -9999   -9999   -9999   -9999   -9999   -9999   -9999   -9999   -9999   -9999   -9999   -9999   -9999   -9999   -9999   -9999   -9999   -9999   -9999   -9999   -9999   -9999   -9999   -9999   -9999   -9999   -9999   -9999   -9999   -9999   -9999   -9999   -9999   -9999   -9999   -9999   -9999   -9999   -9999   -9999   -9999   -9999   -9999   -9999   -9999   -9999   -9999   -9999   -9999   -9999   -9999   -9999   -9999   -9999   -9999   -9999   1745.00   1745.00   -9999   -9999   -9999   1754.00   1739.00   1728.00   1711.00   1705.00   1698.00   1704.00   -9999   -9999   -9999   -9999   -9999   -9999   -9999   -9999   -9999   -9999   -9999   -9999   -9999   -9999   1679.00   1680.00   1683.00   1677.00   -9999   -9999   -9999   -9999   -9999   -9999   -9999   -9999   -9999   -9999   -9999   -9999   -9999   -9999   -9999   -9999   -9999   -9999   -9999   -9999   -9999   -9999   -9999   -9999   -9999   -9999   -9999   -9999   -9999   -9999   -9999   -9999   -9999   -9999   -9999   -9999   -9999   -9999   -9999   -9999   -9999   -9999   -9999   -9999   -9999   -9999   -9999   -9999   -9999   -9999   -9999   -9999   -9999   -9999   -9999   -9999   -9999   -9999   -9999   -9999   -9999   -9999   -9999   -9999   -9999   -9999   -9999   -9999   -9999   -9999   -9999   -9999   -9999   -9999   -9999   -9999   -9999   -9999   -9999   -9999   -9999
 -9999   -9999   -9999   -9999   -9999   -9999   -9999   -9999   -9999   -9999   -9999   -9999   -9999   -9999   -9999   -9999   -9999   -9999   -9999   -9999   -9999   -9999   -9999   -9999   -9999   -9999   -9999   -9999   -9999   -9999   -9999   -9999   -9999   -9999   -9999   -9999   -9999   -9999   -9999   -9999   -9999   -9999   -9999   -9999   -9999   -9999   -9999   -9999   -9999   -9999   -9999   -9999   -9999   -9999   -9999   -9999   -9999   -9999   -9999   -9999   -9999   -9999   -9999   -9999   -9999   -9999   -9999   -9999   1759.00   -9999   -9999   -9999   -9999   -9999   1737.00   1728.00   1721.00   1708.00   1701.00   -9999   -9999   -9999   -9999   -9999   -9999   -9999   -9999   -9999   -9999   -9999   -9999   -9999   -9999   -9999   -9999   -9999   -9999   -9999   -9999   -9999   -9999   -9999   -9999   -9999   -9999   -9999   -9999   -9999   -9999   -9999   -9999   -9999   -9999   -9999   -9999   -9999   -9999   -9999   -9999   -9999   -9999   -9999   -9999   -9999   -9999   -9999   -9999   -9999   -9999   -9999   -9999   -9999   -9999   -9999   -9999   -9999   -9999   -9999   -9999   -9999   -9999   -9999   -9999   -9999   -9999   -9999   -9999   -9999   -9999   -9999   -9999   -9999   -9999   -9999   -9999   -9999   -9999   -9999   -9999   -9999   -9999   -9999   -9999   -9999   -9999   -9999   -9999   -9999   -9999   -9999   -9999   -9999   -9999   -9999   -9999   -9999   -9999   -9999   -9999
 -9999   -9999   -9999   -9999   -9999   -9999   -9999   -9999   -9999   -9999   -9999   -9999   -9999   -9999   -9999   -9999   -9999   -9999   -9999   -9999   -9999   -9999   -9999   -9999   -9999   -9999   -9999   -9999   -9999   -9999   -9999   -9999   -9999   -9999   -9999   -9999   -9999   -9999   -9999   -9999   -9999   -9999   -9999   -9999   -9999   -9999   -9999   -9999   -9999   -9999   -9999   -9999   -9999   -9999   -9999   -9999   -9999   -9999   -9999   -9999   -9999   -9999   -9999   -9999   -9999   -9999   -9999   -9999   -9999   -9999   -9999   -9999   -9999   -9999   -9999   -9999   1723.00   1709.00   -9999   -9999   -9999   -9999   -9999   -9999   -9999   -9999   -9999   -9999   -9999   -9999   -9999   -9999   -9999   -9999   -9999   -9999   -9999   -9999   -9999   -9999   -9999   -9999   -9999   -9999   -9999   -9999   -9999   -9999   -9999   -9999   -9999   -9999   -9999   -9999   -9999   -9999   -9999   -9999   -9999   -9999   -9999   -9999   -9999   -9999   -9999   -9999   -9999   -9999   -9999   -9999   -9999   -9999   -9999   -9999   -9999   -9999   -9999   -9999   -9999   -9999   -9999   -9999   -9999   -9999   -9999   -9999   -9999   -9999   -9999   -9999   -9999   -9999   -9999   -9999   -9999   -9999   -9999   -9999   -9999   -9999   -9999   -9999   -9999   -9999   -9999   -9999   -9999   -9999   -9999   -9999   -9999   -9999   -9999   -9999   -9999   -9999   -9999   -9999   -9999
 -9999   -9999   -9999   -9999   -9999   -9999   -9999   -9999   -9999   -9999   -9999   -9999   -9999   -9999   -9999   -9999   -9999   -9999   -9999   -9999   -9999   -9999   -9999   -9999   -9999   -9999   -9999   -9999   -9999   -9999   -9999   -9999   -9999   -9999   -9999   -9999   -9999   -9999   -9999   -9999   -9999   -9999   -9999   -9999   -9999   -9999   -9999   -9999   -9999   -9999   -9999   -9999   -9999   -9999   -9999   -9999   -9999   -9999   -9999   -9999   -9999   -9999   -9999   -9999   -9999   -9999   -9999   -9999   -9999   -9999   -9999   -9999   -9999   -9999   -9999   -9999   -9999   -9999   -9999   -9999   -9999   -9999   -9999   -9999   -9999   -9999   -9999   -9999   -9999   -9999   -9999   -9999   -9999   -9999   -9999   -9999   -9999   -9999   -9999   -9999   -9999   -9999   -9999   -9999   -9999   -9999   -9999   -9999   -9999   -9999   -9999   -9999   -9999   -9999   -9999   -9999   -9999   -9999   -9999   -9999   -9999   -9999   -9999   -9999   -9999   -9999   -9999   -9999   -9999   -9999   -9999   -9999   -9999   -9999   -9999   -9999   -9999   -9999   -9999   -9999   -9999   -9999   -9999   -9999   -9999   -9999   -9999   -9999   -9999   -9999   -9999   -9999   -9999   -9999   -9999   -9999   -9999   -9999   -9999   -9999   -9999   -9999   -9999   -9999   -9999   -9999   -9999   -9999   -9999   -9999   -9999   -9999   -9999   -9999   -9999   -9999   -9999   -9999   -9999
 -9999   -9999   -9999   -9999   -9999   -9999   -9999   -9999   -9999   -9999   -9999   -9999   -9999   -9999   -9999   -9999   -9999   -9999   -9999   -9999   -9999   -9999   -9999   -9999   -9999   -9999   -9999   -9999   -9999   -9999   -9999   -9999   -9999   -9999   -9999   -9999   -9999   -9999   -9999   -9999   -9999   -9999   -9999   -9999   -9999   -9999   -9999   -9999   -9999   -9999   -9999   -9999   -9999   -9999   -9999   -9999   -9999   -9999   -9999   -9999   -9999   -9999   -9999   -9999   -9999   -9999   -9999   -9999   -9999   -9999   -9999   -9999   -9999   -9999   -9999   -9999   -9999   -9999   -9999   -9999   -9999   -9999   -9999   -9999   -9999   -9999   -9999   -9999   -9999   -9999   -9999   -9999   -9999   -9999   -9999   -9999   -9999   -9999   -9999   -9999   -9999   -9999   -9999   -9999   -9999   -9999   -9999   -9999   -9999   -9999   -9999   -9999   -9999   -9999   -9999   -9999   -9999   -9999   -9999   -9999   -9999   -9999   -9999   -9999   -9999   -9999   -9999   -9999   -9999   -9999   -9999   -9999   -9999   -9999   -9999   -9999   -9999   -9999   -9999   -9999   -9999   -9999   -9999   -9999   -9999   -9999   -9999   -9999   -9999   -9999   -9999   -9999   -9999   -9999   -9999   -9999   -9999   -9999   -9999   -9999   -9999   -9999   -9999   -9999   -9999   -9999   -9999   -9999   -9999   -9999   -9999   -9999   -9999   -9999   -9999   -9999   -9999   -9999   -9999
 -9999   -9999   -9999   -9999   -9999   -9999   -9999   -9999   -9999   -9999   -9999   -9999   -9999   -9999   -9999   -9999   -9999   -9999   -9999   -9999   -9999   -9999   -9999   -9999   -9999   -9999   -9999   -9999   -9999   -9999   -9999   -9999   -9999   -9999   -9999   -9999   -9999   -9999   -9999   -9999   -9999   -9999   -9999   -9999   -9999   -9999   -9999   -9999   -9999   -9999   -9999   -9999   -9999   -9999   -9999   -9999   -9999   -9999   -9999   -9999   -9999   -9999   -9999   -9999   -9999   -9999   -9999   -9999   -9999   -9999   -9999   -9999   -9999   -9999   -9999   -9999   -9999   -9999   -9999   -9999   -9999   -9999   -9999   -9999   -9999   -9999   -9999   -9999   -9999   -9999   -9999   -9999   -9999   -9999   -9999   -9999   -9999   -9999   -9999   -9999   -9999   -9999   -9999   -9999   -9999   -9999   -9999   -9999   -9999   -9999   -9999   -9999   -9999   -9999   -9999   -9999   -9999   -9999   -9999   -9999   -9999   -9999   -9999   -9999   -9999   -9999   -9999   -9999   -9999   -9999   -9999   -9999   -9999   -9999   -9999   -9999   -9999   -9999   -9999   -9999   -9999   -9999   -9999   -9999   -9999   -9999   -9999   -9999   -9999   -9999   -9999   -9999   -9999   -9999   -9999   -9999   -9999   -9999   -9999   -9999   -9999   -9999   -9999   -9999   -9999   -9999   -9999   -9999   -9999   -9999   -9999   -9999   -9999   -9999   -9999   -9999   -9999   -9999   -9999
 -9999   -9999   -9999   -9999   -9999   -9999   -9999   -9999   -9999   -9999   -9999   -9999   -9999   -9999   -9999   -9999   -9999   -9999   -9999   -9999   -9999   -9999   -9999   -9999   -9999   -9999   -9999   -9999   -9999   -9999   -9999   -9999   -9999   -9999   -9999   -9999   -9999   -9999   -9999   -9999   -9999   -9999   -9999   -9999   -9999   -9999   -9999   -9999   -9999   -9999   -9999   -9999   -9999   -9999   -9999   -9999   -9999   -9999   -9999   -9999   -9999   -9999   -9999   -9999   -9999   -9999   -9999   -9999   -9999   -9999   -9999   -9999   -9999   -9999   -9999   -9999   -9999   -9999   -9999   -9999   -9999   -9999   -9999   -9999   -9999   -9999   -9999   -9999   -9999   -9999   -9999   -9999   -9999   -9999   -9999   -9999   -9999   -9999   -9999   -9999   -9999   -9999   -9999   -9999   -9999   -9999   -9999   -9999   -9999   -9999   -9999   -9999   -9999   -9999   -9999   -9999   -9999   -9999   -9999   -9999   -9999   -9999   -9999   -9999   -9999   -9999   -9999   -9999   -9999   -9999   -9999   -9999   -9999   -9999   -9999   -9999   -9999   -9999   -9999   -9999   -9999   -9999   -9999   -9999   -9999   -9999   -9999   -9999   -9999   -9999   -9999   -9999   -9999   -9999   -9999   -9999   -9999   -9999   -9999   -9999   -9999   -9999   -9999   -9999   -9999   -9999   -9999   -9999   -9999   -9999   -9999   -9999   -9999   -9999   -9999   -9999   -9999   -9999   -9999
 -9999   -9999   -9999   -9999   -9999   -9999   -9999   -9999   -9999   -9999   -9999   -9999   -9999   -9999   -9999   -9999   -9999   -9999   -9999   -9999   -9999   -9999   -9999   -9999   -9999   -9999   -9999   -9999   -9999   -9999   -9999   -9999   -9999   -9999   -9999   -9999   -9999   -9999   -9999   -9999   -9999   -9999   -9999   -9999   -9999   -9999   -9999   -9999   -9999   -9999   -9999   -9999   -9999   -9999   -9999   -9999   -9999   -9999   -9999   -9999   -9999   -9999   -9999   -9999   -9999   -9999   -9999   -9999   -9999   -9999   -9999   -9999   -9999   -9999   -9999   -9999   -9999   -9999   -9999   -9999   -9999   -9999   -9999   -9999   -9999   -9999   -9999   -9999   -9999   -9999   -9999   -9999   -9999   -9999   -9999   -9999   -9999   -9999   -9999   -9999   -9999   -9999   -9999   -9999   -9999   -9999   -9999   -9999   -9999   -9999   -9999   -9999   -9999   -9999   -9999   -9999   -9999   -9999   -9999   -9999   -9999   -9999   -9999   -9999   -9999   -9999   -9999   -9999   -9999   -9999   -9999   -9999   -9999   -9999   -9999   -9999   -9999   -9999   -9999   -9999   -9999   -9999   -9999   -9999   -9999   -9999   -9999   -9999   -9999   -9999   -9999   -9999   -9999   -9999   -9999   -9999   -9999   -9999   -9999   -9999   -9999   -9999   -9999   -9999   -9999   -9999   -9999   -9999   -9999   -9999   -9999   -9999   -9999   -9999   -9999   -9999   -9999   -9999   -9999
