ncols	 179
nrows	 248
xllcorner	 36.5416666667
yllcorner	 -1.8541666667
cellsize	 0.00416666666667
NODATA_value  -9999 
 -9999   -9999   -9999   -9999   -9999   -9999   -9999   -9999   -9999   -9999   -9999   -9999   -9999   -9999   -9999   -9999   -9999   -9999   -9999   -9999   -9999   -9999   -9999   -9999   -9999   -9999   -9999   -9999   -9999   -9999   -9999   -9999   -9999   -9999   -9999   -9999   -9999   -9999   -9999   -9999   -9999   -9999   -9999   -9999   -9999   -9999   -9999   -9999   -9999   -9999   -9999   -9999   -9999   -9999   -9999   -9999   -9999   -9999   -9999   -9999   -9999   -9999   -9999   -9999   -9999   -9999   -9999   -9999   -9999   -9999   -9999   -9999   -9999   -9999   -9999   -9999   -9999   -9999   -9999   -9999   -9999   -9999   -9999   -9999   -9999   -9999   -9999   -9999   -9999   -9999   -9999   -9999   -9999   -9999   -9999   -9999   -9999   -9999   -9999   -9999   -9999   -9999   -9999   -9999   -9999   -9999   -9999   -9999   -9999   -9999   -9999   -9999   -9999   -9999   -9999   -9999   -9999   -9999   -9999   -9999   -9999   -9999   -9999   -9999   -9999   -9999   -9999   -9999   -9999   -9999   -9999   -9999   -9999   -9999   -9999   -9999   -9999   -9999   -9999   -9999   -9999   -9999   -9999   -9999   -9999   -9999   -9999   -9999   -9999   -9999   -9999   -9999   -9999   -9999   -9999   -9999   -9999   -9999   -9999   -9999   -9999   -9999   -9999   -9999   -9999   -9999   -9999   -9999   -9999   -9999   -9999   -9999   -9999   -9999   -9999   -9999   -9999   -9999   -9999
 -9999   -9999   -9999   -9999   -9999   -9999   -9999   -9999   -9999   -9999   -9999   -9999   -9999   -9999   -9999   -9999   -9999   -9999   -9999   -9999   -9999   -9999   -9999   -9999   -9999   -9999   -9999   -9999   -9999   -9999   -9999   -9999   -9999   -9999   -9999   -9999   -9999   -9999   -9999   -9999   -9999   -9999   -9999   -9999   -9999   -9999   -9999   -9999   -9999   -9999   -9999   -9999   -9999   -9999   -9999   -9999   -9999   -9999   -9999   -9999   -9999   -9999   -9999   -9999   -9999   -9999   -9999   -9999   -9999   -9999   -9999   -9999   -9999   -9999   -9999   -9999   -9999   -9999   -9999   -9999   -9999   -9999   -9999   -9999   -9999   -9999   -9999   -9999   -9999   -9999   -9999   -9999   -9999   -9999   -9999   -9999   -9999   -9999   -9999   -9999   -9999   -9999   -9999   -9999   -9999   -9999   -9999   -9999   -9999   -9999   -9999   -9999   -9999   -9999   -9999   -9999   -9999   -9999   -9999   -9999   -9999   -9999   -9999   -9999   -9999   -9999   -9999   -9999   -9999   -9999   -9999   -9999   -9999   -9999   -9999   -9999   -9999   -9999   -9999   -9999   -9999   -9999   -9999   -9999   -9999   -9999   -9999   -9999   -9999   -9999   -9999   -9999   -9999   -9999   -9999   -9999   -9999   -9999   -9999   -9999   -9999   -9999   -9999   -9999   -9999   -9999   -9999   -9999   -9999   -9999   -9999   -9999   -9999   -9999   -9999   -9999   -9999   -9999   -9999
 -9999   -9999   -9999   -9999   -9999   -9999   -9999   -9999   -9999   -9999   -9999   -9999   -9999   -9999   -9999   -9999   -9999   -9999   -9999   -9999   -9999   -9999   -9999   -9999   -9999   -9999   -9999   -9999   -9999   -9999   -9999   -9999   -9999   -9999   -9999   -9999   -9999   -9999   -9999   -9999   -9999   -9999   -9999   -9999   -9999   -9999   -9999   -9999   -9999   -9999   -9999   -9999   -9999   -9999   -9999   -9999   -9999   -9999   -9999   -9999   -9999   -9999   -9999   -9999   -9999   -9999   -9999   -9999   -9999   -9999   -9999   -9999   -9999   -9999   -9999   -9999   -9999   -9999   -9999   -9999   -9999   -9999   -9999   -9999   -9999   -9999   -9999   -9999   -9999   -9999   -9999   -9999   -9999   -9999   -9999   -9999   -9999   -9999   -9999   -9999   -9999   -9999   -9999   -9999   -9999   -9999   -9999   -9999   -9999   -9999   -9999   -9999   -9999   -9999   -9999   -9999   -9999   -9999   -9999   -9999   -9999   -9999   -9999   -9999   -9999   -9999   -9999   -9999   -9999   -9999   -9999   -9999   -9999   -9999   -9999   -9999   -9999   -9999   -9999   -9999   -9999   -9999   -9999   -9999   -9999   -9999   -9999   -9999   -9999   -9999   -9999   -9999   -9999   -9999   -9999   -9999   -9999   -9999   -9999   -9999   -9999   -9999   -9999   -9999   -9999   -9999   -9999   -9999   -9999   -9999   -9999   -9999   -9999   -9999   -9999   -9999   -9999   -9999   -9999
 -9999   -9999   -9999   -9999   -9999   -9999   -9999   -9999   -9999   -9999   -9999   -9999   -9999   -9999   -9999   -9999   -9999   -9999   -9999   -9999   -9999   -9999   -9999   -9999   -9999   -9999   -9999   -9999   -9999   -9999   -9999   -9999   -9999   -9999   -9999   -9999   -9999   -9999   -9999   -9999   -9999   -9999   -9999   -9999   -9999   -9999   -9999   -9999   -9999   -9999   -9999   -9999   -9999   -9999   -9999   -9999   -9999   -9999   -9999   -9999   -9999   -9999   -9999   -9999   -9999   -9999   -9999   -9999   -9999   -9999   -9999   -9999   -9999   -9999   -9999   -9999   -9999   -9999   -9999   -9999   -9999   -9999   -9999   -9999   -9999   -9999   -9999   -9999   -9999   -9999   -9999   -9999   -9999   -9999   -9999   -9999   -9999   -9999   -9999   -9999   -9999   -9999   -9999   -9999   -9999   -9999   -9999   -9999   -9999   -9999   -9999   -9999   -9999   -9999   -9999   -9999   -9999   -9999   -9999   -9999   -9999   -9999   -9999   -9999   -9999   -9999   -9999   -9999   -9999   -9999   -9999   -9999   -9999   -9999   -9999   -9999   -9999   -9999   -9999   -9999   -9999   -9999   -9999   -9999   -9999   -9999   -9999   -9999   -9999   -9999   -9999   -9999   -9999   -9999   -9999   -9999   -9999   -9999   -9999   -9999   -9999   -9999   -9999   -9999   -9999   -9999   -9999   -9999   -9999   -9999   -9999   -9999   -9999   -9999   -9999   -9999   -9999   -9999   -9999
 -9999   -9999   -9999   -9999   -9999   -9999   -9999   -9999   -9999   -9999   -9999   -9999   -9999   -9999   -9999   -9999   -9999   -9999   -9999   -9999   -9999   -9999   -9999   -9999   -9999   -9999   -9999   -9999   -9999   -9999   -9999   -9999   -9999   -9999   -9999   -9999   -9999   -9999   -9999   -9999   -9999   -9999   -9999   -9999   -9999   -9999   -9999   -9999   -9999   -9999   -9999   -9999   -9999   -9999   -9999   -9999   -9999   -9999   -9999   -9999   -9999   -9999   -9999   -9999   -9999   -9999   -9999   -9999   -9999   -9999   -9999   -9999   -9999   -9999   -9999   -9999   -9999   -9999   -9999   -9999   -9999   -9999   -9999   -9999   -9999   -9999   -9999   -9999   -9999   -9999   -9999   -9999   -9999   -9999   -9999   -9999   -9999   -9999   -9999   -9999   -9999   -9999   -9999   -9999   -9999   -9999   -9999   -9999   -9999   -9999   -9999   -9999   -9999   -9999   -9999   -9999   -9999   -9999   -9999   -9999   -9999   -9999   -9999   -9999   -9999   -9999   -9999   -9999   -9999   -9999   -9999   -9999   -9999   -9999   -9999   -9999   -9999   -9999   -9999   -9999   -9999   -9999   -9999   -9999   -9999   -9999   -9999   -9999   -9999   -9999   -9999   -9999   -9999   -9999   -9999   -9999   -9999   -9999   -9999   -9999   -9999   -9999   -9999   -9999   -9999   -9999   -9999   -9999   -9999   -9999   -9999   -9999   -9999   -9999   -9999   -9999   -9999   -9999   -9999
 -9999   -9999   -9999   -9999   -9999   -9999   -9999   -9999   -9999   -9999   -9999   1   -9999   -9999   -9999   -9999   -9999   -9999   -9999   -9999   -9999   -9999   -9999   -9999   -9999   -9999   -9999   -9999   -9999   -9999   -9999   -9999   -9999   -9999   -9999   -9999   -9999   -9999   -9999   -9999   -9999   -9999   -9999   -9999   -9999   -9999   -9999   -9999   -9999   -9999   -9999   -9999   -9999   -9999   -9999   -9999   -9999   -9999   -9999   -9999   -9999   -9999   -9999   -9999   -9999   -9999   -9999   -9999   -9999   -9999   -9999   -9999   -9999   -9999   -9999   -9999   -9999   -9999   -9999   -9999   -9999   -9999   -9999   -9999   -9999   -9999   -9999   -9999   -9999   -9999   -9999   -9999   -9999   -9999   -9999   -9999   -9999   -9999   -9999   -9999   -9999   -9999   -9999   -9999   -9999   -9999   -9999   -9999   -9999   -9999   -9999   -9999   -9999   -9999   -9999   -9999   -9999   -9999   -9999   -9999   -9999   -9999   -9999   -9999   -9999   -9999   -9999   -9999   -9999   -9999   -9999   -9999   -9999   -9999   -9999   -9999   -9999   -9999   -9999   -9999   -9999   -9999   -9999   -9999   -9999   -9999   -9999   -9999   -9999   -9999   -9999   -9999   -9999   -9999   -9999   -9999   -9999   -9999   -9999   -9999   -9999   -9999   -9999   -9999   -9999   -9999   -9999   -9999   -9999   -9999   -9999   -9999   -9999   -9999   -9999   -9999   -9999   -9999   -9999
 -9999   -9999   -9999   -9999   -9999   -9999   -9999   -9999   -9999   1   1   2   -9999   -9999   -9999   -9999   -9999   -9999   -9999   -9999   -9999   -9999   -9999   -9999   -9999   -9999   -9999   -9999   -9999   -9999   -9999   -9999   -9999   -9999   -9999   -9999   -9999   -9999   -9999   -9999   -9999   -9999   -9999   -9999   -9999   -9999   -9999   -9999   -9999   -9999   -9999   -9999   -9999   -9999   -9999   -9999   -9999   -9999   -9999   -9999   -9999   -9999   -9999   -9999   -9999   -9999   -9999   -9999   -9999   -9999   -9999   -9999   -9999   -9999   -9999   -9999   -9999   -9999   -9999   -9999   -9999   -9999   -9999   -9999   -9999   -9999   -9999   -9999   -9999   -9999   -9999   -9999   -9999   -9999   -9999   -9999   -9999   -9999   -9999   -9999   -9999   -9999   -9999   -9999   -9999   -9999   -9999   -9999   -9999   -9999   -9999   -9999   -9999   -9999   -9999   -9999   -9999   -9999   -9999   -9999   -9999   -9999   -9999   -9999   -9999   -9999   -9999   -9999   -9999   -9999   -9999   -9999   -9999   -9999   -9999   -9999   -9999   -9999   -9999   -9999   -9999   -9999   -9999   -9999   -9999   -9999   -9999   -9999   -9999   -9999   -9999   -9999   -9999   -9999   -9999   -9999   -9999   -9999   -9999   -9999   -9999   -9999   -9999   -9999   -9999   -9999   -9999   -9999   -9999   -9999   -9999   -9999   -9999   -9999   -9999   -9999   -9999   -9999   -9999
 -9999   -9999   -9999   -9999   -9999   -9999   1   2   3   1   3   3   -9999   -9999   -9999   -9999   -9999   -9999   -9999   -9999   -9999   -9999   -9999   -9999   -9999   -9999   -9999   -9999   -9999   -9999   -9999   -9999   -9999   -9999   -9999   -9999   -9999   -9999   -9999   -9999   -9999   -9999   -9999   -9999   -9999   -9999   -9999   -9999   -9999   -9999   -9999   -9999   -9999   -9999   -9999   -9999   -9999   -9999   -9999   -9999   -9999   -9999   -9999   -9999   -9999   -9999   -9999   -9999   -9999   -9999   -9999   -9999   -9999   -9999   -9999   -9999   -9999   -9999   -9999   -9999   -9999   -9999   -9999   -9999   -9999   -9999   -9999   -9999   -9999   -9999   -9999   -9999   -9999   -9999   -9999   -9999   -9999   -9999   -9999   -9999   -9999   -9999   -9999   -9999   -9999   -9999   -9999   -9999   -9999   -9999   -9999   -9999   -9999   -9999   -9999   -9999   -9999   -9999   -9999   -9999   -9999   -9999   -9999   -9999   -9999   -9999   -9999   -9999   -9999   -9999   -9999   -9999   -9999   -9999   -9999   -9999   -9999   -9999   -9999   -9999   -9999   -9999   -9999   -9999   -9999   -9999   -9999   -9999   -9999   -9999   -9999   -9999   -9999   -9999   -9999   -9999   -9999   -9999   -9999   -9999   -9999   -9999   -9999   -9999   -9999   -9999   -9999   -9999   -9999   -9999   -9999   -9999   -9999   -9999   -9999   -9999   -9999   -9999   -9999
 -9999   -9999   -9999   -9999   -9999   1   1   2   3   7   12   4   -9999   -9999   -9999   -9999   -9999   -9999   -9999   -9999   -9999   -9999   -9999   -9999   -9999   -9999   -9999   -9999   -9999   -9999   -9999   -9999   -9999   -9999   -9999   -9999   -9999   -9999   -9999   -9999   -9999   -9999   -9999   -9999   -9999   -9999   -9999   -9999   -9999   -9999   -9999   -9999   -9999   -9999   -9999   -9999   -9999   -9999   -9999   -9999   -9999   -9999   -9999   -9999   -9999   -9999   -9999   -9999   -9999   -9999   -9999   -9999   -9999   -9999   -9999   -9999   -9999   -9999   -9999   -9999   -9999   -9999   -9999   -9999   -9999   -9999   -9999   -9999   -9999   -9999   -9999   -9999   -9999   -9999   -9999   -9999   -9999   -9999   -9999   -9999   -9999   -9999   -9999   -9999   -9999   -9999   -9999   -9999   -9999   -9999   -9999   -9999   -9999   -9999   -9999   -9999   -9999   -9999   -9999   -9999   -9999   -9999   -9999   -9999   -9999   -9999   -9999   -9999   -9999   -9999   -9999   -9999   -9999   -9999   -9999   -9999   -9999   -9999   -9999   -9999   -9999   -9999   -9999   -9999   -9999   -9999   -9999   -9999   -9999   -9999   -9999   -9999   -9999   -9999   -9999   -9999   -9999   -9999   -9999   -9999   -9999   -9999   -9999   -9999   -9999   -9999   -9999   -9999   -9999   -9999   -9999   -9999   -9999   -9999   -9999   -9999   -9999   -9999   -9999
 -9999   -9999   -9999   -9999   -9999   -9999   2   3   4   5   6   19   5   -9999   -9999   -9999   -9999   -9999   -9999   -9999   -9999   -9999   -9999   -9999   -9999   -9999   -9999   -9999   -9999   -9999   -9999   -9999   -9999   -9999   -9999   -9999   -9999   -9999   -9999   -9999   -9999   -9999   -9999   -9999   -9999   -9999   -9999   -9999   -9999   -9999   -9999   -9999   -9999   -9999   -9999   -9999   -9999   -9999   -9999   -9999   -9999   -9999   -9999   -9999   -9999   -9999   -9999   -9999   -9999   -9999   -9999   -9999   -9999   -9999   -9999   -9999   -9999   -9999   -9999   -9999   -9999   -9999   -9999   -9999   -9999   -9999   -9999   -9999   -9999   -9999   -9999   -9999   -9999   -9999   -9999   -9999   -9999   -9999   -9999   -9999   -9999   -9999   -9999   -9999   -9999   -9999   -9999   -9999   -9999   -9999   -9999   -9999   -9999   -9999   -9999   -9999   -9999   -9999   -9999   -9999   -9999   -9999   -9999   -9999   -9999   -9999   -9999   -9999   -9999   -9999   -9999   -9999   -9999   -9999   -9999   -9999   -9999   -9999   -9999   -9999   -9999   -9999   -9999   -9999   -9999   -9999   -9999   -9999   -9999   -9999   -9999   -9999   -9999   -9999   -9999   -9999   -9999   -9999   -9999   -9999   -9999   -9999   -9999   -9999   -9999   -9999   -9999   -9999   -9999   -9999   -9999   -9999   -9999   -9999   -9999   -9999   -9999   -9999   -9999
 -9999   -9999   -9999   -9999   -9999   -9999   -9999   1   2   1   2   1   29   6   1   1   -9999   -9999   -9999   -9999   -9999   -9999   -9999   -9999   -9999   -9999   -9999   -9999   -9999   -9999   -9999   -9999   -9999   -9999   -9999   -9999   -9999   -9999   -9999   -9999   -9999   -9999   -9999   -9999   -9999   -9999   -9999   -9999   -9999   -9999   -9999   -9999   -9999   -9999   -9999   -9999   -9999   -9999   -9999   -9999   -9999   -9999   -9999   -9999   -9999   -9999   -9999   -9999   -9999   -9999   -9999   -9999   -9999   -9999   -9999   -9999   -9999   -9999   -9999   -9999   -9999   -9999   -9999   -9999   -9999   -9999   -9999   -9999   -9999   -9999   -9999   -9999   -9999   -9999   -9999   -9999   -9999   -9999   -9999   -9999   -9999   -9999   -9999   -9999   -9999   -9999   -9999   -9999   -9999   -9999   -9999   -9999   -9999   -9999   -9999   -9999   -9999   -9999   -9999   -9999   -9999   -9999   -9999   -9999   -9999   -9999   -9999   -9999   -9999   -9999   -9999   -9999   -9999   -9999   -9999   -9999   -9999   -9999   -9999   -9999   -9999   -9999   -9999   -9999   -9999   -9999   -9999   -9999   -9999   -9999   -9999   -9999   -9999   -9999   -9999   -9999   -9999   -9999   -9999   -9999   -9999   -9999   -9999   -9999   -9999   -9999   -9999   -9999   -9999   -9999   -9999   -9999   -9999   -9999   -9999   -9999   -9999   -9999   -9999
 -9999   -9999   -9999   -9999   -9999   -9999   -9999   -9999   1   4   5   8   1   30   7   3   1   1   1   -9999   -9999   -9999   -9999   -9999   -9999   -9999   -9999   -9999   -9999   -9999   -9999   -9999   -9999   -9999   -9999   -9999   -9999   -9999   -9999   -9999   -9999   -9999   -9999   -9999   -9999   -9999   -9999   -9999   -9999   -9999   -9999   -9999   -9999   -9999   -9999   -9999   -9999   -9999   -9999   -9999   -9999   -9999   -9999   -9999   -9999   -9999   -9999   -9999   -9999   -9999   -9999   -9999   -9999   -9999   -9999   -9999   -9999   -9999   -9999   -9999   -9999   -9999   -9999   -9999   -9999   -9999   -9999   -9999   -9999   -9999   -9999   -9999   -9999   -9999   -9999   -9999   -9999   -9999   -9999   -9999   -9999   -9999   -9999   -9999   -9999   -9999   -9999   -9999   -9999   -9999   -9999   -9999   -9999   -9999   -9999   -9999   -9999   -9999   -9999   -9999   -9999   -9999   -9999   -9999   -9999   -9999   -9999   -9999   -9999   -9999   -9999   -9999   -9999   -9999   -9999   -9999   -9999   -9999   -9999   -9999   -9999   -9999   -9999   -9999   -9999   -9999   -9999   -9999   -9999   -9999   -9999   -9999   -9999   -9999   -9999   -9999   -9999   -9999   -9999   -9999   -9999   -9999   -9999   -9999   -9999   -9999   -9999   -9999   -9999   -9999   -9999   -9999   -9999   -9999   -9999   -9999   -9999   -9999   -9999
 -9999   -9999   -9999   -9999   -9999   -9999   -9999   -9999   -9999   1   1   5   1   12   43   51   57   1   1   2   1   1   1   1   2   1   1   -9999   -9999   -9999   -9999   -9999   -9999   -9999   -9999   -9999   -9999   -9999   -9999   -9999   -9999   -9999   -9999   -9999   -9999   -9999   -9999   -9999   -9999   -9999   -9999   -9999   -9999   -9999   -9999   -9999   -9999   -9999   -9999   -9999   -9999   -9999   -9999   -9999   -9999   -9999   -9999   -9999   -9999   -9999   -9999   -9999   -9999   -9999   -9999   -9999   -9999   -9999   -9999   -9999   -9999   -9999   -9999   -9999   -9999   -9999   -9999   -9999   -9999   -9999   -9999   -9999   -9999   -9999   -9999   -9999   -9999   -9999   -9999   -9999   -9999   -9999   -9999   -9999   -9999   -9999   -9999   -9999   -9999   -9999   -9999   -9999   -9999   -9999   -9999   -9999   -9999   -9999   -9999   -9999   -9999   -9999   -9999   -9999   -9999   -9999   -9999   -9999   -9999   -9999   -9999   -9999   -9999   -9999   -9999   -9999   -9999   -9999   -9999   -9999   -9999   -9999   -9999   -9999   -9999   -9999   -9999   -9999   -9999   -9999   -9999   -9999   -9999   -9999   -9999   -9999   -9999   -9999   -9999   -9999   -9999   -9999   -9999   -9999   -9999   -9999   -9999   -9999   -9999   -9999   -9999   -9999   -9999   -9999   -9999   -9999   -9999   -9999   -9999
 -9999   -9999   -9999   -9999   -9999   -9999   -9999   -9999   -9999   1   3   1   9   2   4   6   9   69   72   75   3   1   2   1   1   3   3   1   1   1   1   -9999   -9999   -9999   -9999   -9999   -9999   -9999   -9999   -9999   -9999   -9999   -9999   -9999   -9999   -9999   -9999   -9999   -9999   -9999   -9999   -9999   -9999   -9999   -9999   -9999   -9999   -9999   -9999   -9999   -9999   -9999   -9999   -9999   -9999   -9999   -9999   -9999   -9999   -9999   -9999   -9999   -9999   -9999   -9999   -9999   -9999   -9999   -9999   -9999   -9999   -9999   -9999   -9999   -9999   -9999   -9999   -9999   -9999   -9999   -9999   -9999   -9999   -9999   -9999   -9999   -9999   -9999   -9999   -9999   -9999   -9999   -9999   -9999   -9999   -9999   -9999   -9999   -9999   -9999   -9999   -9999   -9999   -9999   -9999   -9999   -9999   -9999   -9999   -9999   -9999   -9999   -9999   -9999   -9999   -9999   -9999   -9999   -9999   -9999   -9999   -9999   -9999   -9999   -9999   -9999   -9999   -9999   -9999   -9999   -9999   -9999   -9999   -9999   -9999   -9999   -9999   -9999   -9999   -9999   -9999   -9999   -9999   -9999   -9999   -9999   -9999   -9999   -9999   -9999   -9999   -9999   -9999   -9999   -9999   -9999   -9999   -9999   -9999   -9999   -9999   -9999   -9999   -9999   -9999   -9999   -9999   -9999   -9999
 -9999   -9999   -9999   -9999   -9999   -9999   -9999   -9999   -9999   -9999   1   2   1   1   1   1   1   1   1   1   82   85   3   93   99   104   109   112   114   4   1   -9999   -9999   -9999   -9999   -9999   -9999   -9999   -9999   -9999   -9999   -9999   -9999   -9999   -9999   -9999   -9999   -9999   -9999   -9999   -9999   -9999   -9999   -9999   -9999   -9999   -9999   -9999   -9999   -9999   -9999   -9999   -9999   -9999   -9999   -9999   -9999   -9999   -9999   -9999   -9999   -9999   -9999   -9999   -9999   -9999   -9999   -9999   -9999   -9999   -9999   -9999   -9999   -9999   -9999   -9999   -9999   -9999   -9999   -9999   -9999   -9999   -9999   -9999   -9999   -9999   -9999   -9999   -9999   -9999   -9999   -9999   -9999   -9999   -9999   -9999   -9999   -9999   -9999   -9999   -9999   -9999   -9999   -9999   -9999   -9999   -9999   -9999   -9999   -9999   -9999   -9999   -9999   -9999   -9999   -9999   -9999   -9999   -9999   -9999   -9999   -9999   -9999   -9999   -9999   -9999   -9999   -9999   -9999   -9999   -9999   -9999   -9999   -9999   -9999   -9999   -9999   -9999   -9999   -9999   -9999   -9999   -9999   -9999   -9999   -9999   -9999   -9999   -9999   -9999   -9999   -9999   -9999   -9999   -9999   -9999   -9999   -9999   -9999   -9999   -9999   -9999   -9999   -9999   -9999   -9999   -9999   -9999   -9999
 -9999   -9999   -9999   -9999   -9999   -9999   -9999   -9999   -9999   -9999   -9999   -9999   -9999   1   1   1   1   2   3   1   1   1   88   3   1   1   1   1   1   121   1   1   -9999   -9999   -9999   -9999   -9999   -9999   -9999   -9999   -9999   -9999   -9999   -9999   -9999   -9999   -9999   -9999   -9999   -9999   -9999   -9999   -9999   -9999   -9999   -9999   -9999   -9999   -9999   -9999   -9999   -9999   -9999   -9999   -9999   -9999   -9999   -9999   -9999   -9999   -9999   -9999   -9999   -9999   -9999   -9999   -9999   -9999   -9999   -9999   -9999   -9999   -9999   -9999   -9999   -9999   -9999   -9999   -9999   -9999   -9999   -9999   -9999   -9999   -9999   -9999   -9999   -9999   -9999   -9999   -9999   -9999   -9999   -9999   -9999   -9999   -9999   -9999   -9999   -9999   -9999   -9999   -9999   -9999   -9999   -9999   -9999   -9999   -9999   -9999   -9999   -9999   -9999   -9999   -9999   -9999   -9999   -9999   -9999   -9999   -9999   -9999   -9999   -9999   -9999   -9999   -9999   -9999   -9999   -9999   -9999   -9999   -9999   -9999   -9999   -9999   -9999   -9999   -9999   -9999   -9999   -9999   -9999   -9999   -9999   -9999   -9999   -9999   -9999   -9999   -9999   -9999   -9999   -9999   -9999   -9999   -9999   -9999   -9999   -9999   -9999   -9999   -9999   -9999   -9999   -9999   -9999   -9999   -9999
 -9999   -9999   -9999   -9999   -9999   -9999   -9999   -9999   -9999   -9999   -9999   -9999   -9999   1   2   2   4   5   1   4   1   1   1   1   1   1   2   1   1   1   126   1   1   1   1   2   1   -9999   -9999   -9999   -9999   -9999   -9999   -9999   -9999   -9999   -9999   -9999   -9999   -9999   -9999   -9999   -9999   -9999   -9999   -9999   -9999   -9999   -9999   -9999   -9999   -9999   -9999   -9999   -9999   -9999   -9999   -9999   -9999   -9999   -9999   -9999   -9999   -9999   -9999   -9999   -9999   -9999   -9999   -9999   -9999   -9999   -9999   -9999   -9999   -9999   -9999   -9999   -9999   -9999   -9999   -9999   -9999   -9999   -9999   -9999   -9999   -9999   -9999   -9999   -9999   -9999   -9999   -9999   -9999   -9999   -9999   -9999   -9999   -9999   -9999   -9999   -9999   -9999   -9999   -9999   -9999   -9999   -9999   -9999   -9999   -9999   -9999   -9999   -9999   -9999   -9999   -9999   -9999   -9999   -9999   -9999   -9999   -9999   -9999   -9999   -9999   -9999   -9999   -9999   -9999   -9999   -9999   -9999   -9999   -9999   -9999   -9999   -9999   -9999   -9999   -9999   -9999   -9999   -9999   -9999   -9999   -9999   -9999   -9999   -9999   -9999   -9999   -9999   -9999   -9999   -9999   -9999   -9999   -9999   -9999   -9999   -9999   -9999   -9999   -9999   -9999   -9999   -9999
 -9999   -9999   -9999   -9999   -9999   -9999   -9999   -9999   -9999   -9999   -9999   -9999   -9999   -9999   2   3   1   2   7   1   6   1   1   1   1   5   6   9   11   12   146   2   1   1   2   1   4   2   1   -9999   -9999   -9999   -9999   -9999   -9999   -9999   -9999   -9999   -9999   -9999   -9999   -9999   -9999   -9999   -9999   -9999   -9999   -9999   -9999   -9999   -9999   -9999   -9999   -9999   -9999   -9999   -9999   -9999   -9999   -9999   -9999   -9999   -9999   -9999   -9999   -9999   -9999   -9999   -9999   -9999   -9999   -9999   -9999   -9999   -9999   -9999   -9999   -9999   -9999   -9999   -9999   -9999   -9999   -9999   -9999   -9999   -9999   -9999   -9999   -9999   -9999   -9999   -9999   -9999   -9999   -9999   -9999   -9999   -9999   -9999   -9999   -9999   -9999   -9999   -9999   -9999   -9999   -9999   -9999   -9999   -9999   -9999   -9999   -9999   -9999   -9999   -9999   -9999   -9999   -9999   -9999   -9999   -9999   -9999   -9999   -9999   -9999   -9999   -9999   -9999   -9999   -9999   -9999   -9999   -9999   -9999   -9999   -9999   -9999   -9999   -9999   -9999   -9999   -9999   -9999   -9999   -9999   -9999   -9999   -9999   -9999   -9999   -9999   -9999   -9999   -9999   -9999   -9999   -9999   -9999   -9999   -9999   -9999   -9999   -9999   -9999   -9999   -9999   -9999
 -9999   -9999   -9999   -9999   -9999   -9999   -9999   -9999   -9999   -9999   -9999   -9999   -9999   -9999   1   4   8   1   4   13   1   9   1   1   3   1   4   5   6   7   5   154   159   163   1   1   1   5   4   1   -9999   -9999   -9999   -9999   -9999   -9999   -9999   -9999   -9999   -9999   -9999   -9999   -9999   -9999   -9999   -9999   -9999   -9999   -9999   -9999   -9999   -9999   -9999   -9999   -9999   -9999   -9999   -9999   -9999   -9999   -9999   -9999   -9999   -9999   -9999   -9999   -9999   -9999   -9999   -9999   -9999   -9999   -9999   -9999   -9999   -9999   -9999   -9999   -9999   -9999   -9999   -9999   -9999   -9999   -9999   -9999   -9999   -9999   -9999   -9999   -9999   -9999   -9999   -9999   -9999   -9999   -9999   -9999   -9999   -9999   -9999   -9999   -9999   -9999   -9999   -9999   -9999   -9999   -9999   -9999   -9999   -9999   -9999   -9999   -9999   -9999   -9999   -9999   -9999   -9999   -9999   -9999   -9999   -9999   -9999   -9999   -9999   -9999   -9999   -9999   -9999   -9999   -9999   -9999   -9999   -9999   -9999   -9999   -9999   -9999   -9999   -9999   -9999   -9999   -9999   -9999   -9999   -9999   -9999   -9999   -9999   -9999   -9999   -9999   -9999   -9999   -9999   -9999   -9999   -9999   -9999   -9999   -9999   -9999   -9999   -9999   -9999   -9999   -9999
 -9999   -9999   -9999   -9999   -9999   -9999   -9999   -9999   -9999   -9999   -9999   -9999   -9999   -9999   -9999   1   2   12   14   17   32   44   1   1   1   2   1   2   3   4   1   1   1   3   169   172   175   181   7   1   1   1   1   -9999   -9999   -9999   -9999   -9999   -9999   -9999   -9999   -9999   -9999   -9999   -9999   -9999   -9999   -9999   -9999   -9999   -9999   -9999   -9999   -9999   -9999   -9999   -9999   -9999   -9999   -9999   -9999   -9999   -9999   -9999   -9999   -9999   -9999   -9999   -9999   -9999   -9999   -9999   -9999   -9999   -9999   -9999   -9999   -9999   -9999   -9999   -9999   -9999   -9999   -9999   -9999   -9999   -9999   -9999   -9999   -9999   -9999   -9999   -9999   -9999   -9999   -9999   -9999   -9999   -9999   -9999   -9999   -9999   -9999   -9999   -9999   -9999   -9999   -9999   -9999   -9999   -9999   -9999   -9999   -9999   -9999   -9999   -9999   -9999   -9999   -9999   -9999   -9999   -9999   -9999   -9999   -9999   -9999   -9999   -9999   -9999   -9999   -9999   -9999   -9999   -9999   -9999   -9999   -9999   -9999   -9999   -9999   -9999   -9999   -9999   -9999   -9999   -9999   -9999   -9999   -9999   -9999   -9999   -9999   -9999   -9999   -9999   -9999   -9999   -9999   -9999   -9999   -9999   -9999   -9999   -9999   -9999   -9999   -9999   -9999
 -9999   -9999   -9999   -9999   -9999   -9999   -9999   -9999   -9999   -9999   -9999   -9999   -9999   -9999   -9999   -9999   1   1   2   1   1   49   53   1   1   1   1   2   3   4   5   1   1   1   1   1   1   1   190   1   1   3   1   2   -9999   -9999   -9999   -9999   -9999   -9999   -9999   -9999   -9999   -9999   -9999   -9999   -9999   -9999   -9999   -9999   -9999   -9999   -9999   -9999   -9999   -9999   -9999   -9999   -9999   -9999   -9999   -9999   -9999   -9999   -9999   -9999   -9999   -9999   -9999   -9999   -9999   -9999   -9999   -9999   -9999   -9999   -9999   -9999   -9999   -9999   -9999   -9999   -9999   -9999   -9999   -9999   -9999   -9999   -9999   -9999   -9999   -9999   -9999   -9999   -9999   -9999   -9999   -9999   -9999   -9999   -9999   -9999   -9999   -9999   -9999   -9999   -9999   -9999   -9999   -9999   -9999   -9999   -9999   -9999   -9999   -9999   -9999   -9999   -9999   -9999   -9999   -9999   -9999   -9999   -9999   -9999   -9999   -9999   -9999   -9999   -9999   -9999   -9999   -9999   -9999   -9999   -9999   -9999   -9999   -9999   -9999   -9999   -9999   -9999   -9999   -9999   -9999   -9999   -9999   -9999   -9999   -9999   -9999   -9999   -9999   -9999   -9999   -9999   -9999   -9999   -9999   -9999   -9999   -9999   -9999   -9999   -9999   -9999   -9999
 -9999   -9999   -9999   -9999   -9999   -9999   -9999   -9999   -9999   -9999   -9999   -9999   -9999   -9999   -9999   -9999   -9999   1   1   2   3   1   60   3   1   1   3   4   5   1   2   9   1   1   1   1   2   3   6   199   202   207   211   1   1   -9999   -9999   -9999   -9999   -9999   -9999   -9999   -9999   -9999   -9999   -9999   -9999   -9999   -9999   -9999   -9999   -9999   -9999   -9999   -9999   -9999   -9999   -9999   -9999   -9999   -9999   -9999   -9999   -9999   -9999   -9999   -9999   -9999   -9999   -9999   -9999   -9999   -9999   -9999   -9999   -9999   -9999   -9999   -9999   -9999   -9999   -9999   -9999   -9999   -9999   -9999   -9999   -9999   -9999   -9999   -9999   -9999   -9999   -9999   -9999   -9999   -9999   -9999   -9999   -9999   -9999   -9999   -9999   -9999   -9999   -9999   -9999   -9999   -9999   -9999   -9999   -9999   -9999   -9999   -9999   -9999   -9999   -9999   -9999   -9999   -9999   -9999   -9999   -9999   -9999   -9999   -9999   -9999   -9999   -9999   -9999   -9999   -9999   -9999   -9999   -9999   -9999   -9999   -9999   -9999   -9999   -9999   -9999   -9999   -9999   -9999   -9999   -9999   -9999   -9999   -9999   -9999   -9999   -9999   -9999   -9999   -9999   -9999   -9999   -9999   -9999   -9999   -9999   -9999   -9999   -9999   -9999   -9999   -9999
 -9999   -9999   -9999   -9999   -9999   -9999   -9999   -9999   -9999   -9999   -9999   -9999   -9999   -9999   -9999   -9999   -9999   -9999   -9999   1   2   5   1   66   1   1   1   1   2   8   1   2   12   14   3   1   1   1   1   1   1   1   4   227   2   1   1   1   -9999   -9999   -9999   -9999   -9999   -9999   -9999   -9999   -9999   -9999   -9999   -9999   -9999   -9999   -9999   -9999   -9999   -9999   -9999   -9999   -9999   -9999   -9999   -9999   -9999   -9999   -9999   -9999   -9999   -9999   -9999   -9999   -9999   -9999   -9999   -9999   -9999   -9999   -9999   -9999   -9999   -9999   -9999   -9999   -9999   -9999   -9999   -9999   -9999   -9999   -9999   -9999   -9999   -9999   -9999   -9999   -9999   -9999   -9999   -9999   -9999   -9999   -9999   -9999   -9999   -9999   -9999   -9999   -9999   -9999   -9999   -9999   -9999   -9999   -9999   -9999   -9999   -9999   -9999   -9999   -9999   -9999   -9999   -9999   -9999   -9999   -9999   -9999   -9999   -9999   -9999   -9999   -9999   -9999   -9999   -9999   -9999   -9999   -9999   -9999   -9999   -9999   -9999   -9999   -9999   -9999   -9999   -9999   -9999   -9999   -9999   -9999   -9999   -9999   -9999   -9999   -9999   -9999   -9999   -9999   -9999   -9999   -9999   -9999   -9999   -9999   -9999   -9999   -9999   -9999   -9999
 -9999   -9999   -9999   -9999   -9999   -9999   -9999   -9999   -9999   -9999   -9999   -9999   -9999   -9999   -9999   -9999   -9999   -9999   -9999   1   2   1   2   69   1   1   3   1   1   1   9   1   1   1   15   20   1   2   3   1   1   2   1   10   230   235   237   2   -9999   -9999   -9999   -9999   -9999   -9999   -9999   -9999   -9999   -9999   -9999   -9999   -9999   -9999   -9999   -9999   -9999   -9999   -9999   -9999   -9999   -9999   -9999   -9999   -9999   -9999   -9999   -9999   -9999   -9999   -9999   -9999   -9999   -9999   -9999   -9999   -9999   -9999   -9999   -9999   -9999   -9999   -9999   -9999   -9999   -9999   -9999   -9999   -9999   -9999   -9999   -9999   -9999   -9999   -9999   -9999   -9999   -9999   -9999   -9999   -9999   -9999   -9999   -9999   -9999   -9999   -9999   -9999   -9999   -9999   -9999   -9999   -9999   -9999   -9999   -9999   -9999   -9999   -9999   -9999   -9999   -9999   -9999   -9999   -9999   -9999   -9999   -9999   -9999   -9999   -9999   -9999   -9999   -9999   -9999   -9999   -9999   -9999   -9999   -9999   -9999   -9999   -9999   -9999   -9999   -9999   -9999   -9999   -9999   -9999   -9999   -9999   -9999   -9999   -9999   -9999   -9999   -9999   -9999   -9999   -9999   -9999   -9999   -9999   -9999   -9999   -9999   -9999   -9999   -9999   -9999
 -9999   -9999   -9999   -9999   -9999   -9999   -9999   -9999   -9999   -9999   -9999   -9999   -9999   -9999   -9999   -9999   -9999   -9999   -9999   -9999   -9999   -9999   1   4   76   79   83   86   1   1   2   12   14   2   4   1   22   1   1   5   7   8   9   1   1   1   2   243   1   -9999   -9999   -9999   -9999   -9999   -9999   -9999   -9999   -9999   -9999   -9999   -9999   -9999   -9999   -9999   -9999   -9999   -9999   -9999   -9999   -9999   -9999   -9999   -9999   -9999   -9999   -9999   -9999   -9999   -9999   -9999   -9999   -9999   -9999   -9999   -9999   -9999   -9999   -9999   -9999   -9999   -9999   -9999   -9999   -9999   -9999   -9999   -9999   -9999   -9999   -9999   -9999   -9999   -9999   -9999   -9999   -9999   -9999   -9999   -9999   -9999   -9999   -9999   -9999   -9999   -9999   -9999   -9999   -9999   -9999   -9999   -9999   -9999   -9999   -9999   -9999   -9999   -9999   -9999   -9999   -9999   -9999   -9999   -9999   -9999   -9999   -9999   -9999   -9999   -9999   -9999   -9999   -9999   -9999   -9999   -9999   -9999   -9999   -9999   -9999   -9999   -9999   -9999   -9999   -9999   -9999   -9999   -9999   -9999   -9999   -9999   -9999   -9999   -9999   -9999   -9999   -9999   -9999   -9999   -9999   -9999   -9999   -9999   -9999   -9999   -9999   -9999   -9999   -9999   -9999
 -9999   -9999   -9999   -9999   -9999   -9999   -9999   -9999   -9999   -9999   -9999   -9999   -9999   -9999   -9999   -9999   -9999   -9999   -9999   -9999   -9999   -9999   1   1   1   1   1   3   93   1   1   1   2   17   1   6   8   32   1   1   1   2   1   1   2   1   1   1   256   1   -9999   -9999   -9999   -9999   -9999   -9999   -9999   -9999   -9999   -9999   -9999   -9999   -9999   -9999   -9999   -9999   -9999   -9999   -9999   -9999   -9999   -9999   -9999   -9999   -9999   -9999   -9999   -9999   -9999   -9999   -9999   -9999   -9999   -9999   -9999   -9999   -9999   -9999   -9999   -9999   -9999   -9999   -9999   -9999   -9999   -9999   -9999   -9999   -9999   -9999   -9999   -9999   -9999   -9999   -9999   -9999   -9999   -9999   -9999   -9999   -9999   -9999   -9999   -9999   -9999   -9999   -9999   -9999   -9999   -9999   -9999   -9999   -9999   -9999   -9999   -9999   -9999   -9999   -9999   -9999   -9999   -9999   -9999   -9999   -9999   -9999   -9999   -9999   -9999   -9999   -9999   -9999   -9999   -9999   -9999   -9999   -9999   -9999   -9999   -9999   -9999   -9999   -9999   -9999   -9999   -9999   -9999   -9999   -9999   -9999   -9999   -9999   -9999   -9999   -9999   -9999   -9999   -9999   -9999   -9999   -9999   -9999   -9999   -9999   -9999   -9999   -9999   -9999   -9999
 -9999   -9999   -9999   -9999   -9999   -9999   -9999   -9999   -9999   -9999   -9999   -9999   -9999   -9999   -9999   -9999   -9999   -9999   -9999   -9999   -9999   1   1   1   1   1   1   1   3   96   1   1   1   1   19   20   21   1   35   1   2   1   4   2   1   4   5   7   9   257   1   1   -9999   -9999   -9999   -9999   -9999   -9999   -9999   -9999   -9999   -9999   -9999   -9999   -9999   -9999   -9999   -9999   -9999   -9999   -9999   -9999   -9999   -9999   -9999   -9999   -9999   -9999   -9999   -9999   -9999   -9999   -9999   -9999   -9999   -9999   -9999   -9999   -9999   -9999   -9999   -9999   -9999   -9999   -9999   -9999   -9999   -9999   -9999   -9999   -9999   -9999   -9999   -9999   -9999   -9999   -9999   -9999   -9999   -9999   -9999   -9999   -9999   -9999   -9999   -9999   -9999   -9999   -9999   -9999   -9999   -9999   -9999   -9999   -9999   -9999   -9999   -9999   -9999   -9999   -9999   -9999   -9999   -9999   -9999   -9999   -9999   -9999   -9999   -9999   -9999   -9999   -9999   -9999   -9999   -9999   -9999   -9999   -9999   -9999   -9999   -9999   -9999   -9999   -9999   -9999   -9999   -9999   -9999   -9999   -9999   -9999   -9999   -9999   -9999   -9999   -9999   -9999   -9999   -9999   -9999   -9999   -9999   -9999   -9999   -9999   -9999   -9999   -9999
 -9999   -9999   -9999   -9999   -9999   -9999   -9999   -9999   -9999   -9999   -9999   -9999   -9999   -9999   -9999   -9999   -9999   -9999   -9999   -9999   1   2   3   1   1   3   2   1   1   110   1   1   2   2   1   1   2   24   1   38   1   3   1   6   3   1   1   1   1   5   265   267   1   1   1   1   -9999   -9999   -9999   -9999   -9999   -9999   -9999   -9999   -9999   -9999   -9999   -9999   -9999   -9999   -9999   -9999   -9999   -9999   -9999   -9999   -9999   -9999   -9999   -9999   -9999   -9999   -9999   -9999   -9999   -9999   -9999   -9999   -9999   -9999   -9999   -9999   -9999   -9999   -9999   -9999   -9999   -9999   -9999   -9999   -9999   -9999   -9999   -9999   -9999   -9999   -9999   -9999   -9999   -9999   -9999   -9999   -9999   -9999   -9999   -9999   -9999   -9999   -9999   -9999   -9999   -9999   -9999   -9999   -9999   -9999   -9999   -9999   -9999   -9999   -9999   -9999   -9999   -9999   -9999   -9999   -9999   -9999   -9999   -9999   -9999   -9999   -9999   -9999   -9999   -9999   -9999   -9999   -9999   -9999   -9999   -9999   -9999   -9999   -9999   -9999   -9999   -9999   -9999   -9999   -9999   -9999   -9999   -9999   -9999   -9999   -9999   -9999   -9999   -9999   -9999   -9999   -9999   -9999   -9999   -9999   -9999   -9999   -9999
 -9999   -9999   -9999   -9999   -9999   -9999   -9999   -9999   -9999   -9999   -9999   -9999   -9999   -9999   -9999   -9999   -9999   -9999   -9999   -9999   1   4   4   1   2   1   5   8   9   1   115   1   3   1   3   5   1   2   27   1   44   1   1   1   10   1   3   1   2   1   1   3   273   276   279   1   1   1   -9999   -9999   -9999   -9999   -9999   -9999   -9999   -9999   -9999   -9999   -9999   -9999   -9999   -9999   -9999   -9999   -9999   -9999   -9999   -9999   -9999   -9999   -9999   -9999   -9999   -9999   -9999   -9999   -9999   -9999   -9999   -9999   -9999   -9999   -9999   -9999   -9999   -9999   -9999   -9999   -9999   -9999   -9999   -9999   -9999   -9999   -9999   -9999   -9999   -9999   -9999   -9999   -9999   -9999   -9999   -9999   -9999   -9999   -9999   -9999   -9999   -9999   -9999   -9999   -9999   -9999   -9999   -9999   -9999   -9999   -9999   -9999   -9999   -9999   -9999   -9999   -9999   -9999   -9999   -9999   -9999   -9999   -9999   -9999   -9999   -9999   -9999   -9999   -9999   -9999   -9999   -9999   -9999   -9999   -9999   -9999   -9999   -9999   -9999   -9999   -9999   -9999   -9999   -9999   -9999   -9999   -9999   -9999   -9999   -9999   -9999   -9999   -9999   -9999   -9999   -9999   -9999   -9999   -9999   -9999   -9999
 -9999   -9999   -9999   -9999   -9999   -9999   -9999   -9999   -9999   -9999   -9999   -9999   -9999   -9999   -9999   -9999   -9999   -9999   -9999   -9999   2   1   10   1   1   4   1   2   1   1   1   121   1   1   2   1   7   1   1   28   33   48   1   1   3   11   1   5   6   8   1   1   1   1   1   284   4   1   1   -9999   -9999   -9999   -9999   -9999   -9999   -9999   -9999   -9999   -9999   -9999   -9999   -9999   -9999   -9999   -9999   -9999   -9999   -9999   -9999   -9999   -9999   -9999   -9999   -9999   -9999   -9999   -9999   -9999   -9999   -9999   -9999   -9999   -9999   -9999   -9999   -9999   -9999   -9999   -9999   -9999   -9999   -9999   -9999   -9999   -9999   -9999   -9999   -9999   -9999   -9999   -9999   -9999   -9999   -9999   -9999   -9999   -9999   -9999   -9999   -9999   -9999   -9999   -9999   -9999   -9999   -9999   -9999   -9999   -9999   -9999   -9999   -9999   -9999   -9999   -9999   -9999   -9999   -9999   -9999   -9999   -9999   -9999   -9999   -9999   -9999   -9999   -9999   -9999   -9999   -9999   -9999   -9999   -9999   -9999   -9999   -9999   -9999   -9999   -9999   -9999   -9999   -9999   -9999   -9999   -9999   -9999   -9999   -9999   -9999   -9999   -9999   -9999   -9999   -9999   -9999   -9999   -9999   -9999   -9999
 -9999   -9999   -9999   -9999   -9999   -9999   -9999   -9999   -9999   -9999   -9999   -9999   -9999   -9999   -9999   -9999   -9999   -9999   -9999   -9999   1   4   12   1   1   2   7   8   11   13   14   16   125   1   1   3   11   1   2   4   1   83   1   1   1   15   1   1   1   1   10   1   1   1   2   1   291   1   1   2   3   -9999   -9999   -9999   -9999   -9999   -9999   -9999   -9999   -9999   -9999   -9999   -9999   -9999   -9999   -9999   -9999   -9999   -9999   -9999   -9999   -9999   -9999   -9999   -9999   -9999   -9999   -9999   -9999   -9999   -9999   -9999   -9999   -9999   -9999   -9999   -9999   -9999   -9999   -9999   -9999   -9999   -9999   -9999   -9999   -9999   -9999   -9999   -9999   -9999   -9999   -9999   -9999   -9999   -9999   -9999   -9999   -9999   -9999   -9999   -9999   -9999   -9999   -9999   -9999   -9999   -9999   -9999   -9999   -9999   -9999   -9999   -9999   -9999   -9999   -9999   -9999   -9999   -9999   -9999   -9999   -9999   -9999   -9999   -9999   -9999   -9999   -9999   -9999   -9999   -9999   -9999   -9999   -9999   -9999   -9999   -9999   -9999   -9999   -9999   -9999   -9999   -9999   -9999   -9999   -9999   -9999   -9999   -9999   -9999   -9999   -9999   -9999   -9999   -9999   -9999   -9999   -9999   -9999
 -9999   -9999   -9999   -9999   -9999   -9999   -9999   -9999   -9999   -9999   -9999   -9999   -9999   -9999   -9999   -9999   -9999   -9999   -9999   -9999   1   18   2   1   1   2   3   4   9   10   1   1   160   1   2   1   1   14   1   1   2   5   90   3   1   16   1   2   2   1   2   14   2   1   1   2   295   1   1   2   1   4   -9999   -9999   -9999   -9999   -9999   -9999   -9999   -9999   -9999   -9999   -9999   -9999   -9999   -9999   -9999   -9999   -9999   -9999   -9999   -9999   -9999   -9999   -9999   -9999   -9999   -9999   -9999   -9999   -9999   -9999   -9999   -9999   -9999   -9999   -9999   -9999   -9999   -9999   -9999   -9999   -9999   -9999   -9999   -9999   -9999   -9999   -9999   -9999   -9999   -9999   -9999   -9999   -9999   -9999   -9999   -9999   -9999   -9999   -9999   -9999   -9999   -9999   -9999   -9999   -9999   -9999   -9999   -9999   -9999   -9999   -9999   -9999   -9999   -9999   -9999   -9999   -9999   -9999   -9999   -9999   -9999   -9999   -9999   -9999   -9999   -9999   -9999   -9999   -9999   -9999   -9999   -9999   -9999   -9999   -9999   -9999   -9999   -9999   -9999   -9999   -9999   -9999   -9999   -9999   -9999   -9999   -9999   -9999   -9999   -9999   -9999   -9999   -9999   -9999   -9999   -9999   -9999
 -9999   -9999   -9999   -9999   -9999   -9999   -9999   -9999   -9999   -9999   -9999   -9999   -9999   -9999   -9999   -9999   -9999   -9999   -9999   -9999   1   25   2   1   1   2   3   4   1   4   16   17   1   166   1   2   1   1   15   2   1   1   1   97   99   17   4   1   3   1   1   2   19   2   1   1   1   300   304   1   2   1   5   1   1   -9999   -9999   -9999   -9999   -9999   -9999   -9999   -9999   -9999   -9999   -9999   -9999   -9999   -9999   -9999   -9999   -9999   -9999   -9999   -9999   -9999   -9999   -9999   -9999   -9999   -9999   -9999   -9999   -9999   -9999   -9999   -9999   -9999   -9999   -9999   -9999   -9999   -9999   -9999   -9999   -9999   -9999   -9999   -9999   -9999   -9999   -9999   -9999   -9999   -9999   -9999   -9999   -9999   -9999   -9999   -9999   -9999   -9999   -9999   -9999   -9999   -9999   -9999   -9999   -9999   -9999   -9999   -9999   -9999   -9999   -9999   -9999   -9999   -9999   -9999   -9999   -9999   -9999   -9999   -9999   -9999   -9999   -9999   -9999   -9999   -9999   -9999   -9999   -9999   -9999   -9999   -9999   -9999   -9999   -9999   -9999   -9999   -9999   -9999   -9999   -9999   -9999   -9999   -9999   -9999   -9999   -9999   -9999   -9999   -9999   -9999   -9999   -9999   -9999
 -9999   -9999   -9999   -9999   -9999   -9999   -9999   -9999   -9999   -9999   -9999   -9999   -9999   -9999   -9999   -9999   -9999   -9999   -9999   -9999   1   29   2   2   1   1   2   1   2   1   1   2   3   171   3   1   1   2   21   1   1   1   1   1   1   103   122   131   1   1   2   1   1   22   1   2   1   1   2   309   313   1   1   6   3   1   1   1   2   1   1   -9999   -9999   -9999   -9999   -9999   -9999   -9999   -9999   -9999   -9999   -9999   -9999   -9999   -9999   -9999   -9999   -9999   -9999   -9999   -9999   -9999   -9999   -9999   -9999   -9999   -9999   -9999   -9999   -9999   -9999   -9999   -9999   -9999   -9999   -9999   -9999   -9999   -9999   -9999   -9999   -9999   -9999   -9999   -9999   -9999   -9999   -9999   -9999   -9999   -9999   -9999   -9999   -9999   -9999   -9999   -9999   -9999   -9999   -9999   -9999   -9999   -9999   -9999   -9999   -9999   -9999   -9999   -9999   -9999   -9999   -9999   -9999   -9999   -9999   -9999   -9999   -9999   -9999   -9999   -9999   -9999   -9999   -9999   -9999   -9999   -9999   -9999   -9999   -9999   -9999   -9999   -9999   -9999   -9999   -9999   -9999   -9999   -9999   -9999   -9999   -9999   -9999   -9999   -9999   -9999   -9999   -9999   -9999
 -9999   -9999   -9999   -9999   -9999   -9999   -9999   -9999   -9999   -9999   -9999   -9999   -9999   -9999   -9999   -9999   -9999   -9999   -9999   -9999   1   34   3   1   1   1   2   3   1   1   1   1   1   1   179   3   1   1   1   26   29   1   1   1   1   1   1   3   137   140   144   1   1   24   4   1   1   1   1   1   3   319   322   11   1   2   2   1   1   4   7   1   -9999   -9999   -9999   -9999   -9999   -9999   -9999   -9999   -9999   -9999   -9999   -9999   -9999   -9999   -9999   -9999   -9999   -9999   -9999   -9999   -9999   -9999   -9999   -9999   -9999   -9999   -9999   -9999   -9999   -9999   -9999   -9999   -9999   -9999   -9999   -9999   -9999   -9999   -9999   -9999   -9999   -9999   -9999   -9999   -9999   -9999   -9999   -9999   -9999   -9999   -9999   -9999   -9999   -9999   -9999   -9999   -9999   -9999   -9999   -9999   -9999   -9999   -9999   -9999   -9999   -9999   -9999   -9999   -9999   -9999   -9999   -9999   -9999   -9999   -9999   -9999   -9999   -9999   -9999   -9999   -9999   -9999   -9999   -9999   -9999   -9999   -9999   -9999   -9999   -9999   -9999   -9999   -9999   -9999   -9999   -9999   -9999   -9999   -9999   -9999   -9999   -9999   -9999   -9999   -9999   -9999   -9999
 -9999   -9999   -9999   -9999   -9999   -9999   -9999   -9999   -9999   -9999   -9999   -9999   -9999   -9999   -9999   -9999   -9999   -9999   -9999   -9999   1   38   2   1   1   3   1   7   1   2   3   1   2   3   1   182   189   1   1   1   1   34   1   1   2   1   1   1   1   1   5   152   178   1   1   8   2   2   1   1   1   1   1   336   3   1   1   4   1   1   2   9   1   -9999   -9999   -9999   -9999   -9999   -9999   -9999   -9999   -9999   -9999   -9999   -9999   -9999   -9999   -9999   -9999   -9999   -9999   -9999   -9999   -9999   -9999   -9999   -9999   -9999   -9999   -9999   -9999   -9999   -9999   -9999   -9999   -9999   -9999   -9999   -9999   -9999   -9999   -9999   -9999   -9999   -9999   -9999   -9999   -9999   -9999   -9999   -9999   -9999   -9999   -9999   -9999   -9999   -9999   -9999   -9999   -9999   -9999   -9999   -9999   -9999   -9999   -9999   -9999   -9999   -9999   -9999   -9999   -9999   -9999   -9999   -9999   -9999   -9999   -9999   -9999   -9999   -9999   -9999   -9999   -9999   -9999   -9999   -9999   -9999   -9999   -9999   -9999   -9999   -9999   -9999   -9999   -9999   -9999   -9999   -9999   -9999   -9999   -9999   -9999   -9999   -9999   -9999   -9999   -9999   -9999
 -9999   -9999   -9999   -9999   -9999   -9999   -9999   -9999   -9999   -9999   -9999   -9999   -9999   -9999   -9999   -9999   -9999   -9999   -9999   -9999   1   42   2   1   1   1   4   10   19   24   28   2   1   1   1   1   192   1   1   1   1   3   37   1   1   5   1   1   2   3   1   1   1   186   196   1   1   1   8   1   1   1   2   1   344   347   350   359   1   1   1   13   1   2   1   -9999   -9999   -9999   -9999   -9999   -9999   -9999   -9999   -9999   -9999   -9999   -9999   -9999   -9999   -9999   -9999   -9999   -9999   -9999   -9999   -9999   -9999   -9999   -9999   -9999   -9999   -9999   -9999   -9999   -9999   -9999   -9999   -9999   -9999   -9999   -9999   -9999   -9999   -9999   -9999   -9999   -9999   -9999   -9999   -9999   -9999   -9999   -9999   -9999   -9999   -9999   -9999   -9999   -9999   -9999   -9999   -9999   -9999   -9999   -9999   -9999   -9999   -9999   -9999   -9999   -9999   -9999   -9999   -9999   -9999   -9999   -9999   -9999   -9999   -9999   -9999   -9999   -9999   -9999   -9999   -9999   -9999   -9999   -9999   -9999   -9999   -9999   -9999   -9999   -9999   -9999   -9999   -9999   -9999   -9999   -9999   -9999   -9999   -9999   -9999   -9999   -9999   -9999   -9999
 -9999   -9999   -9999   -9999   -9999   -9999   -9999   -9999   -9999   -9999   -9999   -9999   -9999   -9999   -9999   -9999   -9999   -9999   -9999   -9999   1   45   3   1   2   3   5   1   1   1   3   32   38   41   1   1   194   3   1   2   1   1   44   1   1   1   8   1   1   1   2   3   4   1   3   208   1   1   2   10   1   1   1   2   1   1   1   2   361   1   1   1   15   3   1   2   -9999   -9999   -9999   -9999   -9999   -9999   -9999   -9999   -9999   -9999   -9999   -9999   -9999   -9999   -9999   -9999   -9999   -9999   -9999   -9999   -9999   -9999   -9999   -9999   -9999   -9999   -9999   -9999   -9999   -9999   -9999   -9999   -9999   -9999   -9999   -9999   -9999   -9999   -9999   -9999   -9999   -9999   -9999   -9999   -9999   -9999   -9999   -9999   -9999   -9999   -9999   -9999   -9999   -9999   -9999   -9999   -9999   -9999   -9999   -9999   -9999   -9999   -9999   -9999   -9999   -9999   -9999   -9999   -9999   -9999   -9999   -9999   -9999   -9999   -9999   -9999   -9999   -9999   -9999   -9999   -9999   -9999   -9999   -9999   -9999   -9999   -9999   -9999   -9999   -9999   -9999   -9999   -9999   -9999   -9999   -9999   -9999   -9999   -9999   -9999   -9999   -9999   -9999
 -9999   -9999   -9999   -9999   -9999   -9999   -9999   -9999   -9999   -9999   -9999   -9999   -9999   -9999   -9999   -9999   -9999   -9999   -9999   -9999   1   1   51   1   1   1   1   1   1   1   1   3   1   2   44   46   48   198   1   3   1   2   1   49   1   1   2   9   2   2   1   1   1   2   1   5   219   1   1   1   14   1   1   1   2   4   1   1   10   373   3   1   16   1   6   3   1   1   -9999   -9999   -9999   -9999   -9999   -9999   -9999   -9999   -9999   -9999   -9999   -9999   -9999   -9999   -9999   -9999   -9999   -9999   -9999   -9999   -9999   -9999   -9999   -9999   -9999   -9999   -9999   -9999   -9999   -9999   -9999   -9999   -9999   -9999   -9999   -9999   -9999   -9999   -9999   -9999   -9999   -9999   -9999   -9999   -9999   -9999   -9999   -9999   -9999   -9999   -9999   -9999   -9999   -9999   -9999   -9999   -9999   -9999   -9999   -9999   -9999   -9999   -9999   -9999   -9999   -9999   -9999   -9999   -9999   -9999   -9999   -9999   -9999   -9999   -9999   -9999   -9999   -9999   -9999   -9999   -9999   -9999   -9999   -9999   -9999   -9999   -9999   -9999   -9999   -9999   -9999   -9999   -9999   -9999   -9999   -9999   -9999   -9999   -9999   -9999   -9999
 -9999   -9999   -9999   -9999   -9999   -9999   -9999   -9999   -9999   -9999   -9999   -9999   -9999   -9999   -9999   -9999   -9999   -9999   -9999   -9999   -9999   1   54   1   1   3   6   2   1   3   1   1   1   2   3   1   1   249   6   1   1   2   3   54   1   1   2   5   17   1   4   1   2   1   2   1   9   221   223   1   1   18   1   1   1   1   6   7   1   1   380   398   1   1   1   7   5   2   1   -9999   -9999   -9999   -9999   -9999   -9999   -9999   -9999   -9999   -9999   -9999   -9999   -9999   -9999   -9999   -9999   -9999   -9999   -9999   -9999   -9999   -9999   -9999   -9999   -9999   -9999   -9999   -9999   -9999   -9999   -9999   -9999   -9999   -9999   -9999   -9999   -9999   -9999   -9999   -9999   -9999   -9999   -9999   -9999   -9999   -9999   -9999   -9999   -9999   -9999   -9999   -9999   -9999   -9999   -9999   -9999   -9999   -9999   -9999   -9999   -9999   -9999   -9999   -9999   -9999   -9999   -9999   -9999   -9999   -9999   -9999   -9999   -9999   -9999   -9999   -9999   -9999   -9999   -9999   -9999   -9999   -9999   -9999   -9999   -9999   -9999   -9999   -9999   -9999   -9999   -9999   -9999   -9999   -9999   -9999   -9999   -9999   -9999   -9999   -9999
 -9999   -9999   -9999   -9999   -9999   -9999   -9999   -9999   -9999   -9999   -9999   -9999   -9999   -9999   -9999   -9999   -9999   -9999   -9999   -9999   -9999   1   57   1   1   2   1   7   10   1   4   1   2   1   1   4   1   1   257   1   1   1   1   56   1   1   1   1   1   24   1   1   2   5   6   7   1   1   2   226   1   1   24   1   1   1   1   1   2   1   1   6   407   410   1   8   1   6   4   1   1   -9999   -9999   -9999   -9999   -9999   -9999   -9999   -9999   -9999   -9999   -9999   -9999   -9999   -9999   -9999   -9999   -9999   -9999   -9999   -9999   -9999   -9999   -9999   -9999   -9999   -9999   -9999   -9999   -9999   -9999   -9999   -9999   -9999   -9999   -9999   -9999   -9999   -9999   -9999   -9999   -9999   -9999   -9999   -9999   -9999   -9999   -9999   -9999   -9999   -9999   -9999   -9999   -9999   -9999   -9999   -9999   -9999   -9999   -9999   -9999   -9999   -9999   -9999   -9999   -9999   -9999   -9999   -9999   -9999   -9999   -9999   -9999   -9999   -9999   -9999   -9999   -9999   -9999   -9999   -9999   -9999   -9999   -9999   -9999   -9999   -9999   -9999   -9999   -9999   -9999   -9999   -9999   -9999   -9999   -9999   -9999   -9999   -9999
 -9999   -9999   -9999   -9999   -9999   -9999   -9999   -9999   -9999   -9999   -9999   -9999   -9999   -9999   -9999   -9999   -9999   -9999   -9999   -9999   -9999   1   60   1   1   1   5   1   1   12   18   1   2   5   7   9   14   1   278   281   1   1   2   3   61   3   1   1   2   25   3   1   1   1   1   1   2   1   6   236   2   1   1   27   30   33   1   1   1   3   4   1   1   4   417   427   430   11   1   1   3   1   -9999   -9999   -9999   -9999   -9999   -9999   -9999   -9999   -9999   -9999   -9999   -9999   -9999   -9999   -9999   -9999   -9999   -9999   -9999   -9999   -9999   -9999   -9999   -9999   -9999   -9999   -9999   -9999   -9999   -9999   -9999   -9999   -9999   -9999   -9999   -9999   -9999   -9999   -9999   -9999   -9999   -9999   -9999   -9999   -9999   -9999   -9999   -9999   -9999   -9999   -9999   -9999   -9999   -9999   -9999   -9999   -9999   -9999   -9999   -9999   -9999   -9999   -9999   -9999   -9999   -9999   -9999   -9999   -9999   -9999   -9999   -9999   -9999   -9999   -9999   -9999   -9999   -9999   -9999   -9999   -9999   -9999   -9999   -9999   -9999   -9999   -9999   -9999   -9999   -9999   -9999   -9999   -9999   -9999   -9999   -9999   -9999
 -9999   -9999   -9999   -9999   -9999   -9999   -9999   -9999   -9999   -9999   -9999   -9999   -9999   -9999   -9999   -9999   -9999   -9999   -9999   -9999   -9999   1   63   3   1   1   2   11   2   1   1   20   22   1   1   2   3   18   1   3   287   2   1   1   1   367   2   375   379   1   414   417   1   1   3   1   2   5   1   1   241   1   1   1   1   3   42   3   1   1   1   1   2   1   1   1   1   433   447   1   1   5   1   -9999   -9999   -9999   -9999   -9999   -9999   -9999   -9999   -9999   -9999   -9999   -9999   -9999   -9999   -9999   -9999   -9999   -9999   -9999   -9999   -9999   -9999   -9999   -9999   -9999   -9999   -9999   -9999   -9999   -9999   -9999   -9999   -9999   -9999   -9999   -9999   -9999   -9999   -9999   -9999   -9999   -9999   -9999   -9999   -9999   -9999   -9999   -9999   -9999   -9999   -9999   -9999   -9999   -9999   -9999   -9999   -9999   -9999   -9999   -9999   -9999   -9999   -9999   -9999   -9999   -9999   -9999   -9999   -9999   -9999   -9999   -9999   -9999   -9999   -9999   -9999   -9999   -9999   -9999   -9999   -9999   -9999   -9999   -9999   -9999   -9999   -9999   -9999   -9999   -9999   -9999   -9999   -9999   -9999   -9999   -9999
 -9999   -9999   -9999   -9999   -9999   -9999   -9999   -9999   -9999   -9999   -9999   -9999   -9999   -9999   -9999   -9999   -9999   -9999   -9999   -9999   -9999   1   1   69   1   1   3   1   14   18   21   1   1   23   2   1   1   1   1   1   1   289   294   297   299   2   369   2   1   382   2   1   421   1   1   4   1   1   1   2   246   1   1   1   1   1   1   45   48   1   1   2   1   1   1   1   1   1   3   453   7   1   2   1   -9999   -9999   -9999   -9999   -9999   -9999   -9999   -9999   -9999   -9999   -9999   -9999   -9999   -9999   -9999   -9999   -9999   -9999   -9999   -9999   -9999   -9999   -9999   -9999   -9999   -9999   -9999   -9999   -9999   -9999   -9999   -9999   -9999   -9999   -9999   -9999   -9999   -9999   -9999   -9999   -9999   -9999   -9999   -9999   -9999   -9999   -9999   -9999   -9999   -9999   -9999   -9999   -9999   -9999   -9999   -9999   -9999   -9999   -9999   -9999   -9999   -9999   -9999   -9999   -9999   -9999   -9999   -9999   -9999   -9999   -9999   -9999   -9999   -9999   -9999   -9999   -9999   -9999   -9999   -9999   -9999   -9999   -9999   -9999   -9999   -9999   -9999   -9999   -9999   -9999   -9999   -9999   -9999   -9999   -9999
 -9999   -9999   -9999   -9999   -9999   -9999   -9999   -9999   -9999   -9999   -9999   -9999   -9999   -9999   -9999   -9999   -9999   -9999   -9999   -9999   -9999   -9999   1   76   1   1   1   1   1   1   4   28   29   31   24   28   88   2   1   1   1   1   1   1   1   1   1   1   1   1   1   1   4   428   431   436   4   1   1   2   1   250   4   1   1   1   1   1   3   54   57   60   4   1   1   4   1   1   1   1   456   470   4   1   1   -9999   -9999   -9999   -9999   -9999   -9999   -9999   -9999   -9999   -9999   -9999   -9999   -9999   -9999   -9999   -9999   -9999   -9999   -9999   -9999   -9999   -9999   -9999   -9999   -9999   -9999   -9999   -9999   -9999   -9999   -9999   -9999   -9999   -9999   -9999   -9999   -9999   -9999   -9999   -9999   -9999   -9999   -9999   -9999   -9999   -9999   -9999   -9999   -9999   -9999   -9999   -9999   -9999   -9999   -9999   -9999   -9999   -9999   -9999   -9999   -9999   -9999   -9999   -9999   -9999   -9999   -9999   -9999   -9999   -9999   -9999   -9999   -9999   -9999   -9999   -9999   -9999   -9999   -9999   -9999   -9999   -9999   -9999   -9999   -9999   -9999   -9999   -9999   -9999   -9999   -9999   -9999   -9999   -9999
 -9999   -9999   -9999   -9999   -9999   -9999   -9999   -9999   -9999   -9999   -9999   -9999   -9999   -9999   -9999   -9999   -9999   -9999   -9999   -9999   -9999   -9999   2   4   79   1   1   1   2   3   1   1   13   21   54   57   1   91   96   99   102   1   1   1   1   1   1   1   1   1   1   1   1   1   1   1   442   1   1   1   1   1   257   1   1   3   1   1   1   1   1   1   66   1   1   1   8   1   1   1   1   1   476   481   1   1   -9999   -9999   -9999   -9999   -9999   -9999   -9999   -9999   -9999   -9999   -9999   -9999   -9999   -9999   -9999   -9999   -9999   -9999   -9999   -9999   -9999   -9999   -9999   -9999   -9999   -9999   -9999   -9999   -9999   -9999   -9999   -9999   -9999   -9999   -9999   -9999   -9999   -9999   -9999   -9999   -9999   -9999   -9999   -9999   -9999   -9999   -9999   -9999   -9999   -9999   -9999   -9999   -9999   -9999   -9999   -9999   -9999   -9999   -9999   -9999   -9999   -9999   -9999   -9999   -9999   -9999   -9999   -9999   -9999   -9999   -9999   -9999   -9999   -9999   -9999   -9999   -9999   -9999   -9999   -9999   -9999   -9999   -9999   -9999   -9999   -9999   -9999   -9999   -9999   -9999   -9999   -9999   -9999
 -9999   -9999   -9999   -9999   -9999   -9999   -9999   -9999   -9999   -9999   -9999   -9999   -9999   -9999   -9999   -9999   -9999   -9999   -9999   -9999   -9999   1   1   1   82   1   3   4   5   9   10   11   7   1   1   1   1   1   1   1   1   120   124   127   130   132   136   142   145   147   2   1   1   1   1   1   4   449   452   1   1   1   1   267   5   1   1   2   1   2   3   1   8   77   79   1   1   11   1   1   3   4   1   1   486   488   1   1   1   -9999   -9999   -9999   -9999   -9999   -9999   -9999   -9999   -9999   -9999   -9999   -9999   -9999   -9999   -9999   -9999   -9999   -9999   -9999   -9999   -9999   -9999   -9999   -9999   -9999   -9999   -9999   -9999   -9999   -9999   -9999   -9999   -9999   -9999   -9999   -9999   -9999   -9999   -9999   -9999   -9999   -9999   -9999   -9999   -9999   -9999   -9999   -9999   -9999   -9999   -9999   -9999   -9999   -9999   -9999   -9999   -9999   -9999   -9999   -9999   -9999   -9999   -9999   -9999   -9999   -9999   -9999   -9999   -9999   -9999   -9999   -9999   -9999   -9999   -9999   -9999   -9999   -9999   -9999   -9999   -9999   -9999   -9999   -9999   -9999   -9999   -9999   -9999   -9999   -9999
 -9999   -9999   -9999   -9999   -9999   -9999   -9999   -9999   -9999   -9999   -9999   -9999   -9999   -9999   -9999   -9999   -9999   -9999   -9999   -9999   -9999   -9999   1   1   85   1   1   1   3   2   4   6   1   5   6   7   8   9   10   11   16   1   1   1   1   1   1   4   1   1   164   169   171   3   1   1   1   1   2   457   1   1   1   1   268   4   1   3   1   1   1   5   1   1   1   84   86   13   1   1   1   1   2   3   1   3   494   499   1   -9999   -9999   -9999   -9999   -9999   -9999   -9999   -9999   -9999   -9999   -9999   -9999   -9999   -9999   -9999   -9999   -9999   -9999   -9999   -9999   -9999   -9999   -9999   -9999   -9999   -9999   -9999   -9999   -9999   -9999   -9999   -9999   -9999   -9999   -9999   -9999   -9999   -9999   -9999   -9999   -9999   -9999   -9999   -9999   -9999   -9999   -9999   -9999   -9999   -9999   -9999   -9999   -9999   -9999   -9999   -9999   -9999   -9999   -9999   -9999   -9999   -9999   -9999   -9999   -9999   -9999   -9999   -9999   -9999   -9999   -9999   -9999   -9999   -9999   -9999   -9999   -9999   -9999   -9999   -9999   -9999   -9999   -9999   -9999   -9999   -9999   -9999   -9999   -9999   -9999
 -9999   -9999   -9999   -9999   -9999   -9999   -9999   -9999   -9999   -9999   -9999   -9999   -9999   -9999   -9999   -9999   -9999   -9999   -9999   -9999   -9999   -9999   2   1   89   2   1   1   1   1   1   1   3   1   4   5   1   2   3   4   1   2   3   4   1   2   3   10   13   14   1   1   1   175   180   1   1   1   1   3   463   1   1   1   1   274   1   1   4   7   1   1   1   2   1   1   2   106   1   1   1   3   1   1   1   1   1   1   515   1   1   1   -9999   -9999   -9999   -9999   -9999   -9999   -9999   -9999   -9999   -9999   -9999   -9999   -9999   -9999   -9999   -9999   -9999   -9999   -9999   -9999   -9999   -9999   -9999   -9999   -9999   -9999   -9999   -9999   -9999   -9999   -9999   -9999   -9999   -9999   -9999   -9999   -9999   -9999   -9999   -9999   -9999   -9999   -9999   -9999   -9999   -9999   -9999   -9999   -9999   -9999   -9999   -9999   -9999   -9999   -9999   -9999   -9999   -9999   -9999   -9999   -9999   -9999   -9999   -9999   -9999   -9999   -9999   -9999   -9999   -9999   -9999   -9999   -9999   -9999   -9999   -9999   -9999   -9999   -9999   -9999   -9999   -9999   -9999   -9999   -9999   -9999   -9999
 -9999   -9999   -9999   -9999   -9999   -9999   -9999   -9999   -9999   -9999   -9999   -9999   -9999   -9999   -9999   -9999   -9999   -9999   -9999   -9999   -9999   -9999   3   1   92   1   1   1   2   3   1   1   1   2   1   3   9   1   1   1   1   1   1   2   7   8   9   1   1   1   2   3   1   1   1   185   1   1   1   1   4   470   473   1   1   1   280   1   1   1   10   2   1   2   5   1   1   3   108   1   1   1   5   1   3   6   7   1   14   517   3   1   1   -9999   -9999   -9999   -9999   -9999   -9999   -9999   -9999   -9999   -9999   -9999   -9999   -9999   -9999   -9999   -9999   -9999   -9999   -9999   -9999   -9999   -9999   -9999   -9999   -9999   -9999   -9999   -9999   -9999   -9999   -9999   -9999   -9999   -9999   -9999   -9999   -9999   -9999   -9999   -9999   -9999   -9999   -9999   -9999   -9999   -9999   -9999   -9999   -9999   -9999   -9999   -9999   -9999   -9999   -9999   -9999   -9999   -9999   -9999   -9999   -9999   -9999   -9999   -9999   -9999   -9999   -9999   -9999   -9999   -9999   -9999   -9999   -9999   -9999   -9999   -9999   -9999   -9999   -9999   -9999   -9999   -9999   -9999   -9999   -9999   -9999
 -9999   -9999   -9999   -9999   -9999   -9999   -9999   -9999   -9999   -9999   -9999   -9999   -9999   -9999   -9999   -9999   -9999   -9999   -9999   -9999   -9999   -9999   4   5   104   2   1   1   1   2   7   1   1   2   1   1   2   12   2   3   1   3   1   1   1   1   2   3   4   1   1   1   5   1   1   186   2   1   1   1   1   1   3   482   3   1   1   282   1   1   1   11   3   1   1   6   1   1   3   117   3   1   1   6   1   1   1   11   1   1   521   527   2   1   -9999   -9999   -9999   -9999   -9999   -9999   -9999   -9999   -9999   -9999   -9999   -9999   -9999   -9999   -9999   -9999   -9999   -9999   -9999   -9999   -9999   -9999   -9999   -9999   -9999   -9999   -9999   -9999   -9999   -9999   -9999   -9999   -9999   -9999   -9999   -9999   -9999   -9999   -9999   -9999   -9999   -9999   -9999   -9999   -9999   -9999   -9999   -9999   -9999   -9999   -9999   -9999   -9999   -9999   -9999   -9999   -9999   -9999   -9999   -9999   -9999   -9999   -9999   -9999   -9999   -9999   -9999   -9999   -9999   -9999   -9999   -9999   -9999   -9999   -9999   -9999   -9999   -9999   -9999   -9999   -9999   -9999   -9999   -9999   -9999
 -9999   -9999   -9999   -9999   -9999   -9999   -9999   -9999   -9999   -9999   -9999   -9999   -9999   -9999   -9999   -9999   -9999   -9999   -9999   -9999   -9999   -9999   3   5   1   113   118   1   1   1   1   9   1   1   4   1   2   3   16   19   23   5   1   5   1   1   1   1   1   9   1   1   1   6   9   552   556   3   1   1   1   1   1   1   484   1   1   3   288   3   1   12   1   4   6   14   1   1   1   1   119   122   1   1   7   1   1   1   1   2   1   1   530   534   1   1   1   1   1   -9999   -9999   -9999   -9999   -9999   -9999   -9999   -9999   -9999   -9999   -9999   -9999   -9999   -9999   -9999   -9999   -9999   -9999   -9999   -9999   -9999   -9999   -9999   -9999   -9999   -9999   -9999   -9999   -9999   -9999   -9999   -9999   -9999   -9999   -9999   -9999   -9999   -9999   -9999   -9999   -9999   -9999   -9999   -9999   -9999   -9999   -9999   -9999   -9999   -9999   -9999   -9999   -9999   -9999   -9999   -9999   -9999   -9999   -9999   -9999   -9999   -9999   -9999   -9999   -9999   -9999   -9999   -9999   -9999   -9999   -9999   -9999   -9999   -9999   -9999   -9999   -9999   -9999   -9999   -9999
 -9999   -9999   -9999   -9999   -9999   -9999   -9999   -9999   -9999   -9999   -9999   -9999   -9999   -9999   -9999   -9999   -9999   -9999   -9999   -9999   -9999   -9999   2   1   4   4   1   123   125   3   1   1   11   1   2   5   1   1   1   1   1   24   6   1   7   2   2   1   2   12   2   1   1   344   355   1   1   563   572   575   1   1   1   1   1   485   1   1   1   290   307   1   2   1   1   2   19   2   1   1   1   2   127   138   1   2   1   1   1   1   2   1   1   2   539   545   1   2   553   1   1   -9999   -9999   -9999   -9999   -9999   -9999   -9999   -9999   -9999   -9999   -9999   -9999   -9999   -9999   -9999   -9999   -9999   -9999   -9999   -9999   -9999   -9999   -9999   -9999   -9999   -9999   -9999   -9999   -9999   -9999   -9999   -9999   -9999   -9999   -9999   -9999   -9999   -9999   -9999   -9999   -9999   -9999   -9999   -9999   -9999   -9999   -9999   -9999   -9999   -9999   -9999   -9999   -9999   -9999   -9999   -9999   -9999   -9999   -9999   -9999   -9999   -9999   -9999   -9999   -9999   -9999   -9999   -9999   -9999   -9999   -9999   -9999   -9999   -9999   -9999   -9999   -9999   -9999
 -9999   -9999   -9999   -9999   -9999   -9999   -9999   -9999   -9999   -9999   -9999   -9999   -9999   -9999   -9999   -9999   -9999   -9999   -9999   -9999   -9999   -9999   1   2   1   3   1   1   1   131   3   1   1   12   1   8   184   1   1   202   228   1   1   7   2   10   3   2   1   1   15   1   342   8   1   1   1   5   4   3   582   587   591   593   1   487   2   1   1   1   1   312   1   1   2   1   1   22   29   2   1   1   1   1   141   1   2   1   3   1   1   3   1   1   1   2   547   549   1   558   1   1   -9999   -9999   -9999   -9999   -9999   -9999   -9999   -9999   -9999   -9999   -9999   -9999   -9999   -9999   -9999   -9999   -9999   -9999   -9999   -9999   -9999   -9999   -9999   -9999   -9999   -9999   -9999   -9999   -9999   -9999   -9999   -9999   -9999   -9999   -9999   -9999   -9999   -9999   -9999   -9999   -9999   -9999   -9999   -9999   -9999   -9999   -9999   -9999   -9999   -9999   -9999   -9999   -9999   -9999   -9999   -9999   -9999   -9999   -9999   -9999   -9999   -9999   -9999   -9999   -9999   -9999   -9999   -9999   -9999   -9999   -9999   -9999   -9999   -9999   -9999   -9999   -9999
 -9999   -9999   -9999   -9999   -9999   -9999   -9999   -9999   -9999   -9999   -9999   -9999   -9999   -9999   -9999   -9999   -9999   -9999   -9999   -9999   -9999   -9999   -9999   1   1   1   1   1   1   1   135   144   149   166   169   173   4   194   196   2   2   233   2   10   275   287   293   296   1   311   333   337   1   5   2   1   4   3   1   1   2   3   2   1   1083   1   1   8   2   1   1   3   318   324   1   1   1   1   1   31   33   1   1   1   3   151   4   1   1   5   6   11   13   1   1   1   1   1   1   561   2   1   1   -9999   -9999   -9999   -9999   -9999   -9999   -9999   -9999   -9999   -9999   -9999   -9999   -9999   -9999   -9999   -9999   -9999   -9999   -9999   -9999   -9999   -9999   -9999   -9999   -9999   -9999   -9999   -9999   -9999   -9999   -9999   -9999   -9999   -9999   -9999   -9999   -9999   -9999   -9999   -9999   -9999   -9999   -9999   -9999   -9999   -9999   -9999   -9999   -9999   -9999   -9999   -9999   -9999   -9999   -9999   -9999   -9999   -9999   -9999   -9999   -9999   -9999   -9999   -9999   -9999   -9999   -9999   -9999   -9999   -9999   -9999   -9999   -9999   -9999   -9999   -9999
 -9999   -9999   -9999   -9999   -9999   -9999   -9999   -9999   -9999   -9999   -9999   -9999   -9999   -9999   -9999   -9999   -9999   -9999   -9999   -9999   -9999   -9999   -9999   1   1   1   2   3   1   1   1   4   3   4   1   3   3   4   1   1   1   1   257   261   1   1   2   5   308   5   1   2   1   4   1   2   1   1   1   1   1   1   1   1   4   1089   1   1   13   3   1   1   1   1   327   3   1   1   1   1   2   40   2   1   1   1   153   156   1   1   1   1   2   17   19   2   1   1   1   2   567   572   1   1   -9999   -9999   -9999   -9999   -9999   -9999   -9999   -9999   -9999   -9999   -9999   -9999   -9999   -9999   -9999   -9999   -9999   -9999   -9999   -9999   -9999   -9999   -9999   -9999   -9999   -9999   -9999   -9999   -9999   -9999   -9999   -9999   -9999   -9999   -9999   -9999   -9999   -9999   -9999   -9999   -9999   -9999   -9999   -9999   -9999   -9999   -9999   -9999   -9999   -9999   -9999   -9999   -9999   -9999   -9999   -9999   -9999   -9999   -9999   -9999   -9999   -9999   -9999   -9999   -9999   -9999   -9999   -9999   -9999   -9999   -9999   -9999   -9999   -9999   -9999
 -9999   -9999   -9999   -9999   -9999   -9999   -9999   -9999   -9999   -9999   -9999   -9999   -9999   -9999   -9999   -9999   -9999   -9999   -9999   -9999   1   1   1   1   2   2   7   2   1   1   3   2   1   2   2   2   3   1   2   3   15   18   5   2   1   1   2   2   5   1   3   1   2   1   1   1   1   1   1   2   1   1   1   1   1   1   1093   1   1   14   1   1   1   1   1   330   336   339   1   1   1   1   43   45   1   1   1   2   161   164   1   1   1   1   1   22   2   1   1   1   2   2   577   1   1   -9999   -9999   -9999   -9999   -9999   -9999   -9999   -9999   -9999   -9999   -9999   -9999   -9999   -9999   -9999   -9999   -9999   -9999   -9999   -9999   -9999   -9999   -9999   -9999   -9999   -9999   -9999   -9999   -9999   -9999   -9999   -9999   -9999   -9999   -9999   -9999   -9999   -9999   -9999   -9999   -9999   -9999   -9999   -9999   -9999   -9999   -9999   -9999   -9999   -9999   -9999   -9999   -9999   -9999   -9999   -9999   -9999   -9999   -9999   -9999   -9999   -9999   -9999   -9999   -9999   -9999   -9999   -9999   -9999   -9999   -9999   -9999   -9999   -9999
 -9999   -9999   -9999   -9999   -9999   -9999   -9999   -9999   -9999   -9999   -9999   -9999   -9999   -9999   -9999   -9999   -9999   -9999   -9999   -9999   -9999   3   3   1   1   3   12   1   1   1   1   1   1   1   1   2   2   4   7   11   2   2   2   1   1   1   1   2   2   1   1   1   1   1   1   1   4   1   4   8   10   1   21   24   25   1   1   1096   1   1   17   20   1   1   1   1   1   2   344   1   1   1   1   2   50   52   1   1   1   1   168   1   2   181   184   207   212   1   1   1   1   1   5   588   3   1   -9999   -9999   -9999   -9999   -9999   -9999   -9999   -9999   -9999   -9999   -9999   -9999   -9999   -9999   -9999   -9999   -9999   -9999   -9999   -9999   -9999   -9999   -9999   -9999   -9999   -9999   -9999   -9999   -9999   -9999   -9999   -9999   -9999   -9999   -9999   -9999   -9999   -9999   -9999   -9999   -9999   -9999   -9999   -9999   -9999   -9999   -9999   -9999   -9999   -9999   -9999   -9999   -9999   -9999   -9999   -9999   -9999   -9999   -9999   -9999   -9999   -9999   -9999   -9999   -9999   -9999   -9999   -9999   -9999   -9999   -9999   -9999   -9999
 -9999   -9999   -9999   -9999   -9999   -9999   -9999   -9999   -9999   -9999   -9999   -9999   -9999   -9999   -9999   -9999   -9999   -9999   -9999   -9999   -9999   1   6   11   2   4   39   1   2   2   1   1   1   1   1   1   1   2   2   1   1   1   1   1   2   4   1   1   1   1   1   1   1   2   3   1   6   1   1   3   6   18   1   1   2   30   1   37   1137   1   1   1   24   1   1   1   1   1   3   350   1   1   1   1   1   3   57   1   1   1   2   173   179   1   1   1   218   1   2   1   1   1   2   1   590   1   1   -9999   -9999   -9999   -9999   -9999   -9999   -9999   -9999   -9999   -9999   -9999   -9999   -9999   -9999   -9999   -9999   -9999   -9999   -9999   -9999   -9999   -9999   -9999   -9999   -9999   -9999   -9999   -9999   -9999   -9999   -9999   -9999   -9999   -9999   -9999   -9999   -9999   -9999   -9999   -9999   -9999   -9999   -9999   -9999   -9999   -9999   -9999   -9999   -9999   -9999   -9999   -9999   -9999   -9999   -9999   -9999   -9999   -9999   -9999   -9999   -9999   -9999   -9999   -9999   -9999   -9999   -9999   -9999   -9999   -9999   -9999   -9999
 -9999   -9999   -9999   -9999   -9999   -9999   -9999   -9999   -9999   -9999   -9999   -9999   -9999   -9999   -9999   -9999   -9999   -9999   -9999   -9999   -9999   1   1   3   19   25   1   42   45   5   1   2   3   1   1   1   1   1   1   2   1   1   1   1   1   2   5   1   1   3   2   54   60   7   1   1   1   8   1   1   1   1   1   1   2   1   34   1   2   1140   1143   1   1   28   1   1   2   1   1   3   356   358   3   1   1   1   1   66   1   1   1   1   1   1   1   1   2   225   4   2   1   1   1   3   5   593   1   -9999   -9999   -9999   -9999   -9999   -9999   -9999   -9999   -9999   -9999   -9999   -9999   -9999   -9999   -9999   -9999   -9999   -9999   -9999   -9999   -9999   -9999   -9999   -9999   -9999   -9999   -9999   -9999   -9999   -9999   -9999   -9999   -9999   -9999   -9999   -9999   -9999   -9999   -9999   -9999   -9999   -9999   -9999   -9999   -9999   -9999   -9999   -9999   -9999   -9999   -9999   -9999   -9999   -9999   -9999   -9999   -9999   -9999   -9999   -9999   -9999   -9999   -9999   -9999   -9999   -9999   -9999   -9999   -9999   -9999   -9999   -9999
 -9999   -9999   -9999   -9999   -9999   -9999   -9999   -9999   -9999   -9999   -9999   -9999   -9999   -9999   -9999   -9999   -9999   -9999   -9999   -9999   -9999   -9999   1   1   1   1   1   1   1   51   1   1   6   2   3   1   1   1   2   3   6   8   11   14   17   18   28   34   42   47   50   4   1   69   1   1   2   1   10   1   1   1   2   1   2   1   1   1   1   1   1   1149   1   1155   1188   1   1   3   1   1   1   1   364   1   1   1   1   4   68   71   76   1   1   1   2   1   1   1   228   232   1   1   1   1   1   603   1   1   1   -9999   -9999   -9999   -9999   -9999   -9999   -9999   -9999   -9999   -9999   -9999   -9999   -9999   -9999   -9999   -9999   -9999   -9999   -9999   -9999   -9999   -9999   -9999   -9999   -9999   -9999   -9999   -9999   -9999   -9999   -9999   -9999   -9999   -9999   -9999   -9999   -9999   -9999   -9999   -9999   -9999   -9999   -9999   -9999   -9999   -9999   -9999   -9999   -9999   -9999   -9999   -9999   -9999   -9999   -9999   -9999   -9999   -9999   -9999   -9999   -9999   -9999   -9999   -9999   -9999   -9999   -9999   -9999   -9999   -9999
 -9999   -9999   -9999   -9999   -9999   -9999   -9999   -9999   -9999   -9999   -9999   -9999   -9999   -9999   -9999   -9999   -9999   -9999   -9999   -9999   1   1   1   2   1   1   1   6   59   1   1   3   1   85   94   1   2   1   1   1   1   1   1   2   1   4   3   1   4   1   2   3   1   4   76   4   1   1   1   11   3   2   3   1   1   3   4   1   1   1   2   1   1154   2   2   1193   1201   5   1   1   1   1   1   369   1   2   1   1   1   1   2   78   1   1   4   1   1   1   1   2   237   1   1   1   1   1   607   2   1   1   -9999   -9999   -9999   -9999   -9999   -9999   -9999   -9999   -9999   -9999   -9999   -9999   -9999   -9999   -9999   -9999   -9999   -9999   -9999   -9999   -9999   -9999   -9999   -9999   -9999   -9999   -9999   -9999   -9999   -9999   -9999   -9999   -9999   -9999   -9999   -9999   -9999   -9999   -9999   -9999   -9999   -9999   -9999   -9999   -9999   -9999   -9999   -9999   -9999   -9999   -9999   -9999   -9999   -9999   -9999   -9999   -9999   -9999   -9999   -9999   -9999   -9999   -9999   -9999   -9999   -9999   -9999   -9999   -9999
 -9999   -9999   -9999   -9999   -9999   -9999   -9999   -9999   -9999   -9999   -9999   -9999   -9999   -9999   -9999   -9999   -9999   -9999   -9999   1   1   3   1   1   4   3   1   1   3   65   68   73   76   2   1   97   101   104   107   110   113   1   1   1   1   1   2   2   1   1   1   1   1   1   1   79   86   88   13   1   1   4   3   5   7   1   1   6   3   1   1   2   1   1   1   1   1   1204   3   1   1   2   1   1   378   1   1   1   1   1   1   4   92   6   1   3   1   1   1   1   4   245   248   1   1   1   614   3   1   2   1   -9999   -9999   -9999   -9999   -9999   -9999   -9999   -9999   -9999   -9999   -9999   -9999   -9999   -9999   -9999   -9999   -9999   -9999   -9999   -9999   -9999   -9999   -9999   -9999   -9999   -9999   -9999   -9999   -9999   -9999   -9999   -9999   -9999   -9999   -9999   -9999   -9999   -9999   -9999   -9999   -9999   -9999   -9999   -9999   -9999   -9999   -9999   -9999   -9999   -9999   -9999   -9999   -9999   -9999   -9999   -9999   -9999   -9999   -9999   -9999   -9999   -9999   -9999   -9999   -9999   -9999   -9999   -9999
 -9999   -9999   -9999   -9999   -9999   -9999   -9999   -9999   -9999   -9999   -9999   -9999   -9999   -9999   -9999   -9999   -9999   -9999   -9999   2   1   6   1   1   1   8   1   1   1   1   1   1   1   1   1   1   1   1   1   1   4   117   1   1   1   1   1   1   2   3   4   5   1   2   1   1   1   19   109   125   128   136   1   1   1   9   1   1   11   13   1   1   2   3   4   1   1   1   1207   1212   4   1   1   1   3   380   383   1   2   1   1   1   2   95   100   5   1   1   2   1   1   2   3   257   1   1   1   620   3   1   2   1   -9999   -9999   -9999   -9999   -9999   -9999   -9999   -9999   -9999   -9999   -9999   -9999   -9999   -9999   -9999   -9999   -9999   -9999   -9999   -9999   -9999   -9999   -9999   -9999   -9999   -9999   -9999   -9999   -9999   -9999   -9999   -9999   -9999   -9999   -9999   -9999   -9999   -9999   -9999   -9999   -9999   -9999   -9999   -9999   -9999   -9999   -9999   -9999   -9999   -9999   -9999   -9999   -9999   -9999   -9999   -9999   -9999   -9999   -9999   -9999   -9999   -9999   -9999   -9999   -9999   -9999   -9999
 -9999   -9999   -9999   -9999   -9999   -9999   -9999   -9999   -9999   -9999   -9999   -9999   -9999   -9999   -9999   -9999   -9999   -9999   -9999   3   1   9   1   1   2   11   1   1   3   4   5   6   14   16   17   1   1   1   2   3   3   126   1   1   3   1   1   1   1   1   1   1   7   8   12   13   17   1   1   1   1   14   154   156   11   1   1   2   1   1   15   1   1   2   1   5   2   1   1   1   1220   1223   1   1   1   1   1   388   1   2   1   1   1   1   3   104   117   3   1   1   1   1   1   2   264   1   1   2   627   3   1   2   1   -9999   -9999   -9999   -9999   -9999   -9999   -9999   -9999   -9999   -9999   -9999   -9999   -9999   -9999   -9999   -9999   -9999   -9999   -9999   -9999   -9999   -9999   -9999   -9999   -9999   -9999   -9999   -9999   -9999   -9999   -9999   -9999   -9999   -9999   -9999   -9999   -9999   -9999   -9999   -9999   -9999   -9999   -9999   -9999   -9999   -9999   -9999   -9999   -9999   -9999   -9999   -9999   -9999   -9999   -9999   -9999   -9999   -9999   -9999   -9999   -9999   -9999   -9999   -9999   -9999   -9999
 -9999   -9999   -9999   -9999   -9999   -9999   -9999   -9999   -9999   -9999   -9999   -9999   -9999   -9999   -9999   -9999   -9999   -9999   -9999   4   2   11   1   1   2   16   1   1   1   2   5   7   1   1   3   22   2   1   1   2   1   1   132   135   140   1   2   1   3   1   3   1   1   1   1   3   1   2   4   7   13   1   1   3   175   178   181   185   3   1   1   17   1   1   3   5   6   3   1   1   1   1   1230   1   1   1   1   1   392   2   1   1   1   2   1   2   2   124   3   1   1   1   1   1   4   266   1   1   2   635   3   1   2   -9999   -9999   -9999   -9999   -9999   -9999   -9999   -9999   -9999   -9999   -9999   -9999   -9999   -9999   -9999   -9999   -9999   -9999   -9999   -9999   -9999   -9999   -9999   -9999   -9999   -9999   -9999   -9999   -9999   -9999   -9999   -9999   -9999   -9999   -9999   -9999   -9999   -9999   -9999   -9999   -9999   -9999   -9999   -9999   -9999   -9999   -9999   -9999   -9999   -9999   -9999   -9999   -9999   -9999   -9999   -9999   -9999   -9999   -9999   -9999   -9999   -9999   -9999   -9999   -9999   -9999
 -9999   -9999   -9999   -9999   -9999   -9999   -9999   -9999   -9999   -9999   -9999   1   1   -9999   -9999   -9999   -9999   -9999   -9999   1   8   22   1   1   4   18   1   1   1   2   1   1   1   1   1   2   25   2   1   1   1   2   1   1   1   154   158   1   4   2   4   1   3   1   1   1   1   1   1   1   3   2   2   3   1   1   1   1   188   195   197   18   3   1   1   1   6   17   1   1   1   1   2   1233   1236   1239   2   1   394   1650   3   1   1   1   1   1   1   2   126   4   1   1   2   3   1   269   2   1   1   3   637   3   1   -9999   -9999   -9999   -9999   -9999   -9999   -9999   -9999   -9999   -9999   -9999   -9999   -9999   -9999   -9999   -9999   -9999   -9999   -9999   -9999   -9999   -9999   -9999   -9999   -9999   -9999   -9999   -9999   -9999   -9999   -9999   -9999   -9999   -9999   -9999   -9999   -9999   -9999   -9999   -9999   -9999   -9999   -9999   -9999   -9999   -9999   -9999   -9999   -9999   -9999   -9999   -9999   -9999   -9999   -9999   -9999   -9999   -9999   -9999   -9999   -9999   -9999   -9999   -9999   -9999   -9999
 -9999   -9999   -9999   -9999   -9999   -9999   -9999   -9999   -9999   -9999   -9999   1   3   1   -9999   -9999   -9999   -9999   -9999   -9999   1   26   1   1   25   2   1   2   1   1   1   1   4   1   1   1   3   26   31   1   1   1   1   2   10   1   4   165   172   1   1   5   2   5   7   8   10   1   1   1   1   1   1   1   1   1   1   1   1   2   3   221   223   229   1   1   2   1   27   8   5   1   1   1   1   1   1242   1247   1249   1   1657   4   1   2   1   1   1   1   1   139   3   1   1   1   1   5   278   1   1   1   3   646   1   1   -9999   -9999   -9999   -9999   -9999   -9999   -9999   -9999   -9999   -9999   -9999   -9999   -9999   -9999   -9999   -9999   -9999   -9999   -9999   -9999   -9999   -9999   -9999   -9999   -9999   -9999   -9999   -9999   -9999   -9999   -9999   -9999   -9999   -9999   -9999   -9999   -9999   -9999   -9999   -9999   -9999   -9999   -9999   -9999   -9999   -9999   -9999   -9999   -9999   -9999   -9999   -9999   -9999   -9999   -9999   -9999   -9999   -9999   -9999   -9999   -9999   -9999   -9999   -9999   -9999
 -9999   -9999   -9999   -9999   -9999   -9999   -9999   -9999   -9999   -9999   -9999   1   5   1   2   1   -9999   -9999   -9999   1   1   2   27   29   28   1   1   5   1   2   1   2   1   6   2   1   5   1   1   33   1   3   5   7   1   2   1   1   7   182   185   8   1   1   1   1   1   11   2   2   3   4   1   1   1   2   5   1   1   1   1   2   1   4   236   239   273   30   1   1   1   1   2   3   1   1   1   1   1   1   1   1659   3   1   3   1   1   1   1   3   144   1   1   2   4   1   281   1   1   1   2   651   2   1   1   -9999   -9999   -9999   -9999   -9999   -9999   -9999   -9999   -9999   -9999   -9999   -9999   -9999   -9999   -9999   -9999   -9999   -9999   -9999   -9999   -9999   -9999   -9999   -9999   -9999   -9999   -9999   -9999   -9999   -9999   -9999   -9999   -9999   -9999   -9999   -9999   -9999   -9999   -9999   -9999   -9999   -9999   -9999   -9999   -9999   -9999   -9999   -9999   -9999   -9999   -9999   -9999   -9999   -9999   -9999   -9999   -9999   -9999   -9999   -9999   -9999   -9999   -9999   -9999
 -9999   -9999   -9999   -9999   -9999   -9999   -9999   -9999   -9999   -9999   -9999   1   7   1   5   4   3   2   1   2   1   1   1   2   62   1   1   8   1   3   1   2   5   2   7   10   18   1   1   36   37   1   1   1   2   3   4   5   1   1   1   191   202   205   208   215   13   1   1   3   1   1   5   3   1   1   1   8   1   1   1   1   2   1   1   1   1   275   1   1   1   1   1   1   6   1   1   1   1   1   1   4   1669   1672   1682   4   1   1   2   1   3   147   1   1   1   1   286   2   1   1   1   4   656   3   1   1   -9999   -9999   -9999   -9999   -9999   -9999   -9999   -9999   -9999   -9999   -9999   -9999   -9999   -9999   -9999   -9999   -9999   -9999   -9999   -9999   -9999   -9999   -9999   -9999   -9999   -9999   -9999   -9999   -9999   -9999   -9999   -9999   -9999   -9999   -9999   -9999   -9999   -9999   -9999   -9999   -9999   -9999   -9999   -9999   -9999   -9999   -9999   -9999   -9999   -9999   -9999   -9999   -9999   -9999   -9999   -9999   -9999   -9999   -9999   -9999   -9999   -9999   -9999
 -9999   -9999   -9999   -9999   -9999   -9999   -9999   -9999   -9999   -9999   -9999   1   3   12   12   2   1   1   3   2   1   1   3   4   68   1   1   1   10   4   2   1   1   8   1   1   1   21   1   1   1   39   41   1   2   3   1   1   1   2   3   2   1   1   1   5   218   234   237   243   246   249   255   4   3   1   1   1   9   3   1   1   1   1   1   2   1   1   279   283   286   288   1   1   1   9   1   1   3   1   3   1   1   1   2   1684   3   1   1   1   1   151   2   1   2   1   1   291   1   1   1   1   3   663   4   1   1   1   1   -9999   -9999   -9999   -9999   -9999   -9999   -9999   -9999   -9999   -9999   -9999   -9999   -9999   -9999   -9999   -9999   -9999   -9999   -9999   -9999   -9999   -9999   -9999   -9999   -9999   -9999   -9999   -9999   -9999   -9999   -9999   -9999   -9999   -9999   -9999   -9999   -9999   -9999   -9999   -9999   -9999   -9999   -9999   -9999   -9999   -9999   -9999   -9999   -9999   -9999   -9999   -9999   -9999   -9999   -9999   -9999   -9999   -9999   -9999   -9999
 -9999   -9999   -9999   -9999   -9999   -9999   -9999   -9999   -9999   -9999   -9999   1   3   4   26   1   1   3   8   2   1   1   1   1   71   1   2   1   2   17   3   2   1   11   1   3   1   1   23   1   2   1   1   43   1   2   8   1   1   1   1   1   2   3   4   1   1   1   1   2   1   1   4   267   1   2   2   11   1   1   4   6   8   11   1   1   4   1   1   1   1   3   294   297   300   312   319   1   4   1   1   1   1   1   1   1   1691   2   1   1   2   1   157   160   164   169   1   1   294   1   1   1   1   1   678   3   1   1   3   1   -9999   -9999   -9999   -9999   -9999   -9999   -9999   -9999   -9999   -9999   -9999   -9999   -9999   -9999   -9999   -9999   -9999   -9999   -9999   -9999   -9999   -9999   -9999   -9999   -9999   -9999   -9999   -9999   -9999   -9999   -9999   -9999   -9999   -9999   -9999   -9999   -9999   -9999   -9999   -9999   -9999   -9999   -9999   -9999   -9999   -9999   -9999   -9999   -9999   -9999   -9999   -9999   -9999   -9999   -9999   -9999   -9999   -9999   -9999
 -9999   -9999   -9999   -9999   -9999   -9999   -9999   -9999   -9999   -9999   -9999   1   1   2   32   1   1   4   13   4   2   1   1   4   8   80   4   1   1   1   18   24   1   2   18   1   2   1   26   4   1   2   1   1   45   46   49   60   63   1   1   1   1   1   1   1   1   1   1   1   2   3   1   4   274   278   283   12   3   1   1   1   1   2   15   1   1   5   1   1   1   1   1   1   1   2   3   327   6   1   1   2   3   1   1   2   1695   3   1   1   1   1   1   1   1   3   172   173   1   297   1   1   2   4   2   680   1   1   5   1   2   3   -9999   -9999   -9999   -9999   -9999   -9999   -9999   -9999   -9999   -9999   -9999   -9999   -9999   -9999   -9999   -9999   -9999   -9999   -9999   -9999   -9999   -9999   -9999   -9999   -9999   -9999   -9999   -9999   -9999   -9999   -9999   -9999   -9999   -9999   -9999   -9999   -9999   -9999   -9999   -9999   -9999   -9999   -9999   -9999   -9999   -9999   -9999   -9999   -9999   -9999   -9999   -9999   -9999   -9999   -9999   -9999   -9999
 -9999   -9999   -9999   -9999   -9999   -9999   -9999   -9999   -9999   -9999   -9999   -9999   1   2   35   2   1   1   18   1   2   1   1   1   2   3   85   91   3   1   1   1   25   1   4   24   3   1   1   32   5   1   2   1   1   1   1   1   2   68   1   1   2   2   5   6   9   10   12   1   1   1   1   1   1   1   2   286   303   306   3   1   1   1   2   20   1   1   7   2   1   1   1   2   1   1   1   1   330   333   1   1   6   2   1   1   1   1704   2   1   1   2   1   1   2   1   1   2   481   2   1   1   1   1   1   2   683   1   1   6   2   1   4   -9999   -9999   -9999   -9999   -9999   -9999   -9999   -9999   -9999   -9999   -9999   -9999   -9999   -9999   -9999   -9999   -9999   -9999   -9999   -9999   -9999   -9999   -9999   -9999   -9999   -9999   -9999   -9999   -9999   -9999   -9999   -9999   -9999   -9999   -9999   -9999   -9999   -9999   -9999   -9999   -9999   -9999   -9999   -9999   -9999   -9999   -9999   -9999   -9999   -9999   -9999   -9999   -9999   -9999   -9999   -9999
 -9999   -9999   -9999   -9999   -9999   -9999   -9999   -9999   -9999   -9999   -9999   -9999   1   2   42   2   1   1   21   3   2   1   1   1   1   1   1   1   98   101   1   1   27   1   1   1   30   3   1   1   40   1   3   1   2   2   1   1   1   3   71   1   3   1   1   1   1   1   2   15   17   21   1   1   1   1   1   1   1   1   309   315   1   1   1   1   24   1   1   8   3   3   1   1   4   1   1   1   1   3   339   342   355   4   1   1   1   1   1707   1   1   4   2   1   1   1   1   1   5   482   1   1   2   1   1   1   688   1   2   7   3   1   3   5   -9999   -9999   -9999   -9999   -9999   -9999   -9999   -9999   -9999   -9999   -9999   -9999   -9999   -9999   -9999   -9999   -9999   -9999   -9999   -9999   -9999   -9999   -9999   -9999   -9999   -9999   -9999   -9999   -9999   -9999   -9999   -9999   -9999   -9999   -9999   -9999   -9999   -9999   -9999   -9999   -9999   -9999   -9999   -9999   -9999   -9999   -9999   -9999   -9999   -9999   -9999   -9999   -9999   -9999   -9999
 -9999   -9999   -9999   -9999   -9999   -9999   -9999   -9999   -9999   -9999   -9999   -9999   1   2   47   5   1   1   23   4   7   3   1   1   2   1   1   1   1   3   106   29   1   1   1   1   1   35   1   1   1   47   1   2   1   4   8   9   1   1   21   95   100   109   113   116   1   1   1   1   1   24   2   1   2   1   1   1   1   1   1   6   324   327   330   356   1   3   1   1   13   1   5   1   1   5   7   2   1   1   1   1   2   358   361   1   1   1   1713   2   1   5   3   2   2   1   2   3   1   11   498   1   1   4   2   515   690   1   1   10   4   1   1   9   1   1   -9999   -9999   -9999   -9999   -9999   -9999   -9999   -9999   -9999   -9999   -9999   -9999   -9999   -9999   -9999   -9999   -9999   -9999   -9999   -9999   -9999   -9999   -9999   -9999   -9999   -9999   -9999   -9999   -9999   -9999   -9999   -9999   -9999   -9999   -9999   -9999   -9999   -9999   -9999   -9999   -9999   -9999   -9999   -9999   -9999   -9999   -9999   -9999   -9999   -9999   -9999   -9999   -9999
 -9999   -9999   -9999   -9999   -9999   -9999   -9999   -9999   -9999   -9999   -9999   -9999   1   2   1   55   1   1   25   12   3   2   1   1   1   5   8   2   1   1   2   115   149   1   1   2   1   1   38   1   1   1   52   1   1   1   1   1   11   14   2   1   1   7   2   3   122   128   3   1   1   1   29   4   1   1   2   3   1   3   4   1   1   1   1   1   360   365   1   1   1   15   23   2   1   3   4   12   3   1   1   1   1   1   3   368   372   1   1   2093   2104   4   1   3   1   4   1   1   2   7   1   501   504   510   512   1   1210   3   1   15   1   1   3   1   11   1   2   1   -9999   -9999   -9999   -9999   -9999   -9999   -9999   -9999   -9999   -9999   -9999   -9999   -9999   -9999   -9999   -9999   -9999   -9999   -9999   -9999   -9999   -9999   -9999   -9999   -9999   -9999   -9999   -9999   -9999   -9999   -9999   -9999   -9999   -9999   -9999   -9999   -9999   -9999   -9999   -9999   -9999   -9999   -9999   -9999   -9999   -9999   -9999   -9999   -9999   -9999   -9999
 -9999   -9999   -9999   -9999   -9999   -9999   -9999   -9999   -9999   -9999   -9999   -9999   -9999   -9999   1   3   58   1   1   41   1   4   3   1   1   1   1   10   3   1   5   1   1   153   156   3   165   1   41   1   1   1   2   57   1   2   2   1   1   1   1   1   6   1   1   1   1   1   141   2   1   1   1   31   39   41   6   1   1   1   1   1   1   2   1   1   1   368   2   1   1   1   1   26   1   1   1   1   16   2   1   2   1   1   1   2   2   375   377   2   1   2106   1   1   4   6   1   2   3   6   1   1   1   1   1   1   1213   1   1   1   17   1   7   12   1   2   3   2   1   -9999   -9999   -9999   -9999   -9999   -9999   -9999   -9999   -9999   -9999   -9999   -9999   -9999   -9999   -9999   -9999   -9999   -9999   -9999   -9999   -9999   -9999   -9999   -9999   -9999   -9999   -9999   -9999   -9999   -9999   -9999   -9999   -9999   -9999   -9999   -9999   -9999   -9999   -9999   -9999   -9999   -9999   -9999   -9999   -9999   -9999   -9999   -9999   -9999   -9999
 -9999   -9999   -9999   -9999   -9999   -9999   -9999   -9999   -9999   -9999   -9999   -9999   -9999   -9999   1   1   64   1   1   52   7   2   1   1   1   1   2   5   16   4   1   1   2   1   1   159   1   167   1   43   2   1   1   1   60   6   1   4   2   1   1   4   1   2   6   9   11   12   1   148   3   1   1   1   2   1   45   54   57   60   63   1   1   1   4   6   1   1   385   388   1   1   1   29   3   1   1   2   18   4   1   3   2   1   1   1   1   1   1   1   1   2116   2123   1   5   8   1   1   1   1   1   2   1   1   1   1   1   1244   2   1   1   18   1   22   3   1   1   7   1   1   -9999   -9999   -9999   -9999   -9999   -9999   -9999   -9999   -9999   -9999   -9999   -9999   -9999   -9999   -9999   -9999   -9999   -9999   -9999   -9999   -9999   -9999   -9999   -9999   -9999   -9999   -9999   -9999   -9999   -9999   -9999   -9999   -9999   -9999   -9999   -9999   -9999   -9999   -9999   -9999   -9999   -9999   -9999   -9999   -9999   -9999   -9999   -9999   -9999
 -9999   -9999   -9999   -9999   -9999   -9999   -9999   -9999   -9999   -9999   -9999   -9999   -9999   -9999   1   1   67   1   1   60   6   5   4   2   1   1   2   1   2   17   1   3   4   1   1   1   1   1   215   1   1   4   2   1   1   69   1   8   2   1   1   1   1   3   2   1   1   2   3   1   150   7   1   1   1   1   1   1   1   1   1   67   1   1   1   2   9   12   1   2   393   1   1   1   30   5   4   1   1   19   6   4   3   2   1   1   1   1   2   4   6   1   3   2126   2133   2143   2153   1   1   1   1   2   5   3   1   2   1   25   1247   1272   19   1   1   1   26   3   8   2   2   1   1   -9999   -9999   -9999   -9999   -9999   -9999   -9999   -9999   -9999   -9999   -9999   -9999   -9999   -9999   -9999   -9999   -9999   -9999   -9999   -9999   -9999   -9999   -9999   -9999   -9999   -9999   -9999   -9999   -9999   -9999   -9999   -9999   -9999   -9999   -9999   -9999   -9999   -9999   -9999   -9999   -9999   -9999   -9999   -9999   -9999   -9999   -9999   -9999
 -9999   -9999   -9999   -9999   -9999   -9999   -9999   -9999   -9999   -9999   -9999   -9999   -9999   -9999   2   1   70   1   1   62   1   3   2   1   2   1   1   1   2   22   1   1   1   5   2   3   1   2   1   268   271   278   1   2   1   81   10   1   1   1   1   1   1   1   1   2   5   9   11   13   17   176   1   1   1   2   1   1   1   1   1   7   77   1   1   1   1   1   1   1   4   400   403   408   444   1   1   6   21   1   1   7   17   1   2   2   1   2   1   1   1   2   1   1   1   1   6   2162   4   1   1   1   2   12   13   17   21   2   2   3   1274   1278   3   1   1   30   9   5   4   2   1   -9999   -9999   -9999   -9999   -9999   -9999   -9999   -9999   -9999   -9999   -9999   -9999   -9999   -9999   -9999   -9999   -9999   -9999   -9999   -9999   -9999   -9999   -9999   -9999   -9999   -9999   -9999   -9999   -9999   -9999   -9999   -9999   -9999   -9999   -9999   -9999   -9999   -9999   -9999   -9999   -9999   -9999   -9999   -9999   -9999   -9999   -9999   -9999
 -9999   -9999   -9999   -9999   -9999   -9999   -9999   -9999   -9999   -9999   -9999   -9999   -9999   -9999   3   1   1   74   1   1   70   2   1   1   3   2   1   3   1   1   24   26   2   39   40   42   47   48   49   1   1   1   282   286   1   86   4   1   1   1   3   2   1   1   1   2   3   1   1   3   2   184   2   1   1   2   4   2   1   2   4   1   1   82   85   1   1   1   1   1   1   1   1   3   1   449   452   460   485   488   490   1   1   24   5   1   4   1   1   1   1   1   1   2   3   4   1   4   2171   2   1   1   1   1   2   1   1   1   1   1   1   2   1281   1287   1290   1322   1333   1344   1   2   1   1   1   1   1   -9999   -9999   -9999   -9999   -9999   -9999   -9999   -9999   -9999   -9999   -9999   -9999   -9999   -9999   -9999   -9999   -9999   -9999   -9999   -9999   -9999   -9999   -9999   -9999   -9999   -9999   -9999   -9999   -9999   -9999   -9999   -9999   -9999   -9999   -9999   -9999   -9999   -9999   -9999   -9999   -9999   -9999   -9999   -9999
 -9999   -9999   -9999   -9999   -9999   -9999   -9999   -9999   -9999   -9999   -9999   -9999   -9999   -9999   1   5   1   77   1   1   75   3   2   1   4   1   3   4   9   1   1   2   29   1   1   1   1   6   8   9   10   1   1   1   377   2   1   2   1   1   7   10   2   2   1   1   1   1   2   1   1   3   186   1   1   4   5   1   4   1   1   2   1   1   8   95   3   1   2   1   1   1   2   1   1   1   1   1   3   1   2   523   25   1   1   7   1   2   2   2   1   3   1   1   1   2   3   1   6   2173   2   1   1   1   1   2   1   1   1   1   1   1   1   1   1   1   1   1   1350   2   1   3   1   1   3   1   1   1   1   1   1   -9999   -9999   -9999   -9999   -9999   -9999   -9999   -9999   -9999   -9999   -9999   -9999   -9999   -9999   -9999   -9999   -9999   -9999   -9999   -9999   -9999   -9999   -9999   -9999   -9999   -9999   -9999   -9999   -9999   -9999   -9999   -9999   -9999   -9999   -9999   -9999   -9999   -9999
 -9999   -9999   -9999   -9999   -9999   -9999   -9999   -9999   -9999   -9999   -9999   -9999   -9999   -9999   1   2   8   87   1   1   77   1   3   1   1   6   1   1   2   11   1   1   1   1   1   1   3   1   1   1   3   14   15   16   394   2   1   2   1   1   1   1   17   4   1   1   1   1   1   1   1   1   4   193   6   1   1   7   1   5   2   3   4   5   2   1   101   106   4   1   1   2   1   1   3   1   1   1   1   1   1   2   526   530   539   1   1   1   3   6   4   4   3   1   1   2   3   4   1   9   2190   3   2   1   1   1   3   2   2   2   2   1   1   1   1   1   1   2291   2293   3648   3656   5   2   1   1   5   3   1   1   2   3   1   2   3   -9999   -9999   -9999   -9999   -9999   -9999   -9999   -9999   -9999   -9999   -9999   -9999   -9999   -9999   -9999   -9999   -9999   -9999   -9999   -9999   -9999   -9999   -9999   -9999   -9999   -9999   -9999   -9999   -9999   -9999   -9999   -9999   -9999   -9999   -9999
 -9999   -9999   -9999   -9999   -9999   -9999   -9999   -9999   -9999   -9999   -9999   -9999   -9999   -9999   -9999   1   1   90   1   1   3   83   1   1   1   2   8   1   1   3   13   1   2   2   3   1   1   1   1   1   1   1   2   1   405   1   1   4   1   1   1   3   1   23   2   2   2   1   2   2   4   1   1   1   209   219   222   231   234   242   1   1   1   1   1   3   1   2   115   118   121   4   1   1   1   4   7   1   1   1   1   1   1   2   3   548   3   1   1   1   13   23   5   1   1   1   2   3   6   1   2   2193   2197   2200   1   1   2   4   5   2258   3   2   2269   2272   2275   2283   2290   4   1   4   1   3669   6   2   1   9   1   2   2   1   3   4   1   2   6   1   -9999   -9999   -9999   -9999   -9999   -9999   -9999   -9999   -9999   -9999   -9999   -9999   -9999   -9999   -9999   -9999   -9999   -9999   -9999   -9999   -9999   -9999   -9999   -9999   -9999   -9999   -9999   -9999   -9999   -9999   -9999   -9999   -9999
 -9999   -9999   -9999   -9999   -9999   -9999   -9999   -9999   -9999   -9999   -9999   -9999   -9999   -9999   -9999   1   95   1   1   1   1   90   2   1   1   2   13   1   3   4   1   14   18   1   3   5   1   1   2   2   1   3   4   7   1   411   6   2   1   2   1   1   1   2   27   32   3   2   3   1   2   9   12   13   2   2   1   1   1   2   247   3   1   1   1   1   1   1   1   1   1   127   137   3   1   1   1   9   3   2   1   1   1   1   1   1   549   4   1   1   1   2   27   29   2   1   1   1   1   1   1   1   1   3   2224   2231   2235   2243   2251   1   2260   2263   2   1   1   6   1   2   1   3   3   3   3678   2   10   1   1   4   3   1   5   1   5   1   2   7   2   -9999   -9999   -9999   -9999   -9999   -9999   -9999   -9999   -9999   -9999   -9999   -9999   -9999   -9999   -9999   -9999   -9999   -9999   -9999   -9999   -9999   -9999   -9999   -9999   -9999   -9999   -9999   -9999   -9999   -9999   -9999   -9999
 -9999   -9999   -9999   -9999   -9999   -9999   -9999   -9999   -9999   -9999   -9999   -9999   -9999   -9999   -9999   1   97   1   1   1   2   1   96   1   1   3   17   2   4   1   6   1   1   20   25   6   2   1   2   7   1   1   1   2   3   1   420   4   1   1   4   2   1   1   1   2   35   6   4   1   2   1   1   1   1   1   2   3   1   1   1   249   255   258   1   1   1   1   1   2   4   1   1   142   145   1   1   1   10   14   19   1   1   1   1   1   1   557   1   1   1   1   1   1   34   4   1   1   2   1   1   2   1   1   19   5   1   3   1   1   1   1   1   1   1   3   1   1   2   2   2   3   3   3695   12   2   1   5   1   5   1   6   13   1   2   3   8   3   -9999   -9999   -9999   -9999   -9999   -9999   -9999   -9999   -9999   -9999   -9999   -9999   -9999   -9999   -9999   -9999   -9999   -9999   -9999   -9999   -9999   -9999   -9999   -9999   -9999   -9999   -9999   -9999   -9999   -9999   -9999
 -9999   -9999   -9999   -9999   -9999   -9999   -9999   -9999   -9999   -9999   -9999   -9999   -9999   -9999   -9999   1   4   105   1   1   1   1   99   1   1   1   2   21   8   1   1   8   1   1   1   33   37   1   1   1   9   2   1   1   1   1   1   428   431   1   5   4   1   1   1   1   2   36   11   1   2   1   1   1   1   1   1   1   97   2   1   1   1   3   264   267   3   1   1   1   1   2   3   1   1   151   3   1   1   1   1   23   26   29   32   34   1   1   558   2   606   1   1   1   1   41   1   1   1   4   6   7   10   18   3   1   1   1   1   1   1   1   1   1   1   1   1   1   1   1   2   2   2   2   3698   3702   9   2   1   1   7   1   14   1   1   3   7   12   -9999   -9999   -9999   -9999   -9999   -9999   -9999   -9999   -9999   -9999   -9999   -9999   -9999   -9999   -9999   -9999   -9999   -9999   -9999   -9999   -9999   -9999   -9999   -9999   -9999   -9999   -9999   -9999   -9999   -9999   -9999
 -9999   -9999   -9999   -9999   -9999   -9999   -9999   -9999   -9999   -9999   -9999   -9999   -9999   -9999   1   2   1   108   1   1   3   1   102   1   2   1   1   2   24   37   47   1   1   3   1   1   4   43   2   1   65   3   1   3   3   1   1   1   3   447   10   1   2   2   1   2   3   6   37   12   1   4   71   74   76   1   89   91   1   101   1   1   1   1   1   1   268   274   1   1   1   1   1   1   1   1   152   5   3   1   1   1   1   1   1   1   37   39   41   603   1   610   1   1   1   45   2   1   1   1   2   4   7   1   1   1   1   1   1   4   1   2   2   4   1   1   1   1   1   1   1   1   1   1   1   1   3712   2   2   1   9   1   15   1   2   2   1   8   13   -9999   -9999   -9999   -9999   -9999   -9999   -9999   -9999   -9999   -9999   -9999   -9999   -9999   -9999   -9999   -9999   -9999   -9999   -9999   -9999   -9999   -9999   -9999   -9999   -9999   -9999   -9999   -9999   -9999   -9999
 -9999   -9999   -9999   -9999   -9999   -9999   -9999   -9999   -9999   -9999   -9999   -9999   -9999   -9999   1   1   1   112   1   1   2   4   104   1   4   1   1   1   2   1   6   58   60   5   1   1   1   1   47   51   2   67   73   75   82   1   1   1   1   1   450   453   458   1   2   1   1   1   8   46   61   64   1   1   5   84   1   1   1   4   108   1   1   1   1   1   1   1   277   279   2   1   3   7   10   13   167   173   1   3   1   1   1   1   1   1   1   1   1   1   1   1   853   2   1   1   46   4   1   1   1   1   1   1   2   3   10   12   16   18   24   1   3   7   3   1   2   1   3   1   1   1   1   1   1   1   1   3713   6   1   11   1   16   2   3   1   3   13   23618   2   -9999   -9999   -9999   -9999   -9999   -9999   -9999   -9999   -9999   -9999   -9999   -9999   -9999   -9999   -9999   -9999   -9999   -9999   -9999   -9999   -9999   -9999   -9999   -9999   -9999   -9999   -9999   -9999   -9999
 -9999   -9999   -9999   -9999   -9999   -9999   -9999   -9999   -9999   -9999   -9999   -9999   -9999   -9999   1   2   2   1   117   1   1   112   6   5   3   1   1   2   4   5   1   2   1   73   3   1   1   1   1   1   1   1   1   1   1   89   2   1   1   1   1   1   1   462   4   1   2   1   1   1   1   1   1   1   3   1   1   1   1   1   5   126   128   2   1   3   144   1   1   1   280   478   1   1   1   1   1   1   178   183   186   3   1   1   205   208   210   1   1   1   233   236   2   856   862   865   916   1   2   1   1   1   1   2   4   5   1   2   1   2   27   1   2   4   8   5   3   2   4   2   2   1   2   3   4958   4961   4963   1   8702   8714   8737   1   17   8779   5   1   1   23602   1   1   -9999   -9999   -9999   -9999   -9999   -9999   -9999   -9999   -9999   -9999   -9999   -9999   -9999   -9999   -9999   -9999   -9999   -9999   -9999   -9999   -9999   -9999   -9999   -9999   -9999   -9999   -9999   -9999   -9999
 -9999   -9999   -9999   -9999   -9999   -9999   -9999   -9999   -9999   -9999   -9999   -9999   -9999   -9999   1   3   9   10   19   137   1   263   1   6   2   1   1   1   2   4   1   1   2   1   84   2   1   1   1   1   1   1   1   1   1   1   91   3   1   1   1   1   1   1   599   606   610   616   3   1   1   1   1   2   1   2   3   1   3   4   10   1   1   134   137   139   1   175   182   185   191   3   480   485   487   489   491   1   1   1   1   189   195   202   1   1   3   216   224   231   1   2   1   2   4   1   7   927   933   938   1   2   1   1   1   1   1   1   1   1   1   29   33   1   13   4875   4881   4911   4917   4925   1   1   4942   4956   1   1   14   4988   3   1   9   8749   8770   1   8784   8787   8790   1   14796   1   -9999   -9999   -9999   -9999   -9999   -9999   -9999   -9999   -9999   -9999   -9999   -9999   -9999   -9999   -9999   -9999   -9999   -9999   -9999   -9999   -9999   -9999   -9999   -9999   -9999   -9999   -9999   -9999   -9999
 -9999   -9999   -9999   -9999   -9999   -9999   -9999   -9999   -9999   -9999   -9999   -9999   -9999   1   2   3   1   7   1   4   144   1   271   1   1   3   1   1   1   2   7   8   9   10   1   94   4   1   2   1   6   8   11   2   1   1   1   114   120   123   126   129   134   135   1   1   1   1   627   630   1   1   2   1   1   1   2   6   7   9   1   1   1   1   1   1   1   27   5   1   5   2   1   4   1   1   1   534   535   1   1   1   1   3   1   1   1   1   6   3   1   1   1   3   2   5   1   2   3   1   941   1   2   1   1   3   1   3   1   1   2   3   1   35   4855   1   2   27   1   2   4934   4938   6   1   2   1   12   9   2   1   7   11   2   1   4   1   1   1   14794   2   -9999   -9999   -9999   -9999   -9999   -9999   -9999   -9999   -9999   -9999   -9999   -9999   -9999   -9999   -9999   -9999   -9999   -9999   -9999   -9999   -9999   -9999   -9999   -9999   -9999   -9999   -9999   -9999   -9999
 -9999   -9999   -9999   -9999   -9999   -9999   -9999   -9999   -9999   -9999   -9999   -9999   -9999   -9999   1   3   5   1   2   1   1   3   277   287   4   1   1   1   1   1   2   3   4   5   6   2   102   1   1   3   1   1   1   12   17   18   20   1   1   1   1   1   3   2   4   6   8   9   1   6   639   1   1   4   1   2   1   1   1   1   2   11   13   14   1   24   26   3   1   2   2   1   3   2   3   39   41   1   1   549   1   1   1   1   1   1   2   4   1   1   1   1   2   1   1   1   1   1   1   1   943   1609   1   1   3   1637   1640   1644   4   1   1   2   7   4853   1   1   1   26   1   2   6   2   4   1   1   11   2   6   1   6   6   2   2   1   3   1   3   14790   1   1   1   -9999   -9999   -9999   -9999   -9999   -9999   -9999   -9999   -9999   -9999   -9999   -9999   -9999   -9999   -9999   -9999   -9999   -9999   -9999   -9999   -9999   -9999   -9999   -9999   -9999   -9999   -9999   -9999
 -9999   -9999   -9999   -9999   -9999   -9999   -9999   -9999   -9999   -9999   -9999   -9999   -9999   -9999   1   1   -9999   -9999   -9999   -9999   1   1   1   3   293   2   1   1   2   1   1   1   2   1   1   1   3   104   1   1   1   2   3   1   1   1   1   2   3   4   1   1   1   1   1   1   1   2   5   1   2   649   6   1   1   2   3   2   4   5   7   1   4   5   22   1   1   1   1   1   1   2   1   1   34   1   1   5   8   2   555   3   1   1   1   1   1   1   2   1   1   1   1   2   3   4   5   6   1   1   660   1   1615   2   1629   1   1   1   1650   1   1   1   4811   1   5   1   1   8   16   1   5   1   1   2   10   1   4   1   5   2   3   1   1   1   1   1   1   14784   10   7   5   -9999   -9999   -9999   -9999   -9999   -9999   -9999   -9999   -9999   -9999   -9999   -9999   -9999   -9999   -9999   -9999   -9999   -9999   -9999   -9999   -9999   -9999   -9999   -9999   -9999   -9999   -9999   -9999
 -9999   -9999   -9999   -9999   -9999   -9999   -9999   -9999   -9999   -9999   -9999   -9999   -9999   -9999   -9999   -9999   -9999   -9999   -9999   -9999   -9999   -9999   1   1   2   296   1   2   1   3   2   2   3   7   1   1   1   40   147   150   154   1   1   4   1   2   1   1   1   3   10   11   1   1   1   1   1   1   1   3   5   1   650   664   1   6   1   1   1   1   1   2   1   2   1   2   3   1   1   1   1   1   1   1   32   1   1   3   2   1   2   558   567   3   1   2   1   1   1   4   1   4   1   1   1   1   1   1   9   656   2   1   5   1623   3   1   1   1   4754   4757   4763   4769   1   33   2   1   1   6   15   1   2   1   1   8   1   3   3   4   1   1   1   1   1   1   1   1   1   14772   2   2   1   4   -9999   -9999   -9999   -9999   -9999   -9999   -9999   -9999   -9999   -9999   -9999   -9999   -9999   -9999   -9999   -9999   -9999   -9999   -9999   -9999   -9999   -9999   -9999   -9999   -9999   -9999   -9999
 -9999   -9999   -9999   -9999   -9999   -9999   -9999   -9999   -9999   -9999   -9999   -9999   -9999   -9999   -9999   -9999   -9999   -9999   -9999   -9999   -9999   -9999   -9999   1   1   301   3   1   1   3   11   1   15   16   29   32   34   1   1   1   2   159   161   6   1   1   4   7   1   1   1   1   19   3   1   2   1   1   1   1   1   3   5   1   671   679   682   3   1   1   1   1   1   2   3   1   2   6   8   10   14   2   1   25   4   1   1   1   1   1   1   1   4   573   576   581   3   1   1   2   5   1   5   2   627   1   635   1   655   1   1   2   1   7   1   1   1   3099   3   1   4   2   1   31   1   1   4   1   7   7   1   2   6   1   2   2   1   2   3   4   1   1   2   3   2   1   14763   5   1   1   1   1   2   -9999   -9999   -9999   -9999   -9999   -9999   -9999   -9999   -9999   -9999   -9999   -9999   -9999   -9999   -9999   -9999   -9999   -9999   -9999   -9999   -9999   -9999   -9999   -9999   -9999   -9999
 -9999   -9999   -9999   -9999   -9999   -9999   -9999   -9999   -9999   -9999   -9999   -9999   -9999   -9999   -9999   -9999   -9999   -9999   -9999   -9999   -9999   -9999   -9999   1   1   305   2   1   1   2   1   13   2   5   1   1   1   5   7   1   1   1   1   169   4   1   1   1   8   1   2   4   1   22   27   30   3   1   1   1   1   1   1   2   2   1   1   687   698   4   1   1   2   1   1   4   1   1   1   1   1   20   23   1   1   1   1   1   1   1   2   3   1   4   1   2   584   590   593   601   1   2   6   622   2   632   2   641   1   1   1   1   4   6   1   1   3097   2   1   1   3   1   17   1   12   2   1   5   1   6   1   1   2   1   1   1   2   1   1   1   6   1   2   6   14726   14729   32   18   3   2   1   1   1   -9999   -9999   -9999   -9999   -9999   -9999   -9999   -9999   -9999   -9999   -9999   -9999   -9999   -9999   -9999   -9999   -9999   -9999   -9999   -9999   -9999   -9999   -9999   -9999   -9999   -9999
 -9999   -9999   -9999   -9999   -9999   -9999   -9999   -9999   -9999   -9999   -9999   -9999   -9999   -9999   -9999   -9999   -9999   -9999   -9999   -9999   -9999   -9999   -9999   -9999   2   310   2   1   1   1   1   1   1   1   1   2   3   1   1   10   1   1   1   2   176   1   1   1   10   1   1   1   2   1   1   1   31   36   3   1   1   1   1   1   1   2   4   1   1   699   2   1   1   3   725   733   735   3   1   1   1   1   1   1   1   1   1   4   1   1   1   1   2   1   1   1   1   1   1   2   606   608   621   3   1   1   1   2   1   1   1   2   1   1   1   2   3091   1   1   1   1   4   12   3   8   1   3   1   2   3   1   1   1   1   1   1   2   5   8   2   7   1   4   14723   2   1   2   11   17   5   4   2   1   -9999   -9999   -9999   -9999   -9999   -9999   -9999   -9999   -9999   -9999   -9999   -9999   -9999   -9999   -9999   -9999   -9999   -9999   -9999   -9999   -9999   -9999   -9999   -9999   -9999   -9999
 -9999   -9999   -9999   -9999   -9999   -9999   -9999   -9999   -9999   -9999   -9999   -9999   -9999   -9999   -9999   -9999   -9999   -9999   -9999   -9999   -9999   -9999   -9999   -9999   1   316   2   2   1   1   3   1   1   2   5   1   1   2   3   7   20   22   1   1   2   181   184   186   11   2   2   1   1   1   3   2   1   37   1   5   2   4   6   1   1   1   1   1   4   6   709   714   717   722   2   1   1   755   3   1   1   1   769   2   2   779   781   5   2160   3   1   1   1   1   1   1   1   1   1   1   1   1   1   1   1   1   1   1   2   1   2   1   1   1   2   3088   1   1   1   1   3   4   7   2   5   2   2   1   1   1   1   3   1   4   2   1   1   1   1   14627   14636   14639   14713   1   1   1   1   2   8   11   6   4   1   -9999   -9999   -9999   -9999   -9999   -9999   -9999   -9999   -9999   -9999   -9999   -9999   -9999   -9999   -9999   -9999   -9999   -9999   -9999   -9999   -9999   -9999   -9999   -9999   -9999   -9999
 -9999   -9999   -9999   -9999   -9999   -9999   -9999   -9999   -9999   -9999   -9999   -9999   -9999   -9999   -9999   -9999   -9999   -9999   -9999   -9999   -9999   -9999   -9999   -9999   1   1   325   5   1   1   6   2   1   2   3   10   1   1   2   1   1   1   26   27   1   1   1   84   286   1   1   4   6   310   315   319   321   359   366   1   1   1   1   9   11   1   1   1   1   1   1   3   1   1   1   1   1   12   759   762   765   767   1   771   774   1   1365   2156   2   2162   2220   2223   2226   2234   2245   2248   1   1   3   1   1   1   1   2   1   3   1   1   2   3   3001   3007   3010   3063   3079   1   4   3   1   1   3   2   4   1   4   1   1   1   1   1   1   1   4   1   5   4   1   2   14616   3   1   1   2   66   1   1   1   1   7   1   3   1   2   -9999   -9999   -9999   -9999   -9999   -9999   -9999   -9999   -9999   -9999   -9999   -9999   -9999   -9999   -9999   -9999   -9999   -9999   -9999   -9999   -9999   -9999   -9999   -9999   -9999   -9999
 -9999   -9999   -9999   -9999   -9999   -9999   -9999   -9999   -9999   -9999   -9999   -9999   -9999   -9999   -9999   -9999   -9999   -9999   -9999   -9999   -9999   -9999   -9999   -9999   -9999   1   2   331   1   1   1   9   1   2   1   4   16   19   21   1   1   1   1   41   71   1   83   1   1   291   296   299   308   1   1   1   1   1   1   367   411   2   1   1   1   14   1   1   1   1   1   1   1   1   1   6   11   2   1   1   1   1   1   1   2   1364   3   1   1   1   53   1   1   6   9   2   2253   2729   2730   2737   1   2   1   1   3   7   8   10   1   2997   3   1   1   51   1   11   10   4   1   2   1   2   1   1   1   1   1   1   2   2   3   1   6   1   2   12   2   1   14608   4   2   1   1   64   2   2   1   1   3   3   2   2   1   -9999   -9999   -9999   -9999   -9999   -9999   -9999   -9999   -9999   -9999   -9999   -9999   -9999   -9999   -9999   -9999   -9999   -9999   -9999   -9999   -9999   -9999   -9999   -9999   -9999   -9999
 -9999   -9999   -9999   -9999   -9999   -9999   -9999   -9999   -9999   -9999   -9999   -9999   -9999   -9999   -9999   -9999   -9999   -9999   -9999   -9999   -9999   -9999   -9999   -9999   -9999   1   1   4   333   1   1   11   1   1   2   1   1   1   2   26   28   30   38   1   1   77   81   1   1   3   2   2   1   3   25   29   33   36   39   41   2   417   429   431   436   452   455   458   461   464   468   1   1   1   4   2   1   1   1   1   1   550   553   554   1360   1   1   1   45   51   1   1   5   7   1   1   1   474   1   1   2827   2831   2836   1   1   1   1   1   2991   2   1   1   12   25   13   4   5   1   1   1   1   10   11   1   1   1   1   2   2   3   6   2   8   1   1   1   14100   14103   500   17   3   1   1   2   57   46   42   1   1   2   1   1   1   -9999   -9999   -9999   -9999   -9999   -9999   -9999   -9999   -9999   -9999   -9999   -9999   -9999   -9999   -9999   -9999   -9999   -9999   -9999   -9999   -9999   -9999   -9999   -9999   -9999   -9999
 -9999   -9999   -9999   -9999   -9999   -9999   -9999   -9999   -9999   -9999   -9999   -9999   -9999   -9999   -9999   -9999   -9999   -9999   -9999   -9999   -9999   -9999   -9999   -9999   -9999   1   1   1   3   339   1   13   1   1   1   1   1   1   1   1   1   4   1   2   3   2   1   1   1   1   1   1   1   1   21   3   2   1   1   1   1   1   10   2   1   1   1   1   1   1   1   470   474   1   1   1   1   1   1   544   546   1   1   1   804   1   1   43   1   1   4   1   2   5   1   1   2   471   1   84   3   1   1   2845   1   2963   2966   2970   7   1   1   2   11   24   8   2   1   4   1   2   9   1   4   16   3   1   2   2   3   3   10   68   78   2   1   14082   2   1   482   1   16   2   1   2   8   1   2   36   28   3   2   1   1   -9999   -9999   -9999   -9999   -9999   -9999   -9999   -9999   -9999   -9999   -9999   -9999   -9999   -9999   -9999   -9999   -9999   -9999   -9999   -9999   -9999   -9999   -9999   -9999   -9999   -9999
 -9999   -9999   -9999   -9999   -9999   -9999   -9999   -9999   -9999   -9999   -9999   -9999   -9999   -9999   -9999   -9999   -9999   -9999   -9999   -9999   -9999   -9999   -9999   -9999   -9999   2   1   1   1   2   356   1   2   1   3   3   1   1   1   1   1   1   1   1   1   1   1   6   8   13   14   16   19   20   1   1   1   1   2   3   5   7   2   1   1   1   1   1   2   3   1   1   1   476   478   1   1   536   541   1   1   1   2   800   1   1   1   1   39   1   2   1   3   1   1   1   468   2   1   82   1   1   2   7   2961   1   1   2   3   2   1   6   2   23   6   1   1   3   1   4   2   2   1   3   23   1   2   5   46   51   53   2   1   80   14078   2   1   1   480   1   4   11   1   1   2   5   1   3   3   24   22   5   1   -9999   -9999   -9999   -9999   -9999   -9999   -9999   -9999   -9999   -9999   -9999   -9999   -9999   -9999   -9999   -9999   -9999   -9999   -9999   -9999   -9999   -9999   -9999   -9999   -9999   -9999
 -9999   -9999   -9999   -9999   -9999   -9999   -9999   -9999   -9999   -9999   -9999   -9999   -9999   -9999   -9999   -9999   -9999   -9999   -9999   -9999   -9999   -9999   -9999   -9999   -9999   1   4   6   1   1   4   362   4   1   4   1   5   3   1   2   1   1   1   1   2   3   4   1   3   1   1   1   1   1   2   1   1   1   1   1   1   1   1   1   4   7   1   1   1   1   5   1   1   1   36   516   530   2   1   1   1   1   798   1   1   1   31   36   2   1   1   2   1   1   1   2   466   1   1   81   1   1   1   3   35   78   1   1   2   1   4   1   1   22   2   3   1   1   1   1   1   1   1   1   3   28   32   34   1   1   1   1   1   1   13994   1   1   3   478   1   1   2   10   1   1   2   2   2   2   1   5   11   2   -9999   -9999   -9999   -9999   -9999   -9999   -9999   -9999   -9999   -9999   -9999   -9999   -9999   -9999   -9999   -9999   -9999   -9999   -9999   -9999   -9999   -9999   -9999   -9999   -9999   -9999
 -9999   -9999   -9999   -9999   -9999   -9999   -9999   -9999   -9999   -9999   -9999   -9999   -9999   -9999   -9999   -9999   -9999   -9999   -9999   -9999   -9999   -9999   -9999   -9999   -9999   1   3   5   7   1   1   2   367   379   1   2   1   10   1   5   3   1   1   2   1   1   1   1   1   1   1   1   1   1   1   3   561   564   567   2   1   1   1   1   1   1   13   1   2   20   22   30   33   35   5   529   6   1   1   1   3   793   1   1   1   29   3   1   1   1   9   1   1   3   457   463   1   1   1   78   1   1   2   34   1   76   2   1   1   2   1   1   2   19   1   2   1   1   1   1   1   1   1   1   1   1   1   1   1   1   1   1   1   2   13991   1   1   1   473   1   1   1   3   5   1   1   1   1   1   3   1   10   1   -9999   -9999   -9999   -9999   -9999   -9999   -9999   -9999   -9999   -9999   -9999   -9999   -9999   -9999   -9999   -9999   -9999   -9999   -9999   -9999   -9999   -9999   -9999   -9999   -9999   -9999
 -9999   -9999   -9999   -9999   -9999   -9999   -9999   -9999   -9999   -9999   -9999   -9999   -9999   -9999   -9999   -9999   -9999   -9999   -9999   -9999   -9999   -9999   -9999   -9999   -9999   1   1   1   7   15   1   1   1   1   383   1   1   1   12   1   7   6   1   1   3   4   1   1   1   1   2   2   538   547   551   554   1   1   1   574   579   582   687   692   1   1   1   14   15   1   1   1   1   1   4   1   4   1   1   3   785   1   1   17   24   3   1   1   6   7   1   12   447   449   3   1   1   1   1   75   1   1   33   1   13   72   1   1   1   2   5   9   16   2   1   1   1   3   67   3   1   1   2   2   1   1   1   1   1   3   1   2   2   1   13987   1   1   1   470   464   1   1   1   1   3   2   1   1   2   1   5   3   1   -9999   -9999   -9999   -9999   -9999   -9999   -9999   -9999   -9999   -9999   -9999   -9999   -9999   -9999   -9999   -9999   -9999   -9999   -9999   -9999   -9999   -9999   -9999   -9999   -9999   -9999
 -9999   -9999   -9999   -9999   -9999   -9999   -9999   -9999   -9999   -9999   -9999   -9999   -9999   -9999   -9999   -9999   -9999   -9999   -9999   -9999   -9999   -9999   1   1   1   1   1   2   3   4   20   21   22   23   410   2   1   1   1   13   1   14   2   493   503   1   2   1   2   523   531   535   6   1   2   1   1   1   5   1   1   1   103   2   695   2   1   1   1   1   1   1   2   3   1   2   1   1   1   783   2   1   15   1   6   1   1   5   1   3   1   445   2   1   1   1   1   65   73   4   1   30   1   11   1   1   55   1   1   2   3   4   2   1   1   1   56   58   1   79   81   1   4   100   103   1   1   2   3   4   2   1   5   13982   160   3   1   1   1   2   461   1   1   1   2   1   1   1   1   2   1   2   -9999   -9999   -9999   -9999   -9999   -9999   -9999   -9999   -9999   -9999   -9999   -9999   -9999   -9999   -9999   -9999   -9999   -9999   -9999   -9999   -9999   -9999   -9999   -9999   -9999   -9999   -9999
 -9999   -9999   -9999   -9999   -9999   -9999   -9999   -9999   -9999   -9999   -9999   -9999   -9999   -9999   -9999   -9999   -9999   -9999   -9999   -9999   -9999   1   1   4   1   2   1   1   1   1   1   1   2   3   1   424   429   432   1   14   469   485   487   2   1   506   510   516   520   4   1   1   4   1   1   1   2   3   1   1   1   101   1   1   2   698   703   706   713   1   1   2   1   2   1   2   3   1   2   776   1   1   14   4   1   2   4   1   1   1   426   3   1   1   1   2   60   2   2   1   1   29   2   8   1   1   52   1   1   2   3   1   1   2   1   53   1   1   1   10   6   90   92   1   1   106   1   1   6   11   14   13810   13820   1   1   158   2   1   1   1   458   1   3   3   1   2   1   2   1   1   1   -9999   -9999   -9999   -9999   -9999   -9999   -9999   -9999   -9999   -9999   -9999   -9999   -9999   -9999   -9999   -9999   -9999   -9999   -9999   -9999   -9999   -9999   -9999   -9999   -9999   -9999   -9999   -9999
 -9999   -9999   -9999   -9999   -9999   -9999   -9999   -9999   -9999   -9999   -9999   -9999   -9999   -9999   -9999   -9999   -9999   -9999   -9999   -9999   1   1   3   9   4   2   1   1   3   1   3   5   6   10   11   12   1   9   448   467   3   1   1   1   1   1   1   4   1   2   1   3   2   1   1   1   2   1   1   93   95   4   1   1   1   1   1   1   3   715   4   1   1   1   3   1   1   5   768   3   1   1   12   3   1   1   5   6   8   1   421   2   1   1   3   54   3   1   1   1   28   1   5   2   1   46   3   1   1   2   2   3   4   1   49   4   1   1   9   4   1   1   1   1   3   381   384   387   388   1   13794   2   1   2   1   1   153   1   1   1   1   453   450   8   3   1   4   1   3   1   1   -9999   -9999   -9999   -9999   -9999   -9999   -9999   -9999   -9999   -9999   -9999   -9999   -9999   -9999   -9999   -9999   -9999   -9999   -9999   -9999   -9999   -9999   -9999   -9999   -9999   -9999   -9999   -9999
 -9999   -9999   -9999   -9999   -9999   -9999   -9999   -9999   -9999   -9999   -9999   -9999   -9999   -9999   -9999   -9999   -9999   -9999   -9999   2   1   1   1   2   16   4   1   1   5   1   1   2   3   1   2   6   8   2   3   1   1   1   1   2   3   1   2   1   1   1   2   1   1   4   6   8   1   5   88   1   1   1   1   1   1   2   1   1   1   1   718   726   730   732   1   750   753   757   1   4   2   1   10   2   1   4   1   2   1   10   417   1   1   1   1   49   1   1   1   24   2   1   3   1   1   43   1   1   1   1   1   2   3   41   1   1   1   7   2   1   1   2   3   1   270   1   1   1   1   13787   2   4   1   1   1   1   121   30   2   1   1   1   2   436   117   5   8   6   2   2   1   1   -9999   -9999   -9999   -9999   -9999   -9999   -9999   -9999   -9999   -9999   -9999   -9999   -9999   -9999   -9999   -9999   -9999   -9999   -9999   -9999   -9999   -9999   -9999   -9999   -9999   -9999   -9999
 -9999   -9999   -9999   -9999   -9999   -9999   -9999   -9999   -9999   -9999   -9999   -9999   -9999   -9999   -9999   -9999   -9999   -9999   -9999   3   2   2   1   2   19   40   44   1   6   2   1   1   1   1   2   1   1   1   1   1   2   3   1   2   4   9   11   13   1   1   1   1   1   1   1   1   9   80   1   1   1   2   6   7   13   15   19   1   1   1   1   2   2   3   745   3   1   1   2   3   1   1   8   1   2   1   1   1   3   414   2   1   1   1   5   42   1   1   20   2   1   2   1   1   1   40   1   1   1   1   2   3   23   31   1   1   5   1   1   1   1   1   1   265   3   1   1   1   13395   5   2   1   3   1   1   117   2   20   6   2   1   1   2   318   1   110   1   1   1   4   1   2   1   1   -9999   -9999   -9999   -9999   -9999   -9999   -9999   -9999   -9999   -9999   -9999   -9999   -9999   -9999   -9999   -9999   -9999   -9999   -9999   -9999   -9999   -9999   -9999   -9999   -9999
 -9999   -9999   -9999   -9999   -9999   -9999   -9999   -9999   -9999   -9999   -9999   -9999   -9999   -9999   -9999   -9999   -9999   -9999   -9999   1   5   10   13   16   2   21   66   7   1   1   3   2   2   2   3   1   1   1   1   1   1   2   6   1   1   1   1   1   15   37   43   46   49   52   60   65   78   1   1   1   2   3   1   4   1   2   4   26   1   1   1   1   1   1   5   1   1   1   1   1   1   2   5   1   1   1   2   391   400   2   1   1   1   3   40   1   1   2   16   1   1   1   1   3   37   1   1   4   7   12   15   19   3   2   1   2   1   1   2   1   2   2   253   7   1   1   1   13388   3   2   2   1   2   1   3   114   1   1   19   3   1   1   2   314   1   2   98   96   92   87   81   2   2   2   1   -9999   -9999   -9999   -9999   -9999   -9999   -9999   -9999   -9999   -9999   -9999   -9999   -9999   -9999   -9999   -9999   -9999   -9999   -9999   -9999   -9999   -9999   -9999   -9999
 -9999   -9999   -9999   -9999   -9999   -9999   -9999   -9999   -9999   -9999   -9999   -9999   -9999   -9999   -9999   -9999   -9999   -9999   -9999   -9999   2   1   2   1   17   1   1   79   2   1   1   4   3   3   4   9   13   16   2   1   1   2   3   10   11   12   15   17   20   2   1   1   1   1   6   3   1   1   1   1   1   1   1   1   1   1   1   2   29   1   1   1   2   3   1   1   2   1   1   2   3   4   1   1   1   4   388   6   2   1   1   1   2   33   6   1   3   14   1   3   1   1   3   29   1   1   3   1   3   1   1   3   2   1   1   1   1   1   1   3   247   251   3   1   1   2   3   13381   1   1   1   1   1   1   111   2   1   1   15   2   1   1   1   310   1   1   1   2   3   1   5   70   68   1   1   -9999   -9999   -9999   -9999   -9999   -9999   -9999   -9999   -9999   -9999   -9999   -9999   -9999   -9999   -9999   -9999   -9999   -9999   -9999   -9999   -9999   -9999   -9999   -9999
 -9999   -9999   -9999   -9999   -9999   -9999   -9999   -9999   -9999   -9999   -9999   -9999   -9999   -9999   -9999   -9999   -9999   -9999   -9999   -9999   1   2   3   15   1   1   3   1   84   1   1   6   4   1   1   1   1   2   22   2   1   1   1   1   1   2   1   1   1   1   1   2   3   4   1   1   1   1   1   2   2   2   2   1   1   1   1   1   33   2   2   1   1   1   1   2   1   3   2   3   1   1   1   2   2   379   1   4   1   1   1   5   29   1   5   1   1   9   2   4   9   19   26   1   2   1   1   1   1   1   2   1   1   1   1   1   2   3   233   243   3   1   1   1   1   1   2   1   13373   2   1   1   1   1   104   2   1   1   12   1   1   1   3   307   295   1   1   1   2   1   3   1   56   6   4   1   -9999   -9999   -9999   -9999   -9999   -9999   -9999   -9999   -9999   -9999   -9999   -9999   -9999   -9999   -9999   -9999   -9999   -9999   -9999   -9999   -9999   -9999   -9999
 -9999   -9999   -9999   -9999   -9999   -9999   -9999   -9999   -9999   -9999   -9999   -9999   -9999   -9999   -9999   -9999   -9999   -9999   -9999   -9999   1   1   3   11   1   1   1   1   6   94   1   1   14   1   1   1   1   1   1   26   32   34   1   2   4   1   1   1   1   1   2   3   5   7   9   1   1   1   2   2   5   3   1   3   2   3   2   1   1   227   231   237   3   1   1   1   5   1   4   1   4   2   3   362   371   3   2   1   2   1   3   20   1   2   4   2   8   1   3   3   7   1   1   1   1   1   1   1   1   1   1   1   1   2   208   211   217   227   1   3   1   1   1   1   1   2   3   1   13369   4   3   1   1   100   1   1   1   1   8   2   1   1   1   7   1   293   1   1   1   1   2   1   2   52   1   2   -9999   -9999   -9999   -9999   -9999   -9999   -9999   -9999   -9999   -9999   -9999   -9999   -9999   -9999   -9999   -9999   -9999   -9999   -9999   -9999   -9999   -9999   -9999
 -9999   -9999   -9999   -9999   -9999   -9999   -9999   -9999   -9999   -9999   -9999   -9999   -9999   -9999   -9999   -9999   -9999   -9999   -9999   -9999   -9999   1   2   5   1   1   2   4   1   97   1   1   15   2   1   2   1   1   2   1   1   1   36   38   39   44   46   50   1   1   1   1   1   1   1   11   1   3   1   3   8   4   1   2   4   177   181   184   187   3   1   1   243   3   1   1   1   6   303   1   315   347   354   2   1   2   2   1   1   1   18   1   1   3   1   3   2   2   2   1   1   1   1   1   1   1   2   3   153   157   160   164   167   202   1   1   3   9   3   1   1   1   1   3   1   1   1   5   13363   3   2   1   1   3   92   2   1   1   1   5   1   1   3   5   1   106   184   182   1   1   1   1   2   50   2   1   1   -9999   -9999   -9999   -9999   -9999   -9999   -9999   -9999   -9999   -9999   -9999   -9999   -9999   -9999   -9999   -9999   -9999   -9999   -9999   -9999   -9999   -9999
 -9999   -9999   -9999   -9999   -9999   -9999   -9999   -9999   -9999   -9999   -9999   -9999   -9999   -9999   -9999   -9999   -9999   -9999   -9999   -9999   -9999   1   1   1   1   1   2   3   4   9   98   2   139   147   4   2   1   1   1   1   2   3   4   5   10   11   14   17   70   3   1   1   1   1   1   108   112   1   126   138   1   5   1   4   166   1   1   1   2   1   1   1   1   273   276   281   289   297   2   309   16   13   5   1   1   1   1   1   1   16   1   1   2   1   2   1   1   1   1   1   1   1   2   116   120   139   143   147   1   2   1   2   1   1   33   2   4   1   1   1   1   2   1   5   2   1   2   13359   18   17   2   1   1   1   89   1   1   1   1   1   2   1   1   4   105   1   1   1   177   1   1   1   2   45   3   2   1   -9999   -9999   -9999   -9999   -9999   -9999   -9999   -9999   -9999   -9999   -9999   -9999   -9999   -9999   -9999   -9999   -9999   -9999   -9999   -9999   -9999   -9999
 -9999   -9999   -9999   -9999   -9999   -9999   -9999   -9999   -9999   -9999   -9999   -9999   -9999   -9999   -9999   -9999   -9999   -9999   -9999   -9999   -9999   -9999   1   1   2   1   2   3   4   7   19   120   1   1   150   155   1   1   2   4   1   2   3   4   1   2   1   1   1   77   83   86   89   92   94   2   1   119   1   1   146   153   156   159   1   1   1   1   1   2   1   1   26   3   1   3   6   1   1   2   5   10   12   4   1   1   1   2   14   1   1   1   1   1   2   3   1   1   1   2   103   107   111   1   2   17   1   2   1   1   1   1   22   31   1   1   2   1   1   2   2   3   1   7   1   4   12562   1   770   1   14   2   1   1   2   83   63   2   2   1   1   1   3   1   98   1   1   1   174   4   1   1   2   39   17   4   3   -9999   -9999   -9999   -9999   -9999   -9999   -9999   -9999   -9999   -9999   -9999   -9999   -9999   -9999   -9999   -9999   -9999   -9999   -9999   -9999   -9999   -9999
 -9999   -9999   -9999   -9999   -9999   -9999   -9999   -9999   -9999   -9999   -9999   -9999   -9999   -9999   -9999   -9999   -9999   -9999   -9999   -9999   -9999   -9999   -9999   2   4   3   4   5   6   1   1   1   1   1   1   2   158   1   1   2   7   1   2   21   22   23   1   2   3   3   1   1   1   1   1   1   1   1   3   2   3   1   1   1   1   8   10   1   15   18   22   24   1   1   1   1   3   2   1   4   7   2   10   1   2   1   3   9   1   1   4   2   1   3   1   1   4   2   2   100   1   2   1   2   1   1   15   1   1   1   2   18   2   1   7   1   1   2   3   4   7   33   1   2   11   12561   1   1   768   2   1   11   1   1   1   18   1   57   1   1   1   1   2   4   95   3   1   1   168   1   1   1   2   1   16   12   2   2   -9999   -9999   -9999   -9999   -9999   -9999   -9999   -9999   -9999   -9999   -9999   -9999   -9999   -9999   -9999   -9999   -9999   -9999   -9999   -9999   -9999
 -9999   -9999   -9999   -9999   -9999   -9999   -9999   -9999   -9999   -9999   -9999   -9999   -9999   -9999   -9999   -9999   -9999   -9999   -9999   -9999   -9999   -9999   -9999   1   2   7   8   9   10   1   2   1   1   1   1   1   163   1   1   1   2   10   18   1   1   1   24   1   2   1   1   1   1   1   1   2   1   2   1   2   1   3   4   5   7   1   2   13   2   1   1   1   1   1   1   1   1   1   3   2   4   1   1   8   1   1   3   2   1   2   24   7   1   1   4   2   2   7   88   5   1   1   1   1   2   14   2   5   7   10   14   1   1   4   2   1   1   1   1   2   20   2   36   38   12543   1   1   1   764   2   1   9   2   1   1   16   1   3   50   2   1   1   1   5   1   81   1   1   165   2   1   1   1   10   4   1   9   1   1   -9999   -9999   -9999   -9999   -9999   -9999   -9999   -9999   -9999   -9999   -9999   -9999   -9999   -9999   -9999   -9999   -9999   -9999   -9999   -9999
 -9999   -9999   -9999   -9999   -9999   -9999   -9999   -9999   -9999   -9999   -9999   -9999   -9999   -9999   -9999   -9999   -9999   -9999   -9999   -9999   -9999   -9999   -9999   -9999   1   1   2   4   5   16   1   3   3   2   1   1   173   1   1   2   3   7   2   5   7   13   15   40   52   54   59   62   65   1   1   1   3   1   1   1   1   1   2   1   1   1   2   1   1   1   1   2   5   7   3   1   1   2   1   1   1   1   4   3   1   1   1   1   2   21   1   26   8   2   6   71   76   79   1   2   1   1   2   8   11   1   2   1   1   1   1   1   3   1   2   4   7   9   13   16   1   1   1   12539   1   2   1   1   760   2   1   4   2   1   1   14   1   1   6   40   2   1   1   3   1   79   1   1   1   159   1   1   1   8   2   1   8   -9999   -9999   -9999   -9999   -9999   -9999   -9999   -9999   -9999   -9999   -9999   -9999   -9999   -9999   -9999   -9999   -9999   -9999   -9999   -9999   -9999   -9999
 -9999   -9999   -9999   -9999   -9999   -9999   -9999   -9999   -9999   -9999   -9999   -9999   -9999   -9999   -9999   -9999   -9999   -9999   -9999   -9999   -9999   -9999   -9999   -9999   1   3   1   1   1   12   29   37   1   1   4   1   7   179   1   1   3   1   2   2   4   1   2   11   1   1   1   1   5   73   76   79   5   1   1   1   2   3   4   3   1   3   6   1   1   3   5   12   14   22   5   1   1   1   1   1   1   3   2   1   3   5   13   16   18   1   1   9   48   55   61   1   2   1   1   1   1   2   5   1   1   1   1   1   1   1   1   1   1   1   1   1   1   2   1   1   1   1   1   12498   3   2   1   1   756   1   1   1   3   1   1   13   1   1   3   34   2   1   1   1   2   76   8   1   1   4   153   4   1   3   4   1   7   -9999   -9999   -9999   -9999   -9999   -9999   -9999   -9999   -9999   -9999   -9999   -9999   -9999   -9999   -9999   -9999   -9999   -9999   -9999   -9999   -9999   -9999
 -9999   -9999   -9999   -9999   -9999   -9999   -9999   -9999   -9999   -9999   -9999   -9999   -9999   -9999   -9999   -9999   -9999   -9999   -9999   -9999   -9999   -9999   -9999   -9999   -9999   1   4   1   10   7   8   37   76   2   1   5   1   3   182   1   2   1   1   1   1   2   6   2   1   1   2   3   1   1   1   1   82   89   3   1   1   1   2   5   4   1   1   8   1   2   5   1   2   30   1   1   1   4   2   2   1   1   1   1   2   7   2   1   1   2   7   1   3   4   1   4   1   1   1   2   1   2   1   1   1   1   1   3   2   2   3   1   1   1   1   1   1   1   1   2   4   1   3   12493   3   2   1   1   748   5   4   1   1   1   1   6   3   1   1   13   20   2   1   1   1   65   1   6   1   1   1   147   1   2   2   1   6   -9999   -9999   -9999   -9999   -9999   -9999   -9999   -9999   -9999   -9999   -9999   -9999   -9999   -9999   -9999   -9999   -9999   -9999   -9999   -9999   -9999   -9999
 -9999   -9999   -9999   -9999   -9999   -9999   -9999   -9999   -9999   -9999   -9999   -9999   -9999   -9999   -9999   -9999   -9999   -9999   -9999   -9999   -9999   -9999   -9999   -9999   -9999   1   2   7   6   1   28   1   3   83   1   1   1   1   185   1   1   1   1   1   2   3   1   4   5   7   8   9   1   1   1   1   1   1   103   109   1   1   1   129   138   144   1   1   9   1   1   1   1   2   32   3   1   1   9   12   2   1   1   1   1   3   1   1   2   3   1   2   2   1   3   1   2   8   11   13   21   24   26   29   1   3   44   47   52   59   64   67   1   1   2   2   2   3   1   1   1   6   12476   1   13   3   1   1   1   744   1   3   1   1   1   2   2   2   1   10   1   17   2   1   1   62   1   4   1   1   142   3   2   1   1   5   -9999   -9999   -9999   -9999   -9999   -9999   -9999   -9999   -9999   -9999   -9999   -9999   -9999   -9999   -9999   -9999   -9999   -9999   -9999   -9999   -9999   -9999   -9999
 -9999   -9999   -9999   -9999   -9999   -9999   -9999   -9999   -9999   -9999   -9999   -9999   -9999   -9999   -9999   -9999   -9999   -9999   -9999   -9999   -9999   -9999   -9999   -9999   -9999   1   4   5   1   25   1   1   1   16   102   1   1   1   188   1   1   1   3   5   1   2   3   1   2   3   8   9   10   2   4   6   8   10   2   2   115   118   121   2   2   2   146   11   1   1   1   1   1   2   42   2   1   1   1   3   19   2   1   1   1   1   1   2   3   1   1   1   1   2   1   2   5   1   1   5   2   1   3   5   36   39   2   1   1   1   1   3   73   76   79   82   86   90   3   1   1   1   12465   1   9   2   1   1   1   1   741   5   4   2   1   1   1   1   2   3   4   12   2   1   1   59   1   1   2   1   2   138   2   1   4   -9999   -9999   -9999   -9999   -9999   -9999   -9999   -9999   -9999   -9999   -9999   -9999   -9999   -9999   -9999   -9999   -9999   -9999   -9999   -9999   -9999   -9999   -9999   -9999
 -9999   -9999   -9999   -9999   -9999   -9999   -9999   -9999   -9999   -9999   -9999   -9999   -9999   -9999   -9999   -9999   -9999   -9999   -9999   -9999   -9999   -9999   -9999   -9999   -9999   1   1   13   22   1   1   2   12   2   3   109   111   1   190   2   1   1   1   1   7   8   1   2   3   4   1   2   14   25   1   1   1   1   1   1   1   1   1   1   1   1   1   148   163   1   2   2   1   1   45   1   1   1   1   1   21   4   2   1   1   1   2   3   6   10   13   1   1   1   1   2   1   2   4   1   1   2   1   1   1   1   1   1   1   1   1   1   1   1   1   1   1   48   91   96   2   1   12462   1   4   2   1   1   4   317   732   1   1   1   1   1   1   1   1   2   3   2   9   1   1   56   5   3   1   1   135   2   1   1   3   -9999   -9999   -9999   -9999   -9999   -9999   -9999   -9999   -9999   -9999   -9999   -9999   -9999   -9999   -9999   -9999   -9999   -9999   -9999   -9999   -9999   -9999   -9999   -9999
 -9999   -9999   -9999   -9999   -9999   -9999   -9999   -9999   -9999   -9999   -9999   -9999   -9999   -9999   -9999   -9999   -9999   -9999   -9999   -9999   -9999   -9999   -9999   -9999   -9999   5   11   1   7   1   2   9   1   2   1   1   1   112   1   194   197   1   2   1   1   1   10   1   1   2   1   2   1   2   29   1   1   1   1   1   1   2   3   1   1   1   1   1   166   3   1   3   2   1   48   4   2   1   1   1   2   28   6   2   1   1   1   2   1   4   5   15   2   2   1   1   1   1   1   1   2   3   4   5   1   1   1   1   2   4   28   30   32   1   42   45   47   2   51   1   100   101   12459   1   1   2   1   1   316   1   1   412   383   2   2   369   2   1   1   1   2   1   8   1   46   3   2   1   2   1   2   129   4   1   2   -9999   -9999   -9999   -9999   -9999   -9999   -9999   -9999   -9999   -9999   -9999   -9999   -9999   -9999   -9999   -9999   -9999   -9999   -9999   -9999   -9999   -9999   -9999   -9999
 -9999   -9999   -9999   -9999   -9999   -9999   -9999   -9999   -9999   -9999   -9999   -9999   -9999   -9999   -9999   -9999   -9999   -9999   -9999   -9999   -9999   -9999   -9999   -9999   4   1   4   3   3   1   3   3   1   1   1   1   1   168   1   1   1   202   2   1   1   2   1   11   2   1   3   1   1   1   10   41   1   3   1   2   4   5   6   11   14   18   19   1   1   172   6   1   3   1   1   54   2   2   1   1   1   1   40   5   3   1   1   1   2   1   3   9   20   1   3   1   1   2   1   3   1   1   1   2   8   10   12   17   20   22   1   1   2   38   1   1   1   1   1   53   1   1   12356   6   2   1   1   1   309   1   1   27   1   378   373   2   362   2   1   1   1   4   3   1   4   39   1   1   1   1   3   124   1   2   1   -9999   -9999   -9999   -9999   -9999   -9999   -9999   -9999   -9999   -9999   -9999   -9999   -9999   -9999   -9999   -9999   -9999   -9999   -9999   -9999   -9999   -9999   -9999   -9999
 -9999   -9999   -9999   -9999   -9999   -9999   -9999   -9999   -9999   -9999   -9999   -9999   -9999   -9999   -9999   -9999   -9999   -9999   -9999   -9999   -9999   -9999   -9999   2   1   3   2   1   1   1   1   1   1   2   2   52   53   1   177   181   1   1   207   2   1   1   4   1   12   4   1   4   6   8   1   2   44   5   2   1   1   1   1   1   1   1   2   20   1   1   181   1   4   1   1   2   64   3   1   2   1   46   2   1   1   1   1   2   1   1   1   2   32   2   5   1   1   2   5   1   4   2   2   1   1   2   3   1   1   1   1   1   1   1   1   1   1   1   1   1   12320   12326   2   23   3   2   1   1   3   303   1   26   3   1   1   1   2   356   2   1   1   3   2   1   1   10   27   2   1   1   1   119   1   1   1   -9999   -9999   -9999   -9999   -9999   -9999   -9999   -9999   -9999   -9999   -9999   -9999   -9999   -9999   -9999   -9999   -9999   -9999   -9999   -9999   -9999   -9999   -9999   -9999
 -9999   -9999   -9999   -9999   -9999   -9999   -9999   -9999   -9999   -9999   -9999   -9999   -9999   -9999   -9999   -9999   -9999   -9999   -9999   -9999   -9999   -9999   -9999   1   2   1   1   2   1   2   3   1   1   2   46   1   1   4   2   1   183   184   1   212   2   1   5   2   1   18   1   1   1   1   1   2   3   48   6   11   1   1   2   1   1   1   1   24   1   1   216   1   5   2   1   1   67   1   1   3   1   50   2   1   3   1   1   3   4   1   1   3   5   45   1   2   1   2   1   8   15   1   3   3   2   1   1   1   1   1   2   2   1   1   2   3   3   1   2   12265   1   1   1   1   22   2   1   1   1   301   1   1   25   2   1   1   2   8   344   4   1   1   2   1   3   4   2   24   1   1   2   116   2   1   1   1   -9999   -9999   -9999   -9999   -9999   -9999   -9999   -9999   -9999   -9999   -9999   -9999   -9999   -9999   -9999   -9999   -9999   -9999   -9999   -9999   -9999   -9999   -9999
 -9999   -9999   -9999   -9999   -9999   -9999   -9999   -9999   -9999   -9999   -9999   -9999   -9999   -9999   -9999   -9999   -9999   -9999   -9999   -9999   -9999   -9999   -9999   1   1   5   6   7   21   22   24   30   35   37   3   1   1   1   1   1   1   72   185   1   224   7   1   3   1   21   1   1   2   3   1   1   2   3   55   57   71   74   78   1   2   1   2   3   30   31   1   220   227   231   2   1   70   2   4   1   1   53   1   4   1   2   1   2   6   12   1   1   2   4   51   3   4   1   1   1   1   19   21   25   31   2   1   2   2   2   2   5   9   1   1   2   6   12   14   12259   1   1   1   1   2   17   2   1   1   1   296   1   1   23   1   1   1   4   1   338   2   2   1   1   2   3   1   21   1   1   48   1   62   60   4   1   -9999   -9999   -9999   -9999   -9999   -9999   -9999   -9999   -9999   -9999   -9999   -9999   -9999   -9999   -9999   -9999   -9999   -9999   -9999   -9999   -9999   -9999   -9999
 -9999   -9999   -9999   -9999   -9999   -9999   -9999   -9999   -9999   -9999   -9999   -9999   -9999   -9999   -9999   -9999   -9999   -9999   -9999   -9999   -9999   -9999   -9999   1   3   1   5   9   2   1   2   2   1   1   1   1   1   2   1   1   70   1   260   1   1   227   229   5   1   22   3   1   1   3   5   1   1   2   1   1   1   1   1   81   4   1   1   1   1   1   2   1   1   1   232   237   76   5   2   1   1   56   1   6   1   3   1   1   1   14   1   1   1   1   3   56   66   1   1   1   2   1   2   5   7   34   1   4   5   1   1   1   1   11   2   1   1   1   1   2   12243   56   4   1   1   2   12   4   1   1   293   1   1   1   20   1   1   2   1   2   332   8   2   1   1   2   1   15   4   1   7   38   1   1   53   1   1   -9999   -9999   -9999   -9999   -9999   -9999   -9999   -9999   -9999   -9999   -9999   -9999   -9999   -9999   -9999   -9999   -9999   -9999   -9999   -9999   -9999   -9999
 -9999   -9999   -9999   -9999   -9999   -9999   -9999   -9999   -9999   -9999   -9999   -9999   -9999   -9999   -9999   -9999   -9999   -9999   -9999   -9999   -9999   -9999   -9999   1   1   3   2   1   1   1   1   1   2   1   1   1   1   1   4   66   2   1   263   1   1   1   2   239   242   268   1   2   2   4   1   6   2   1   1   1   1   1   1   1   82   1328   1333   2   1   1   1   1   1   1   1   1   323   5   2   1   1   3   65   2   1   4   3   1   1   1   16   1   1   1   1   1   70   2   1   1   1   1   2   1   1   47   61   10   1   1   3   1   2   1   12   4   1   1   1   12182   1   1   51   1   1   1   2   5   2   1   1   288   1   1   16   2   1   1   1   1   321   1   5   2   1   1   4   9   1   3   6   36   1   5   1   45   1   -9999   -9999   -9999   -9999   -9999   -9999   -9999   -9999   -9999   -9999   -9999   -9999   -9999   -9999   -9999   -9999   -9999   -9999   -9999   -9999   -9999   -9999
 -9999   -9999   -9999   -9999   -9999   -9999   -9999   -9999   -9999   -9999   -9999   -9999   -9999   -9999   -9999   -9999   -9999   -9999   -9999   -9999   -9999   -9999   -9999   -9999   1   1   1   8   10   11   19   20   21   24   26   29   51   57   60   1   1   1   273   1   1   1   1   1   1   5   276   282   287   296   1   1   9   2   1   3   1086   1089   2   2   1239   1   1   1342   1345   1348   2   1356   4   1   1   2   1   326   2   1   1   1   72   2   1   5   5   2   1   1   18   2   2   1   1   1   74   2   1   1   2   2   1   1   2   2   2   63   3   1   4   1   2   5   2   19   12157   12160   12167   1   13   1   4   45   9   1   1   1   3   1   3   5   280   1   2   13   2   1   1   1   318   1   1   2   1   1   2   7   1   2   5   31   4   4   1   42   2   -9999   -9999   -9999   -9999   -9999   -9999   -9999   -9999   -9999   -9999   -9999   -9999   -9999   -9999   -9999   -9999   -9999   -9999   -9999   -9999   -9999   -9999
 -9999   -9999   -9999   -9999   -9999   -9999   -9999   -9999   -9999   -9999   -9999   -9999   -9999   -9999   -9999   -9999   -9999   -9999   -9999   -9999   -9999   -9999   -9999   -9999   1   2   6   1   1   7   1   2   11   14   17   20   3   1   1   1   1   1   7   276   1   1   1   2   3   1   1   3   2   2   298   2   1   1075   1078   1080   1   1   1091   1236   1   2   3   5   1   1   1351   1   1361   3   1   1   1   2   329   1   1   1   77   3   1   1   13   1   2   1   2   23   1   1   3   1   3   77   1   2   3   1   3   2   1   1   1   1   69   75   81   1   1   1   7   12155   1   1   3   1   12   1   1   33   1   7   3   1   2   2   1   11   277   1   1   8   2   1   1   3   165   147   1   1   1   1   1   6   1   1   4   30   3   3   3   2   33   1   -9999   -9999   -9999   -9999   -9999   -9999   -9999   -9999   -9999   -9999   -9999   -9999   -9999   -9999   -9999   -9999   -9999   -9999   -9999   -9999   -9999
 -9999   -9999   -9999   -9999   -9999   -9999   -9999   -9999   -9999   -9999   -9999   -9999   -9999   -9999   -9999   -9999   -9999   -9999   -9999   -9999   -9999   -9999   -9999   -9999   1   3   3   4   5   4   5   8   2   2   1   1   1   1   1   2   3   5   1   14   279   1   1   1   1   1   2   1   1   1   1   300   1059   3   1   1   1   1   134   2   3   1   2   1   3   1   1   1   46   1415   1   1   1   1   334   1   1   2   81   1   1   1   15   4   2   1   1   26   2   5   1   1   1   83   1   3   4   1   2   6   1   1   2   3   1   1   3   99   1   1   106   12127   1   1   1   1   2   9   1   29   3   1   2   1   1   1   10   1   264   1   1   1   7   1   1   162   1   2   144   142   2   1   1   4   1   1   2   29   2   2   2   1   31   1   -9999   -9999   -9999   -9999   -9999   -9999   -9999   -9999   -9999   -9999   -9999   -9999   -9999   -9999   -9999   -9999   -9999   -9999   -9999   -9999   -9999
 -9999   -9999   -9999   -9999   -9999   -9999   -9999   -9999   -9999   -9999   -9999   -9999   -9999   -9999   -9999   -9999   -9999   -9999   -9999   -9999   -9999   -9999   -9999   -9999   1   2   1   2   3   1   2   1   1   1   2   1   1   2   4   5   6   10   12   2   298   2   2   1   1   2   1   1   1   1   1   1056   1   1   1   1   3   132   1   1   1   1   1   1   1   1   41   45   2   1   1417   1420   1422   1   335   3   1   1   84   1   1   3   1   20   4   1   2   1   29   7   1   1   1   86   9   5   1   1   2   10   1   1   2   4   5   1   1   11   102   105   1   12016   3   1   4   1   1   2   5   5   23   2   1   1   1   6   3   1   2   258   4   1   2   3   1   158   1   1   1   1   136   3   1   1   2   1   1   28   1   1   1   2   25   3   -9999   -9999   -9999   -9999   -9999   -9999   -9999   -9999   -9999   -9999   -9999   -9999   -9999   -9999   -9999   -9999   -9999   -9999   -9999   -9999   -9999
 -9999   -9999   -9999   -9999   -9999   -9999   -9999   -9999   -9999   -9999   -9999   -9999   -9999   -9999   -9999   -9999   -9999   -9999   -9999   -9999   -9999   -9999   -9999   -9999   1   2   4   5   6   1   1   1   1   2   3   4   1   1   1   2   3   1   1   1   1   299   364   366   377   4   1   1   3   1   751   1   1   1   1   1   126   1   1   1   1   2   29   32   35   39   1   1   1   1   1   1   47   1473   1812   1   1   1   85   1   2   4   1   2   25   4   1   2   30   8   2   2   1   1   100   3   1   1   3   14   1   1   1   1   2   9   10   1   1   1   1   1   12014   16   11   2   1   1   4   4   1   21   2   1   1   3   2   1   1   1   251   1   1   2   1   2   153   32   1   1   1   130   4   1   11   2   1   26   1   1   1   5   19   2   -9999   -9999   -9999   -9999   -9999   -9999   -9999   -9999   -9999   -9999   -9999   -9999   -9999   -9999   -9999   -9999   -9999   -9999   -9999   -9999   -9999
 -9999   -9999   -9999   -9999   -9999   -9999   -9999   -9999   -9999   -9999   -9999   -9999   -9999   -9999   -9999   -9999   -9999   -9999   -9999   -9999   -9999   -9999   -9999   -9999   1   1   1   2   3   7   9   3   1   1   2   10   1   2   1   1   1   1   2   1   1   60   5   7   2   379   386   389   394   749   2   1   1   2   5   122   1   1   1   10   18   26   2   2   2   1   1   1   1   42   44   46   1   1   4   1820   1823   1826   1917   4   1   1   5   29   5   2   1   1   45   3   1   3   1   1   104   2   1   1   2   20   2   2   1   1   1   1   1   1   2   1   11942   11946   1   50   1   10   2   1   3   2   1   3   15   2   1   2   1   1   2   3   249   2   1   1   1   3   120   1   30   1   1   1   123   14   2   8   1   2   23   4   1   3   18   1   -9999   -9999   -9999   -9999   -9999   -9999   -9999   -9999   -9999   -9999   -9999   -9999   -9999   -9999   -9999   -9999   -9999   -9999   -9999   -9999   -9999
 -9999   -9999   -9999   -9999   -9999   -9999   -9999   -9999   -9999   -9999   -9999   -9999   -9999   -9999   -9999   -9999   -9999   -9999   -9999   -9999   -9999   -9999   -9999   -9999   1   1   1   2   3   7   8   10   5   1   1   2   14   15   18   20   2   2   1   5   59   3   1   1   1   1   1   1   1   1   350   1   1   1   115   1   1   2   8   5   1   7   1   1   1   1   2   36   38   1   1   1   1   3   1   1   1   1   1   2090   2094   1   2107   2108   2146   1   2   1   50   2   1   5   1   1   108   2   1   1   1   2   23   3   2   2   1   1   3   5   1   11940   2   1   1   48   1   1   6   4   2   2   1   2   2   10   2   1   1   2   1   7   236   1   2   1   2   1   115   1   26   2   1   2   1   105   1   1   6   1   16   1   3   2   16   1   -9999   -9999   -9999   -9999   -9999   -9999   -9999   -9999   -9999   -9999   -9999   -9999   -9999   -9999   -9999   -9999   -9999   -9999   -9999   -9999   -9999
 -9999   -9999   -9999   -9999   -9999   -9999   -9999   -9999   -9999   -9999   -9999   -9999   -9999   -9999   -9999   -9999   -9999   -9999   -9999   -9999   -9999   -9999   -9999   -9999   1   4   1   1   1   1   2   21   1   6   8   9   10   13   14   17   42   46   47   51   1   1   1   1   1   1   1   340   342   346   1   1   1   2   110   1   1   5   1   3   5   1   1   1   1   29   30   1   1   1   1   1   1   1   1   1   156   161   170   2   1   2101   2   1   8   2162   3   1   1   53   1   8   1   1   111   1   1   2   1   1   4   28   38   42   1   1   1   1   11927   6   1   1   1   46   2   1   1   1   1   1   1   1   1   6   1   1   1   2   5   17   51   166   6   1   1   1   112   1   1   24   1   1   1   103   1   1   2   3   7   8   2   1   2   13   1   -9999   -9999   -9999   -9999   -9999   -9999   -9999   -9999   -9999   -9999   -9999   -9999   -9999   -9999   -9999   -9999   -9999   -9999   -9999   -9999
 -9999   -9999   -9999   -9999   -9999   -9999   -9999   -9999   -9999   -9999   -9999   -9999   -9999   -9999   -9999   -9999   -9999   -9999   -9999   -9999   -9999   -9999   -9999   -9999   1   3   9   12   15   18   19   1   22   24   1   1   2   1   2   1   1   1   1   2   1   1   1   2   1   331   339   5   1   2   1   1   3   105   1   2   3   1   2   2   2   1   2   26   27   1   1   1   1   1   92   94   2   1   137   154   3   1   8   1   1   2   1   1   5   4   2166   2   1   1   63   1   1   1   116   3   1   3   2   1   1   3   1   2   46   3   1   1   11920   1   4   2   1   2   39   25   21   17   10   9   7   1   1   3   1   1   2   15   16   50   1   157   2   4   1   1   109   1   1   19   3   1   1   3   97   2   1   2   4   2   7   1   1   2   9   1   -9999   -9999   -9999   -9999   -9999   -9999   -9999   -9999   -9999   -9999   -9999   -9999   -9999   -9999   -9999   -9999   -9999   -9999   -9999
 -9999   -9999   -9999   -9999   -9999   -9999   -9999   -9999   -9999   -9999   -9999   -9999   -9999   -9999   -9999   -9999   -9999   -9999   -9999   -9999   -9999   -9999   -9999   -9999   1   1   1   1   1   1   2   23   1   1   27   1   1   1   2   3   1   1   1   1   1   1   315   320   323   4   1   2   2   1   1   2   98   3   1   1   2   1   1   1   1   18   21   1   1   1   75   81   84   87   1   1   132   134   15   1   1   1   6   1   1   1   2   4   3   2   1   2195   2200   1   1   66   1   1   118   1   1   1   6   2   1   1   1   1   1   50   1   11918   12   9   1   1   1   1   8   5   2   3   6   1   1   5   1   2   1   2   12   1   49   1   1   153   1   1   2   1   103   3   1   2   16   1   1   1   93   1   1   1   3   1   2   4   1   1   6   1   -9999   -9999   -9999   -9999   -9999   -9999   -9999   -9999   -9999   -9999   -9999   -9999   -9999   -9999   -9999   -9999   -9999   -9999   -9999
 -9999   -9999   -9999   -9999   -9999   -9999   -9999   -9999   -9999   -9999   -9999   -9999   -9999   -9999   -9999   -9999   -9999   -9999   -9999   -9999   -9999   -9999   -9999   -9999   1   2   1   1   2   3   4   5   24   2   1   30   1   1   1   1   4   2   3   295   298   310   1   2   2   2   1   1   1   1   16   1   95   6   1   1   2   8   10   14   16   1   1   1   4   72   3   1   1   1   1   33   1   1   1   13   3   4   1   1   2   1   1   1   1   1   1   27   8   2211   2284   1   1   1   1   122   125   1   1   10   1   1   1   2   5   3595   3596   11902   1   2   7   2   1   1   1   5   4   1   2   4   1   2   1   1   1   8   1   1   46   1   149   1   1   1   1   1   1   99   1   1   12   3   1   1   90   1   1   1   1   1   1   1   1   1   1   3   -9999   -9999   -9999   -9999   -9999   -9999   -9999   -9999   -9999   -9999   -9999   -9999   -9999   -9999   -9999   -9999   -9999   -9999   -9999
 -9999   -9999   -9999   -9999   -9999   -9999   -9999   -9999   -9999   -9999   -9999   -9999   -9999   -9999   -9999   -9999   -9999   -9999   -9999   -9999   -9999   -9999   -9999   -9999   1   1   4   2   1   2   3   4   10   37   1   33   2   1   1   2   268   275   289   1   1   10   1   1   1   1   1   2   12   14   1   84   3   1   5   1   5   1   2   1   1   1   6   8   65   1   1   1   1   2   30   2   1   2   12   2   1   2   1   2   4   8   12   15   16   18   26   1   6   1   4   2288   2291   1   1   1   1   129   132   144   147   1   1   1   3538   1   1   8304   1   1   1   4   3   2   1   2   2   3   1   1   2   1   1   1   2   4   1   4   44   1   1   146   74   1   1   1   1   97   1   1   9   2   1   1   6   81   3   1   1   1   5   4   3   2   1   2   -9999   -9999   -9999   -9999   -9999   -9999   -9999   -9999   -9999   -9999   -9999   -9999   -9999   -9999   -9999   -9999   -9999   -9999   -9999
 -9999   -9999   -9999   -9999   -9999   -9999   -9999   -9999   -9999   -9999   -9999   -9999   -9999   -9999   -9999   -9999   -9999   -9999   -9999   -9999   -9999   -9999   -9999   -9999   1   3   1   5   3   1   1   2   3   4   66   100   103   251   2   262   3   1   12   1   1   7   1   1   3   5   8   9   1   1   1   66   1   1   4   3   1   1   1   2   3   4   1   1   56   1   1   1   2   14   13   1   1   7   2   1   1   2   5   1   1   1   1   2   1   4   3   3   2   1   2   3   5   2299   1   1   1   1   1   1   1   150   3509   3533   2   1   1   4   8297   1   31   30   28   3   2   1   1   1   1   1   4   3   1   1   3   1   2   1   36   1   1   71   1   70   4   1   1   91   3   1   2   6   1   1   3   1   76   60   56   14   7   6   5   3   1   1   -9999   -9999   -9999   -9999   -9999   -9999   -9999   -9999   -9999   -9999   -9999   -9999   -9999   -9999   -9999   -9999   -9999   -9999   -9999
 -9999   -9999   -9999   -9999   -9999   -9999   -9999   -9999   -9999   -9999   -9999   -9999   -9999   -9999   -9999   -9999   -9999   -9999   -9999   -9999   -9999   -9999   -9999   -9999   -9999   1   5   7   13   17   19   20   21   22   1   1   145   1   253   4   1   1   11   1   4   1   1   1   1   1   1   1   1   1   59   4   1   1   2   2   1   1   1   1   1   1   1   1   53   1   1   4   9   2   12   1   1   4   1   1   2   3   1   6   1   1   1   1   1   2   2   2   1   1   2   3   1   3   2305   2308   1   1   1   1   1   1   3357   1   22   1   2   1   8294   32   2   1   1   24   21   19   17   2   1   9   3   2   1   1   1   1   2   3   32   1   2   66   1   1   64   1   1   1   87   1   1   2   3   1   2   14   1   2   1   39   3   2   1   1   1   1   -9999   -9999   -9999   -9999   -9999   -9999   -9999   -9999   -9999   -9999   -9999   -9999   -9999   -9999   -9999   -9999   -9999   -9999   -9999
 -9999   -9999   -9999   -9999   -9999   -9999   -9999   -9999   -9999   -9999   -9999   -9999   -9999   -9999   -9999   -9999   -9999   -9999   -9999   -9999   -9999   -9999   -9999   -9999   -9999   1   1   1   2   3   1   2   3   4   38   39   143   1   1   1   2   9   1   1   1   1   1   1   1   1   1   1   4   57   3   1   1   1   1   1   2   4   6   8   34   38   42   46   1   3   1   2   2   1   9   1   1   2   2   3   4   11   17   7   34   39   1   1   1   1   1   1   1   1   1   1   1   1   1   4   3305   3309   3312   3326   3345   3348   7   2   1   20   1   1   4   8256   1   2   1   1   1   1   1   14   13   3   2   1   1   1   2   4   5   28   3   1   63   1   1   1   18   44   1   1   85   1   1   1   1   1   1   13   1   1   2   5   28   4   3   2   1   2   -9999   -9999   -9999   -9999   -9999   -9999   -9999   -9999   -9999   -9999   -9999   -9999   -9999   -9999   -9999   -9999   -9999   -9999   -9999
 -9999   -9999   -9999   -9999   -9999   -9999   -9999   -9999   -9999   -9999   -9999   -9999   -9999   -9999   -9999   -9999   -9999   -9999   -9999   -9999   -9999   -9999   -9999   -9999   -9999   1   3   5   1   2   6   7   8   33   1   1   102   2   1   1   1   6   1   1   4   5   9   27   31   35   37   42   46   2   1   1   1   1   1   1   1   2   3   4   19   2   2   2   1   2   1   1   1   4   3   1   1   1   1   3   6   1   3   32   2   2   43   3   1   1   1   1   1   3   4   1   1   2   3   1   991   2   1   12   17   2   3   1   1   18   1   1   1   1   8251   1   1   1   13   12   11   10   9   8   2   1   1   2   3   14   18   4   2   1   58   2   1   15   1   41   1   1   4   78   75   1   1   1   1   8   2   1   1   4   7   16   6   5   4   1   -9999   -9999   -9999   -9999   -9999   -9999   -9999   -9999   -9999   -9999   -9999   -9999   -9999   -9999   -9999   -9999   -9999   -9999   -9999
 -9999   -9999   -9999   -9999   -9999   -9999   -9999   -9999   -9999   -9999   -9999   -9999   -9999   -9999   -9999   -9999   -9999   -9999   -9999   -9999   -9999   -9999   -9999   -9999   -9999   -9999   1   2   8   1   2   20   23   1   1   95   3   2   1   1   4   1   1   2   1   2   15   2   2   1   3   1   1   1   1   1   2   4   6   8   10   11   12   15   3   1   1   1   1   1   3   5   1   1   1   1   1   2   1   1   1   2   3   1   1   1   1   52   3   1   1   2   2   1   1   5   2   1   1   1   988   1   1   11   16   1   1   1   1   16   1   2   3   8181   1   66   17   14   2   1   4   3   2   1   5   1   1   2   10   1   2   3   1   1   3   52   1   13   1   32   8   1   1   2   1   70   4   1   1   1   6   2   1   3   6   2   7   3   1   -9999   -9999   -9999   -9999   -9999   -9999   -9999   -9999   -9999   -9999   -9999   -9999   -9999   -9999   -9999   -9999   -9999   -9999   -9999   -9999
 -9999   -9999   -9999   -9999   -9999   -9999   -9999   -9999   -9999   -9999   -9999   -9999   -9999   -9999   -9999   -9999   -9999   -9999   -9999   -9999   -9999   -9999   -9999   -9999   -9999   -9999   1   2   4   14   17   1   1   1   3   6   86   1   1   1   1   1   1   9   11   13   1   1   1   1   1   1   1   1   1   1   1   1   1   1   1   1   1   2   1   1   2   3   1   1   1   1   7   1   1   1   1   1   3   1   1   1   1   1   2   3   4   1   57   2   2   3   887   890   893   900   904   958   979   983   2   1   1   9   9   6   1   1   13   2   1   1   8175   1   1   1   47   44   15   14   4   3   2   1   2   1   1   3   4   1   1   1   1   2   7   50   1   10   2   1   30   7   1   1   2   1   62   3   1   1   1   2   1   2   5   1   2   1   1   -9999   -9999   -9999   -9999   -9999   -9999   -9999   -9999   -9999   -9999   -9999   -9999   -9999   -9999   -9999   -9999   -9999   -9999   -9999   -9999
 -9999   -9999   -9999   -9999   -9999   -9999   -9999   -9999   -9999   -9999   -9999   -9999   -9999   -9999   -9999   -9999   -9999   -9999   -9999   -9999   -9999   -9999   -9999   -9999   -9999   -9999   -9999   1   1   2   1   2   1   1   1   1   32   52   1   1   2   4   7   1   1   1   3   4   5   6   7   1   3   7   1   2   75   1   83   89   92   3   1   1   1   1   1   2   6   8   1   1   2   10   2   43   46   5   1   2   1   1   1   2   3   4   1   1   1   58   872   880   1   1   1   1   1   52   19   1   2   1   8   1   7   3   1   8   3   1   1   8160   1   13   12   1   1   24   2   1   5   4   3   2   1   1   1   2   1   1   2   3   4   6   2   3   36   5   4   1   26   3   5   4   1   1   1   56   39   35   3   2   1   1   1   3   1   -9999   -9999   -9999   -9999   -9999   -9999   -9999   -9999   -9999   -9999   -9999   -9999   -9999   -9999   -9999   -9999   -9999   -9999   -9999   -9999   -9999   -9999
 -9999   -9999   -9999   -9999   -9999   -9999   -9999   -9999   -9999   -9999   -9999   -9999   -9999   -9999   -9999   -9999   -9999   -9999   -9999   -9999   -9999   -9999   -9999   -9999   -9999   -9999   -9999   -9999   1   1   2   3   6   25   28   31   1   49   2   1   1   1   1   1   2   1   1   2   1   1   39   49   52   56   68   71   1   79   3   1   1   95   101   1   1   1   1   1   1   2   12   13   14   20   37   1   1   49   57   61   2   1   1   1   1   1   6   8   2   867   4   1   2   1   2   45   50   1   17   1   1   4   3   2   4   1   1   7   2   1   2   8155   8   4   3   11   1   1   22   18   11   5   4   3   2   1   1   1   2   3   1   2   1   1   1   2   2   33   4   3   2   23   2   1   3   1   1   14   1   2   31   3   2   1   1   1   1   -9999   -9999   -9999   -9999   -9999   -9999   -9999   -9999   -9999   -9999   -9999   -9999   -9999   -9999   -9999   -9999   -9999   -9999   -9999   -9999   -9999   -9999
 -9999   -9999   -9999   -9999   -9999   -9999   -9999   -9999   -9999   -9999   -9999   -9999   -9999   -9999   -9999   -9999   -9999   -9999   -9999   -9999   -9999   -9999   -9999   -9999   -9999   -9999   -9999   -9999   1   2   3   9   17   2   1   1   1   45   1   1   2   1   1   1   1   24   25   29   33   37   2   2   2   1   3   2   1   1   1   1   1   1   4   112   4   1   1   2   2   1   2   3   5   5   1   1   1   1   1   2   67   1   1   2   2   5   1   1   808   5   1   2   1   1   41   1   3   1   14   2   1   2   2   1   2   1   1   5   1   1   2   8144   2   3   1   2   9   5   1   2   6   5   4   3   2   1   1   1   1   2   4   1   4   2   1   1   1   8   24   3   2   1   22   2   1   1   1   11   1   1   2   25   3   2   2   1   -9999   -9999   -9999   -9999   -9999   -9999   -9999   -9999   -9999   -9999   -9999   -9999   -9999   -9999   -9999   -9999   -9999   -9999   -9999   -9999   -9999   -9999   -9999
 -9999   -9999   -9999   -9999   -9999   -9999   -9999   -9999   -9999   -9999   -9999   -9999   -9999   -9999   -9999   -9999   -9999   -9999   -9999   -9999   -9999   -9999   -9999   -9999   -9999   -9999   -9999   -9999   1   3   5   2   5   1   1   2   11   2   29   1   7   8   12   17   20   1   3   1   1   1   1   1   1   1   1   1   1   2   3   1   1   2   1   1   113   1   1   2   5   1   1   1   2   2   2   5   7   1   1   1   4   73   1   81   1   1   775   790   1   2   2   1   3   20   17   2   2   1   10   2   1   1   1   1   1   2   3   1   1   1   1   8139   1   1   1   1   1   2   4   1   1   5   4   3   2   1   1   3   2   1   3   5   8   2   1   2   1   7   8   15   2   1   2   17   3   2   1   2   8   1   1   5   16   8   2   1   -9999   -9999   -9999   -9999   -9999   -9999   -9999   -9999   -9999   -9999   -9999   -9999   -9999   -9999   -9999   -9999   -9999   -9999   -9999   -9999   -9999   -9999   -9999
 -9999   -9999   -9999   -9999   -9999   -9999   -9999   -9999   -9999   -9999   -9999   -9999   -9999   -9999   -9999   -9999   -9999   -9999   -9999   -9999   -9999   -9999   -9999   -9999   -9999   -9999   -9999   -9999   1   1   1   2   2   2   4   6   2   1   28   1   1   1   3   1   1   1   1   1   1   1   1   1   1   1   1   1   1   1   2   8   1   1   4   6   11   130   1   3   7   2   1   1   1   1   2   2   4   13   15   1   1   2   77   1   82   768   5   13   1   1   1   2   15   1   16   1   1   2   6   1   1   1   1   1   1   1   1   1   1   4   7677   460   1   1   1   1   1   1   1   1   1   4   3   2   1   1   1   2   8   1   2   17   9   6   5   2   1   1   5   7   14   1   1   2   11   2   1   1   5   1   1   3   5   2   3   1   -9999   -9999   -9999   -9999   -9999   -9999   -9999   -9999   -9999   -9999   -9999   -9999   -9999   -9999   -9999   -9999   -9999   -9999   -9999   -9999   -9999   -9999   -9999
 -9999   -9999   -9999   -9999   -9999   -9999   -9999   -9999   -9999   -9999   -9999   -9999   -9999   -9999   -9999   -9999   -9999   -9999   -9999   -9999   -9999   -9999   -9999   -9999   -9999   -9999   -9999   -9999   -9999   -9999   1   1   1   1   1   1   1   24   3   1   1   2   1   2   3   5   1   1   3   6   2   1   3   2   2   1   3   1   1   1   10   2   1   2   2   2   135   137   148   5   1   1   1   1   1   1   1   1   3   19   1   1   1   1   760   1   2   2   12   1   1   13   1   8   3   4   1   1   3   1   1   1   2   3   136   2   2   145   1   7675   1   1   457   451   438   436   1   1   1   2   11   6   5   4   3   1   1   2   3   9   4   29   2   1   1   1   2   1   1   3   6   13   1   1   2   6   2   1   2   2   1   1   4   1   1   -9999   -9999   -9999   -9999   -9999   -9999   -9999   -9999   -9999   -9999   -9999   -9999   -9999   -9999   -9999   -9999   -9999   -9999   -9999   -9999   -9999   -9999   -9999   -9999
 -9999   -9999   -9999   -9999   -9999   -9999   -9999   -9999   -9999   -9999   -9999   -9999   -9999   -9999   -9999   -9999   -9999   -9999   -9999   -9999   -9999   -9999   -9999   -9999   -9999   -9999   -9999   -9999   -9999   -9999   1   2   3   4   5   6   15   7   1   1   1   1   1   2   3   6   12   14   15   1   10   1   2   4   3   4   4   2   1   1   1   11   1   1   1   3   1   1   1   157   2   1   2   1   1   1   1   1   1   2   20   1   657   668   1   7   1   1   9   1   8   4   4   3   2   2   1   1   1   1   1   3   126   128   1   140   141   1   7663   5   1   2   3   1   10   3   429   419   416   17   3   2   1   1   1   1   1   2   1   13   34   1   1   1   3   6   3   2   1   2   1   4   11   1   1   1   3   2   1   1   1   1   1   1   -9999   -9999   -9999   -9999   -9999   -9999   -9999   -9999   -9999   -9999   -9999   -9999   -9999   -9999   -9999   -9999   -9999   -9999   -9999   -9999   -9999   -9999   -9999   -9999   -9999
 -9999   -9999   -9999   -9999   -9999   -9999   -9999   -9999   -9999   -9999   -9999   -9999   -9999   -9999   -9999   -9999   -9999   -9999   -9999   -9999   -9999   -9999   -9999   -9999   -9999   -9999   -9999   -9999   -9999   -9999   1   1   2   4   6   8   3   2   1   1   4   7   1   1   1   1   1   2   3   19   20   36   39   44   8   1   7   2   1   1   2   15   1   1   1   1   1   2   3   167   2   3   1   2   1   2   3   1   1   2   3   654   5   2   1   5   1   3   3   2   7   3   3   2   1   1   1   2   1   1   114   119   1   1   2   1   1   1   7516   8   3   1   2   3   6   2   9   1   1   396   1   5   4   2   2   1   1   1   3   18   36   1   3   4   7   5   4   3   2   1   1   1   2   9   5   4   3   2   1   1   1   1   1   -9999   -9999   -9999   -9999   -9999   -9999   -9999   -9999   -9999   -9999   -9999   -9999   -9999   -9999   -9999   -9999   -9999   -9999   -9999   -9999   -9999   -9999   -9999   -9999   -9999   -9999
 -9999   -9999   -9999   -9999   -9999   -9999   -9999   -9999   -9999   -9999   -9999   -9999   -9999   -9999   -9999   -9999   -9999   -9999   -9999   -9999   -9999   -9999   -9999   -9999   -9999   -9999   -9999   -9999   -9999   -9999   1   3   1   1   1   1   1   1   1   1   1   1   8   3   1   1   1   1   1   2   3   1   1   1   45   55   12   2   1   1   3   1   17   2   1   1   2   4   6   2   173   6   1   1   3   2   5   9   11   12   632   16   3   1   1   3   1   2   2   1   6   2   2   1   1   2   1   2   6   105   5   1   3   1   4   5   6   8   7506   4   7   2   1   2   5   1   7   1   1   3   391   1   1   1   3   2   2   2   1   158   139   101   5   21   13   4   3   2   1   1   1   1   1   1   1   1   1   1   2   1   1   3   2   1   -9999   -9999   -9999   -9999   -9999   -9999   -9999   -9999   -9999   -9999   -9999   -9999   -9999   -9999   -9999   -9999   -9999   -9999   -9999   -9999   -9999   -9999   -9999   -9999   -9999
 -9999   -9999   -9999   -9999   -9999   -9999   -9999   -9999   -9999   -9999   -9999   -9999   -9999   -9999   -9999   -9999   -9999   -9999   -9999   -9999   -9999   -9999   -9999   -9999   -9999   -9999   -9999   -9999   -9999   1   4   7   13   14   1   1   1   1   1   2   1   2   63   68   71   74   77   1   1   1   1   1   101   1   1   1   68   2   1   1   1   5   24   4   1   1   1   1   1   1   1   183   2   1   4   1   1   2   3   1   598   1   15   2   1   1   1   1   1   1   4   1   1   2   4   5   8   1   97   1   3   1   2   3   1   2   1   7489   1   3   3   6   1   1   2   2   5   1   1   2   11   373   2   4   1   1   5   168   165   1   1   4   87   1   12   3   2   1   2   4   2   1   1   1   1   3   6   4   1   2   2   1   7   1   -9999   -9999   -9999   -9999   -9999   -9999   -9999   -9999   -9999   -9999   -9999   -9999   -9999   -9999   -9999   -9999   -9999   -9999   -9999   -9999   -9999   -9999   -9999   -9999   -9999
 -9999   -9999   -9999   -9999   -9999   -9999   -9999   -9999   -9999   -9999   -9999   -9999   -9999   -9999   -9999   -9999   -9999   -9999   -9999   -9999   -9999   -9999   -9999   -9999   -9999   -9999   -9999   -9999   1   2   2   2   2   4   20   3   1   3   40   44   47   50   1   1   1   1   3   83   86   89   92   96   1   103   106   109   111   187   4   1   1   1   2   31   2   2   1   1   1   1   1   185   2   1   1   6   1   1   2   595   2   1   6   8   3   1   1   1   1   2   1   1   1   1   1   2   3   12   83   1   2   1   2   1   2   3   7383   104   1   1   2   2   5   3   1   1   2   2   1   2   6   1   368   364   2   180   173   3   1   3   2   1   1   63   1   11   10   9   6   1   1   6   3   1   17   12   4   2   1   1   5   2   10   1   -9999   -9999   -9999   -9999   -9999   -9999   -9999   -9999   -9999   -9999   -9999   -9999   -9999   -9999   -9999   -9999   -9999   -9999   -9999   -9999   -9999   -9999   -9999   -9999   -9999
 -9999   -9999   -9999   -9999   -9999   -9999   -9999   -9999   -9999   -9999   -9999   -9999   -9999   -9999   -9999   -9999   -9999   -9999   -9999   -9999   -9999   -9999   -9999   -9999   -9999   -9999   -9999   -9999   -9999   1   1   1   1   1   1   23   27   28   6   1   1   1   1   1   2   1   1   1   1   1   1   1   1   1   1   1   1   1   190   2   1   1   1   2   34   3   2   1   3   5   2   530   534   537   1   7   2   1   1   586   3   1   5   3   1   1   1   3   1   1   1   2   1   1   1   1   1   80   2   1   1   1   1   2   4   5   7377   3   102   1   1   1   1   1   2   1   1   1   1   3   2   2   1   5   352   1   1   1   1   1   1   1   1   1   47   44   13   12   11   10   8   1   1   20   2   1   1   1   1   2   20   12   1   -9999   -9999   -9999   -9999   -9999   -9999   -9999   -9999   -9999   -9999   -9999   -9999   -9999   -9999   -9999   -9999   -9999   -9999   -9999   -9999   -9999   -9999   -9999   -9999   -9999   -9999
 -9999   -9999   -9999   -9999   -9999   -9999   -9999   -9999   -9999   -9999   -9999   -9999   -9999   -9999   -9999   -9999   -9999   -9999   -9999   -9999   -9999   -9999   -9999   -9999   -9999   -9999   -9999   -9999   -9999   -9999   1   1   2   1   1   1   2   4   1   1   1   1   2   3   5   9   11   13   16   17   1   1   2   3   27   28   1   34   230   2   1   1   2   1   4   45   1   1   2   4   344   1   1   3   546   558   565   568   582   10   1   2   4   1   1   3   10   14   20   21   32   4   1   2   3   2   71   5   1   1   1   1   1   1   1   1   7368   1   2   99   1   1   1   1   4   3   2   1   1   1   1   1   3   1   11   159   1   1   1   1   1   1   1   1   1   1   30   29   28   27   26   25   24   2   1   1   1   2   1   23   2   1   -9999   -9999   -9999   -9999   -9999   -9999   -9999   -9999   -9999   -9999   -9999   -9999   -9999   -9999   -9999   -9999   -9999   -9999   -9999   -9999   -9999   -9999   -9999   -9999   -9999   -9999   -9999
 -9999   -9999   -9999   -9999   -9999   -9999   -9999   -9999   -9999   -9999   -9999   -9999   -9999   -9999   -9999   -9999   -9999   -9999   -9999   -9999   -9999   -9999   -9999   -9999   -9999   -9999   -9999   -9999   -9999   -9999   1   2   1   3   2   1   1   1   1   2   5   1   1   1   1   1   1   1   1   1   19   21   22   23   1   2   32   2   1   233   241   4   1   1   1   48   1   1   1   1   331   2   1   1   4   4   4   1   2   7   1   1   1   2   2   6   2   1   3   9   1   45   49   54   59   66   2   2   1   1   3   6   9   11   1   2   7365   1   1   12   84   76   74   5   1   2   1   1   1   1   1   1   1   3   7   1   156   141   124   121   118   3   2   1   1   1   1   1   1   1   1   1   1   1   1   2   2   4   1   27   1   -9999   -9999   -9999   -9999   -9999   -9999   -9999   -9999   -9999   -9999   -9999   -9999   -9999   -9999   -9999   -9999   -9999   -9999   -9999   -9999   -9999   -9999   -9999   -9999   -9999   -9999   -9999   -9999
 -9999   -9999   -9999   -9999   -9999   -9999   -9999   -9999   -9999   -9999   -9999   -9999   -9999   -9999   -9999   -9999   -9999   -9999   -9999   -9999   -9999   -9999   -9999   -9999   -9999   -9999   -9999   -9999   -9999   -9999   1   4   1   5   1   3   3   1   1   1   1   7   2   1   1   1   1   1   1   1   1   1   1   1   1   1   1   1   1   1   2   244   248   2   1   49   2   1   1   1   327   2   1   2   1   3   2   1   1   5   1   1   1   1   3   2   1   2   3   2   4   3   2   2   1   3   3   1   1   1   1   1   1   2   15   7358   2   1   5   6   1   6   5   61   5   1   12   10   9   7   4   1   2   1   5   5   9   15   1   1   1   112   4   1   2   85   2   72   70   2   1   55   52   49   46   43   39   30   28   -9999   -9999   -9999   -9999   -9999   -9999   -9999   -9999   -9999   -9999   -9999   -9999   -9999   -9999   -9999   -9999   -9999   -9999   -9999   -9999   -9999   -9999   -9999   -9999   -9999   -9999   -9999   -9999   -9999   -9999
 -9999   -9999   -9999   -9999   -9999   -9999   -9999   -9999   -9999   -9999   -9999   -9999   -9999   -9999   -9999   -9999   -9999   -9999   -9999   -9999   -9999   -9999   -9999   -9999   -9999   -9999   -9999   -9999   -9999   -9999   1   4   10   12   23   26   35   38   41   44   47   56   60   63   66   69   72   75   3   1   1   91   1   2   100   102   1   1   1   1   1   1   2   253   258   309   313   316   319   321   2   1   1   1   1   1   1   1   3   1   3   1   1   1   1   1   1   1   1   1   3   2   1   1   1   1   1   1   1   1   1   1   2   3   7340   1   2   1   4   5   2   3   4   1   54   39   9   8   7   4   2   2   1   1   3   4   6   2   14   4   1   1   105   99   95   1   81   1   3   63   61   3   1   1   1   1   1   1   -9999   -9999   -9999   -9999   -9999   -9999   -9999   -9999   -9999   -9999   -9999   -9999   -9999   -9999   -9999   -9999   -9999   -9999   -9999   -9999   -9999   -9999   -9999   -9999   -9999   -9999   -9999   -9999   -9999   -9999   -9999
 -9999   -9999   -9999   -9999   -9999   -9999   -9999   -9999   -9999   -9999   -9999   -9999   -9999   -9999   -9999   -9999   -9999   -9999   -9999   -9999   -9999   -9999   -9999   -9999   -9999   -9999   -9999   -9999   -9999   -9999   1   1   1   5   1   1   1   1   1   1   1   1   1   1   1   1   1   1   76   82   84   1   93   95   1   1   111   3   1   1   1   1   1   3   1   1   1   1   1   1   1   1   1   1   1   1   1   1   1   2   8   2   1   1   1   1   1   2   1   1   1   1   1   1   2   1   1   1   1   2   2   2   3   1   7335   3   2   1   3   4   1   2   3   3   1   10   17   1   1   1   1   1   1   1   1   3   5   1   3   6   3   4   1   2   3   3   4   3   2   1   1   1   1   1   1   1   1   -9999   -9999   -9999   -9999   -9999   -9999   -9999   -9999   -9999   -9999   -9999   -9999   -9999   -9999   -9999   -9999   -9999   -9999   -9999   -9999   -9999   -9999   -9999   -9999   -9999   -9999   -9999   -9999   -9999   -9999   -9999   -9999
 -9999   -9999   -9999   -9999   -9999   -9999   -9999   -9999   -9999   -9999   -9999   -9999   -9999   -9999   -9999   -9999   -9999   -9999   -9999   -9999   -9999   -9999   -9999   -9999   -9999   -9999   -9999   -9999   -9999   -9999   -9999   -9999   1   2   1   1   1   1   1   1   1   1   35   39   40   41   1   1   1   1   1   1   1   1   1   2   1   112   118   4   1   1   1   1   1   1   1   1   1   1   391   2   3   1   1   3   1   2   1   1   10   2   1   2   2   2   1   1   4   1   1   1   1   2   1   3   6   2   1   2   3   3   1   7325   5   3   1   1   2   2   1   1   2   2   1   5   3   15   9   7   5   3   1   1   1   1   3   1   2   2   3   2   3   1   2   2   1   2   2   1   1   1   1   2   2   2   2   -9999   -9999   -9999   -9999   -9999   -9999   -9999   -9999   -9999   -9999   -9999   -9999   -9999   -9999   -9999   -9999   -9999   -9999   -9999   -9999   -9999   -9999   -9999   -9999   -9999   -9999   -9999   -9999   -9999   -9999   -9999   -9999
 -9999   -9999   -9999   -9999   -9999   -9999   -9999   -9999   -9999   -9999   -9999   -9999   -9999   -9999   -9999   -9999   -9999   -9999   -9999   -9999   -9999   -9999   -9999   -9999   -9999   -9999   -9999   -9999   -9999   -9999   -9999   -9999   1   1   2   4   12   16   18   25   27   33   2   1   1   4   48   51   54   56   58   61   63   64   65   1   1   1   1   119   3   1   1   1   2   4   378   381   385   387   1   395   401   3   1   4   1   2   3   2   1   13   2   3   5   1   2   1   2   6   2   1   2   4   2   1   1   7   4   1   3   4   4   7320   1   1   1   1   1   1   1   1   1   1   2   2   2   4   1   1   1   1   1   5   3   2   1   1   1   1   1   1   1   2   1   1   1   1   1   1   3   2   1   3   3   3   3   -9999   -9999   -9999   -9999   -9999   -9999   -9999   -9999   -9999   -9999   -9999   -9999   -9999   -9999   -9999   -9999   -9999   -9999   -9999   -9999   -9999   -9999   -9999   -9999   -9999   -9999   -9999   -9999   -9999   -9999   -9999   -9999
 -9999   -9999   -9999   -9999   -9999   -9999   -9999   -9999   -9999   -9999   -9999   -9999   -9999   -9999   -9999   -9999   -9999   -9999   -9999   -9999   -9999   -9999   -9999   -9999   -9999   -9999   -9999   -9999   -9999   -9999   -9999   -9999   1   1   2   5   2   1   4   1   3   2   1   1   1   1   1   1   1   1   1   1   1   1   1   185   186   202   205   207   343   1   1   2   1   1   371   1   2   1   2   1   1   456   459   466   471   479   1   1   4   507   511   524   7   1   3   2   1   9   3   2   1   3   5   3   6   705   711   715   721   728   729   7314   1   1   1   3   1   1   1   2   1   1   1   1   1   2   1   1   1   1   6   2   1   1   1   1   1   2   1   3   2   1   1   1   1   1   1   1   7   1   1   5   4   7   1   -9999   -9999   -9999   -9999   -9999   -9999   -9999   -9999   -9999   -9999   -9999   -9999   -9999   -9999   -9999   -9999   -9999   -9999   -9999   -9999   -9999   -9999   -9999   -9999   -9999   -9999   -9999   -9999   -9999   -9999   -9999   -9999
 -9999   -9999   -9999   -9999   -9999   -9999   -9999   -9999   -9999   -9999   -9999   -9999   -9999   -9999   -9999   -9999   -9999   -9999   -9999   -9999   -9999   -9999   -9999   -9999   -9999   -9999   -9999   -9999   -9999   -9999   -9999   -9999   2   1   1   1   1   1   1   1   1   1   1   3   5   6   55   58   59   61   63   66   70   73   116   1   11   2   1   1   12   345   349   360   364   367   1   1   1   1   1   1   49   1   1   2   3   1   482   485   493   1   1   2   527   5   1   4   1   1   10   4   4   1   9   1   690   1   1   2   2   2   2   6583   1002   1001   998   5   2   2   3   1   4   1   1   1   1   1   1   1   3   43   34   29   3   1   1   12   9   5   4   2   1   2   2   1   2   2   2   2   12   3   1   1   11   9   1   -9999   -9999   -9999   -9999   -9999   -9999   -9999   -9999   -9999   -9999   -9999   -9999   -9999   -9999   -9999   -9999   -9999   -9999   -9999   -9999   -9999   -9999   -9999   -9999   -9999   -9999   -9999   -9999   -9999   -9999   -9999   -9999
 -9999   -9999   -9999   -9999   -9999   -9999   -9999   -9999   -9999   -9999   -9999   -9999   -9999   -9999   -9999   -9999   -9999   -9999   -9999   -9999   -9999   -9999   -9999   -9999   -9999   -9999   -9999   -9999   -9999   -9999   -9999   -9999   1   5   7   1   2   1   1   1   1   2   1   1   44   48   1   1   1   1   2   2   1   1   42   4   10   1   1   7   4   1   2   8   2   1   1   1   17   25   26   35   12   1   1   1   1   1   1   1   1   1   1   1   1   529   537   545   3   1   1   15   667   670   674   688   1   1   1   1   1   1   4   5578   1   1   1   990   5   4   2   5   1   2   2   1   1   1   3   53   48   2   1   2   25   20   19   3   1   1   5   2   1   3   4   1   3   3   3   19   4   3   1   1   2   21   2   -9999   -9999   -9999   -9999   -9999   -9999   -9999   -9999   -9999   -9999   -9999   -9999   -9999   -9999   -9999   -9999   -9999   -9999   -9999   -9999   -9999   -9999   -9999   -9999   -9999   -9999   -9999   -9999   -9999   -9999   -9999   -9999
 -9999   -9999   -9999   -9999   -9999   -9999   -9999   -9999   -9999   -9999   -9999   -9999   -9999   -9999   -9999   -9999   -9999   -9999   -9999   -9999   -9999   -9999   -9999   -9999   -9999   -9999   -9999   -9999   -9999   -9999   -9999   -9999   1   1   3   13   16   21   24   2   1   2   5   42   3   1   1   1   1   1   1   1   1   41   2   1   1   3   6   2   1   1   1   6   1   1   12   15   7   3   5   2   8   2   1   1   1   1   1   1   1   1   1   1   1   1   1   86   634   638   642   662   1   1   3   1   1   1   1   1   2   3   1   5572   5   2   1   1   982   978   720   716   705   3   2   1   1   74   71   12   1   1   1   1   1   3   1   1   1   8   2   1   1   5   6   1   4   4   26   3   2   1   1   1   1   28   2   1   -9999   -9999   -9999   -9999   -9999   -9999   -9999   -9999   -9999   -9999   -9999   -9999   -9999   -9999   -9999   -9999   -9999   -9999   -9999   -9999   -9999   -9999   -9999   -9999   -9999   -9999   -9999   -9999   -9999   -9999   -9999
 -9999   -9999   -9999   -9999   -9999   -9999   -9999   -9999   -9999   -9999   -9999   -9999   -9999   -9999   -9999   -9999   -9999   -9999   -9999   -9999   -9999   -9999   -9999   -9999   -9999   -9999   -9999   -9999   -9999   -9999   -9999   -9999   -9999   1   2   2   1   1   1   27   32   34   36   2   1   1   12   15   1   1   1   1   2   37   1   1   2   3   2   1   1   4   5   1   5   10   2   6   2   1   1   7   1   1   3   5   7   41   48   51   1   1   3   1   77   78   84   1   2   2   2   2   1   2   1   2   1   1   2   2   1   2   3   5565   1   2   1   1   2   253   1   1   4   698   4   1   79   3   1   1   11   9   7   2   1   1   1   1   13   4   2   1   1   1   12   2   5   31   2   1   1   1   1   1   3   31   2   1   -9999   -9999   -9999   -9999   -9999   -9999   -9999   -9999   -9999   -9999   -9999   -9999   -9999   -9999   -9999   -9999   -9999   -9999   -9999   -9999   -9999   -9999   -9999   -9999   -9999   -9999   -9999   -9999   -9999   -9999   -9999
 -9999   -9999   -9999   -9999   -9999   -9999   -9999   -9999   -9999   -9999   -9999   -9999   -9999   -9999   -9999   -9999   -9999   -9999   -9999   -9999   -9999   -9999   -9999   -9999   -9999   -9999   -9999   -9999   -9999   -9999   -9999   -9999   -9999   1   1   1   2   3   1   1   1   1   1   1   2   6   2   1   20   23   26   29   33   1   2   1   1   1   1   1   2   1   2   3   4   1   5   1   1   5   6   1   1   1   1   26   30   1   5   3   58   62   68   74   2   3   1   1   1   1   1   1   1   1   1   1   4   2   4   3   1   1   1   5560   5   2   1   1   2   252   1   2   1   1   692   82   1   1   1   1   1   1   1   4   2   1   1   17   2   1   1   1   1   2   14   1   44   36   1   1   3   1   1   2   42   4   3   2   1   -9999   -9999   -9999   -9999   -9999   -9999   -9999   -9999   -9999   -9999   -9999   -9999   -9999   -9999   -9999   -9999   -9999   -9999   -9999   -9999   -9999   -9999   -9999   -9999   -9999   -9999   -9999   -9999   -9999   -9999
 -9999   -9999   -9999   -9999   -9999   -9999   -9999   -9999   -9999   -9999   -9999   -9999   -9999   -9999   -9999   -9999   -9999   -9999   -9999   -9999   -9999   -9999   -9999   -9999   -9999   -9999   -9999   -9999   -9999   -9999   -9999   -9999   1   1   1   1   1   2   7   9   11   12   1   1   1   1   1   1   1   1   1   1   1   1   1   1   1   2   1   1   1   1   2   3   1   4   1   2   3   1   11   15   18   21   24   2   1   1   3   2   2   2   2   2   1   1   1   1   1   1   1   1   1   1   2   2   1   5   7   1109   1111   1   5543   10   1   2   1   1   2   246   2   1   1   1   2   606   602   1   1   3   1   1   1   1   1   1   19   3   2   1   1   2   1   2   3   19   47   1   1   2   5   1   2   1   47   4   3   2   1   -9999   -9999   -9999   -9999   -9999   -9999   -9999   -9999   -9999   -9999   -9999   -9999   -9999   -9999   -9999   -9999   -9999   -9999   -9999   -9999   -9999   -9999   -9999   -9999   -9999   -9999   -9999   -9999   -9999   -9999
 -9999   -9999   -9999   -9999   -9999   -9999   -9999   -9999   -9999   -9999   -9999   -9999   -9999   -9999   -9999   -9999   -9999   -9999   -9999   -9999   -9999   -9999   -9999   -9999   -9999   -9999   -9999   -9999   -9999   -9999   -9999   -9999   3   1   1   4   1   1   1   1   2   4   17   19   1   1   1   1   1   1   1   1   1   1   1   1   2   1   3   2   2   2   1   1   2   1   3   5   6   9   3   1   1   1   1   1   1   1   1   1   1   1   1   1   1   1   1   2   2   2   2   2   2   1   4   1082   1084   1095   1105   1   1   5541   2   1   7   1   1   1   2   2   239   1   1   1   1   2   2   598   69   64   62   58   55   1   1   21   4   2   1   1   1   4   2   1   3   71   1   1   3   6   2   1   1   56   4   2   1   -9999   -9999   -9999   -9999   -9999   -9999   -9999   -9999   -9999   -9999   -9999   -9999   -9999   -9999   -9999   -9999   -9999   -9999   -9999   -9999   -9999   -9999   -9999   -9999   -9999   -9999   -9999   -9999   -9999   -9999   -9999   -9999
 -9999   -9999   -9999   -9999   -9999   -9999   -9999   -9999   -9999   -9999   -9999   -9999   -9999   -9999   -9999   -9999   -9999   -9999   -9999   -9999   -9999   -9999   -9999   -9999   -9999   -9999   -9999   -9999   -9999   -9999   -9999   -9999   4   2   1   2   6   1   1   1   1   1   3   5   27   29   34   37   3   1   2   2   1   3   2   1   2   3   2   4   3   3   4   1   1   1   1   1   2   1   1   1   1   1   2   3   1   2   1   1   1   1   1   1   1   2   2   4   3   3   3   1056   1065   1068   1074   1   4   1   1   1   1   4425   1   1   3   5   2   1   1   3   7   230   2   1   1   1   2   528   1   1   2   1   4   47   2   37   10   6   4   2   1   1   5   4   1   73   12   11   7   3   1   2   1   58   1   1   -9999   -9999   -9999   -9999   -9999   -9999   -9999   -9999   -9999   -9999   -9999   -9999   -9999   -9999   -9999   -9999   -9999   -9999   -9999   -9999   -9999   -9999   -9999   -9999   -9999   -9999   -9999   -9999   -9999   -9999   -9999   -9999   -9999
 -9999   -9999   -9999   -9999   -9999   -9999   -9999   -9999   -9999   -9999   -9999   -9999   -9999   -9999   -9999   -9999   -9999   -9999   -9999   -9999   -9999   -9999   -9999   -9999   -9999   -9999   -9999   -9999   -9999   -9999   -9999   -9999   1   8   1   1   10   2   2   1   1   1   1   1   1   1   1   1   40   46   50   54   59   1   3   2   1   3   4   100   105   110   120   2   1   1   1   1   1   1   1   1   2   2   1   2   6   9   14   16   2   2   2   1   2   4   291   292   5   1044   1050   1   6   1   3   2   2   1   1   2   4   4422   44   5   1   2   2   1   2   1   2   226   1   1   1   1   2   524   2   1   1   1   2   1   45   2   1   1   1   1   2   1   7   5   1   1   87   1   4   1   2   1   67   5   1   1   -9999   -9999   -9999   -9999   -9999   -9999   -9999   -9999   -9999   -9999   -9999   -9999   -9999   -9999   -9999   -9999   -9999   -9999   -9999   -9999   -9999   -9999   -9999   -9999   -9999   -9999   -9999   -9999   -9999   -9999   -9999   -9999   -9999
 -9999   -9999   -9999   -9999   -9999   -9999   -9999   -9999   -9999   -9999   -9999   -9999   -9999   -9999   -9999   -9999   -9999   -9999   -9999   -9999   -9999   -9999   -9999   -9999   -9999   -9999   -9999   -9999   -9999   -9999   -9999   -9999   1   1   10   13   14   28   31   36   1   1   1   1   1   1   1   1   1   1   1   1   1   65   71   75   79   85   88   1   1   1   2   127   1   3   1   1   4   1   1   2   4   5   1   1   1   1   1   2   19   22   3   7   281   288   1   1   1028   4   1   3   3   2   2   1   1   1   2   3   1   4373   1   38   2   1   1   1   1   1   3   1   220   5   2   1   1   519   3   2   1   1   1   1   1   1   1   1   1   1   2   3   9   1   281   274   1   5   1   1   107   103   6   1   3   2   -9999   -9999   -9999   -9999   -9999   -9999   -9999   -9999   -9999   -9999   -9999   -9999   -9999   -9999   -9999   -9999   -9999   -9999   -9999   -9999   -9999   -9999   -9999   -9999   -9999   -9999   -9999   -9999   -9999   -9999   -9999   -9999   -9999
 -9999   -9999   -9999   -9999   -9999   -9999   -9999   -9999   -9999   -9999   -9999   -9999   -9999   -9999   -9999   -9999   -9999   -9999   -9999   -9999   -9999   -9999   -9999   -9999   -9999   -9999   -9999   -9999   -9999   -9999   -9999   -9999   2   1   1   1   3   2   3   6   45   48   51   54   60   3   1   1   1   1   1   1   2   1   2   1   2   2   1   1   1   1   1   4   129   137   3   1   5   3   1   1   2   7   14   2   1   1   1   1   1   1   23   278   1   1   1   735   9   2   1   2   2   1   1   1   1   1   2   3   7   4370   1   1   34   2   1   1   1   1   1   1   2   211   1   1   1   514   1   4   3   1   1   1   1   1   1   1   2   3   363   360   297   286   1   1   183   122   121   118   6   28   1   3   1   -9999   -9999   -9999   -9999   -9999   -9999   -9999   -9999   -9999   -9999   -9999   -9999   -9999   -9999   -9999   -9999   -9999   -9999   -9999   -9999   -9999   -9999   -9999   -9999   -9999   -9999   -9999   -9999   -9999   -9999   -9999   -9999   -9999   -9999
 -9999   -9999   -9999   -9999   -9999   -9999   -9999   -9999   -9999   -9999   -9999   -9999   -9999   -9999   -9999   -9999   -9999   -9999   -9999   -9999   -9999   -9999   -9999   -9999   -9999   -9999   -9999   -9999   -9999   -9999   -9999   -9999   -9999   4   1   1   1   1   1   1   1   1   1   1   1   71   75   79   82   1   1   2   1   1   1   1   1   1   1   1   2   1   1   1   1   1   140   147   4   2   1   1   1   2   3   18   4   1   2   237   240   243   245   1   1   2   724   1   6   2   1   1   1   1   1   1   4   1   2   1   2999   1359   3   2   1   31   8   6   4   3   1   1   1   209   1   1   1   7   504   1   1   1   2   2   2   1   3   1   4   369   1   59   1   1   1   1   54   1   1   3   1   4   27   19   1   -9999   -9999   -9999   -9999   -9999   -9999   -9999   -9999   -9999   -9999   -9999   -9999   -9999   -9999   -9999   -9999   -9999   -9999   -9999   -9999   -9999   -9999   -9999   -9999   -9999   -9999   -9999   -9999   -9999   -9999   -9999   -9999   -9999   -9999
 -9999   -9999   -9999   -9999   -9999   -9999   -9999   -9999   -9999   -9999   -9999   -9999   -9999   -9999   -9999   -9999   -9999   -9999   -9999   -9999   -9999   -9999   -9999   -9999   -9999   -9999   -9999   -9999   -9999   -9999   -9999   -9999   -9999   -9999   5   9   1   1   1   1   2   3   4   7   9   1   2   2   2   88   91   95   98   1   1   1   1   1   2   2   4   2   1   1   1   1   1   3   157   2   2   1   1   1   1   1   19   6   234   4   1   1   1   1   1   721   3   1   4   1   1   1   1   2   4   11   12   17   1   2995   2   1   1357   1   1   1   21   11   6   3   1   1   3   8   198   1   1   1   3   498   496   1   5   1   3   1   410   405   395   1   1   1   57   1   1   1   1   50   2   1   2   3   5   2   18   -9999   -9999   -9999   -9999   -9999   -9999   -9999   -9999   -9999   -9999   -9999   -9999   -9999   -9999   -9999   -9999   -9999   -9999   -9999   -9999   -9999   -9999   -9999   -9999   -9999   -9999   -9999   -9999   -9999   -9999   -9999   -9999   -9999   -9999
 -9999   -9999   -9999   -9999   -9999   -9999   -9999   -9999   -9999   -9999   -9999   -9999   -9999   -9999   -9999   -9999   -9999   -9999   -9999   -9999   -9999   -9999   -9999   -9999   -9999   -9999   -9999   -9999   -9999   -9999   -9999   -9999   -9999   -9999   1   1   11   3   2   1   1   1   1   1   1   1   1   1   1   1   1   1   3   104   107   1   2   2   1   3   3   7   2   2   2   1   1   1   2   166   170   1   1   3   1   192   216   220   1   2   1   1   1   1   715   7   2   1   2   1   1   1   2   3   5   2   4   1   2990   1   1   1   1350   5   3   2   1   8   4   2   2   1   1   3   4   191   1   1   1   1   3   489   487   425   422   417   4   4   21   3   1   1   4   51   2   1   1   1   45   2   1   2   4   1   17   -9999   -9999   -9999   -9999   -9999   -9999   -9999   -9999   -9999   -9999   -9999   -9999   -9999   -9999   -9999   -9999   -9999   -9999   -9999   -9999   -9999   -9999   -9999   -9999   -9999   -9999   -9999   -9999   -9999   -9999   -9999   -9999   -9999   -9999
 -9999   -9999   -9999   -9999   -9999   -9999   -9999   -9999   -9999   -9999   -9999   -9999   -9999   -9999   -9999   -9999   -9999   -9999   -9999   -9999   -9999   -9999   -9999   -9999   -9999   -9999   -9999   -9999   -9999   -9999   -9999   -9999   -9999   -9999   1   1   1   12   7   1   1   2   2   1   1   1   1   2   1   1   1   1   1   1   1   112   116   120   122   7   1   1   10   3   3   2   1   1   1   4   2   175   179   185   189   3   1   2   1   1   1   1   4   701   3   2   2   1   1   1   2   3   1   1   1   1   1   6   2971   1   1   2   1   1345   4   2   1   2   5   3   1   1   2   3   12   1   176   1   1   1   1   1   56   1   1   1   1   2   3   20   1   1   1   3   44   3   1   2   36   4   1   1   3   14   2   -9999   -9999   -9999   -9999   -9999   -9999   -9999   -9999   -9999   -9999   -9999   -9999   -9999   -9999   -9999   -9999   -9999   -9999   -9999   -9999   -9999   -9999   -9999   -9999   -9999   -9999   -9999   -9999   -9999   -9999   -9999   -9999   -9999   -9999
 -9999   -9999   -9999   -9999   -9999   -9999   -9999   -9999   -9999   -9999   -9999   -9999   -9999   -9999   -9999   -9999   -9999   -9999   -9999   -9999   -9999   -9999   -9999   -9999   -9999   -9999   -9999   -9999   -9999   -9999   -9999   -9999   -9999   -9999   1   3   1   3   31   43   45   52   56   2   1   2   1   1   3   6   2   1   1   1   1   1   1   1   1   131   3   1   1   11   4   6   2   1   1   1   1   1   2   2   2   1   1   1   1   1   1   3   700   10   2   2   1   1   1   1   2   6   2   1   1   1   1   1   1   2962   1   1   1   1340   1   1   1   1   3   1   2   1   2   10   1   3   7   167   2   1   1   1   1   53   46   1   1   1   2   2   17   13   1   2   37   3   1   1   12   23   3   1   2   13   1   -9999   -9999   -9999   -9999   -9999   -9999   -9999   -9999   -9999   -9999   -9999   -9999   -9999   -9999   -9999   -9999   -9999   -9999   -9999   -9999   -9999   -9999   -9999   -9999   -9999   -9999   -9999   -9999   -9999   -9999   -9999   -9999   -9999   -9999
 -9999   -9999   -9999   -9999   -9999   -9999   -9999   -9999   -9999   -9999   -9999   -9999   -9999   -9999   -9999   -9999   -9999   -9999   -9999   -9999   -9999   -9999   -9999   -9999   -9999   -9999   -9999   -9999   -9999   -9999   -9999   -9999   -9999   -9999   1   6   10   15   2   1   3   1   1   60   4   1   2   1   2   1   8   4   2   1   2   1   1   1   2   1   467   470   473   489   1   1   9   2   1   1   1   1   1   1   1   1   1   1   1   2   2   685   1   5   2   1   1   1   1   2   1   3   9   2   1   2   2   5   2957   1   2   1   1   1337   1   1   1   2   1   1   1   1   4   5   2   2   1   9   155   151   1   1   2   1   3   44   1   1   1   1   3   9   2   1   2   34   2   1   11   8   14   1   1   5   7   -9999   -9999   -9999   -9999   -9999   -9999   -9999   -9999   -9999   -9999   -9999   -9999   -9999   -9999   -9999   -9999   -9999   -9999   -9999   -9999   -9999   -9999   -9999   -9999   -9999   -9999   -9999   -9999   -9999   -9999   -9999   -9999   -9999   -9999
 -9999   -9999   -9999   -9999   -9999   -9999   -9999   -9999   -9999   -9999   -9999   -9999   -9999   -9999   -9999   -9999   -9999   -9999   -9999   -9999   -9999   -9999   -9999   -9999   -9999   -9999   -9999   -9999   -9999   -9999   -9999   -9999   -9999   -9999   1   2   3   1   1   1   1   1   1   1   180   208   212   216   1   1   1   9   16   2   1   3   3   1   1   4   327   1   1   4   502   1   10   526   529   533   3   1   1   1   1   1   3   643   646   658   678   1   2   3   1   1   1   1   3   5   8   13   18   29   32   34   3   1410   1   1539   2   1   1   5   1329   7   4   1   1   1   1   1   2   4   1   1   8   1   2   144   3   1   1   1   1   3   38   1   1   1   1   3   5   1   1   31   2   1   10   7   11   2   1   3   6   -9999   -9999   -9999   -9999   -9999   -9999   -9999   -9999   -9999   -9999   -9999   -9999   -9999   -9999   -9999   -9999   -9999   -9999   -9999   -9999   -9999   -9999   -9999   -9999   -9999   -9999   -9999   -9999   -9999   -9999   -9999   -9999   -9999   -9999
 -9999   -9999   -9999   -9999   -9999   -9999   -9999   -9999   -9999   -9999   -9999   -9999   -9999   -9999   -9999   -9999   -9999   -9999   -9999   -9999   -9999   -9999   -9999   -9999   -9999   -9999   -9999   -9999   -9999   -9999   -9999   -9999   -9999   -9999   1   1   1   1   1   1   1   2   112   114   25   1   1   3   221   4   1   1   1   18   4   1   4   4   317   322   1   3   3   1   5   506   523   1   1   2   536   542   545   616   2   631   641   1   1   9   13   3   1   1   1   1   1   2   1   2   3   1   1   1   1   1   1404   2   1   1536   2   1   1   2   1   1320   1   1   1   3   1   1   1   1   2   6   1   1   2   143   2   1   2   1   1   1   1   34   1   1   1   2   3   1   1   4   25   1   8   1   6   10   1   2   5   -9999   -9999   -9999   -9999   -9999   -9999   -9999   -9999   -9999   -9999   -9999   -9999   -9999   -9999   -9999   -9999   -9999   -9999   -9999   -9999   -9999   -9999   -9999   -9999   -9999   -9999   -9999   -9999   -9999   -9999   -9999   -9999   -9999   -9999
 -9999   -9999   -9999   -9999   -9999   -9999   -9999   -9999   -9999   -9999   -9999   -9999   -9999   -9999   -9999   -9999   -9999   -9999   -9999   -9999   -9999   -9999   -9999   -9999   -9999   -9999   -9999   -9999   -9999   -9999   -9999   -9999   -9999   -9999   1   1   1   1   3   97   103   107   1   1   1   23   1   1   1   229   1   2   1   1   287   290   298   315   8   1   3   2   2   2   1   3   4   1   1   1   1   1   1   69   626   1   1   4   8   9   3   1   1   1   1   2   3   3   1   1   1   1   1   1   3   1369   2   1   1   1532   8   2   1   1   2   1318   2   1   1   11   5   3   2   1   1   2   3   1   2   20   118   4   1   1   1   1   1   1   29   26   1   1   1   1   1   2   20   3   1   7   4   1   9   1   4   -9999   -9999   -9999   -9999   -9999   -9999   -9999   -9999   -9999   -9999   -9999   -9999   -9999   -9999   -9999   -9999   -9999   -9999   -9999   -9999   -9999   -9999   -9999   -9999   -9999   -9999   -9999   -9999   -9999   -9999   -9999   -9999   -9999   -9999
 -9999   -9999   -9999   -9999   -9999   -9999   -9999   -9999   -9999   -9999   -9999   -9999   -9999   -9999   -9999   -9999   -9999   -9999   -9999   -9999   -9999   -9999   -9999   -9999   -9999   -9999   -9999   -9999   -9999   -9999   -9999   -9999   -9999   -9999   1   3   5   8   91   1   4   1   2   1   21   1   1   1   2   11   245   250   254   264   5   1   3   4   2   5   2   1   1   1   2   2   1   1   2   3   1   1   67   1   5   4   3   5   2   8   1   1   1   4   6   7   17   1   5   2   1   2   2   5   1361   1   1   1   1516   1   7   5   2   1   1   2   1310   1304   1291   1287   1   1   1   1   1   1   2   1   4   13   1   112   2   2   4   2   1   1   1   1   21   4   3   2   1   1   18   1   1   4   2   3   4   4   3   -9999   -9999   -9999   -9999   -9999   -9999   -9999   -9999   -9999   -9999   -9999   -9999   -9999   -9999   -9999   -9999   -9999   -9999   -9999   -9999   -9999   -9999   -9999   -9999   -9999   -9999   -9999   -9999   -9999   -9999   -9999   -9999   -9999   -9999
 -9999   -9999   -9999   -9999   -9999   -9999   -9999   -9999   -9999   -9999   -9999   -9999   -9999   -9999   -9999   -9999   -9999   -9999   -9999   -9999   -9999   -9999   -9999   -9999   -9999   -9999   -9999   -9999   -9999   -9999   -9999   -9999   -9999   -9999   1   1   2   80   1   2   3   1   1   16   2   1   1   5   10   2   1   2   2   3   2   2   2   3   1   3   1   1   1   1   1   1   2   3   4   21   57   65   1   1   4   3   2   4   1   6   1   1   2   1   2   4   2   21   23   31   2   1   4   1354   1   1   1   1   1512   2   1   5   2   1   1   4   1   11   2   1   1273   11   8   6   3   1   1   3   3   9   1   3   105   101   1   1   2   1   3   2   1   16   13   5   3   1   9   8   1   3   1   2   3   3   2   -9999   -9999   -9999   -9999   -9999   -9999   -9999   -9999   -9999   -9999   -9999   -9999   -9999   -9999   -9999   -9999   -9999   -9999   -9999   -9999   -9999   -9999   -9999   -9999   -9999   -9999   -9999   -9999   -9999   -9999   -9999   -9999   -9999   -9999
 -9999   -9999   -9999   -9999   -9999   -9999   -9999   -9999   -9999   -9999   -9999   -9999   -9999   -9999   -9999   -9999   -9999   -9999   -9999   -9999   -9999   -9999   -9999   -9999   -9999   -9999   -9999   -9999   -9999   -9999   -9999   -9999   -9999   1   2   31   1   76   1   1   2   1   2   14   1   1   2   1   3   1   1   1   1   1   1   1   1   1   1   1   1   1   2   1   1   1   2   3   16   20   31   1   4   1   2   2   1   3   2   2   1   1   1   1   1   1   1   1   2   3   35   38   39   1348   1   1   1   2   1508   2   1   2   2   1   2   1   8   2   1   1   2   1258   2   1   1   1   1   1   2   8   2   1   2   93   87   49   1   12   8   6   3   2   2   7   1   1   8   2   4   1   2   1   2   2   1   -9999   -9999   -9999   -9999   -9999   -9999   -9999   -9999   -9999   -9999   -9999   -9999   -9999   -9999   -9999   -9999   -9999   -9999   -9999   -9999   -9999   -9999   -9999   -9999   -9999   -9999   -9999   -9999   -9999   -9999   -9999   -9999   -9999   -9999
 -9999   -9999   -9999   -9999   -9999   -9999   -9999   -9999   -9999   -9999   -9999   -9999   -9999   -9999   -9999   -9999   -9999   -9999   -9999   -9999   -9999   -9999   -9999   -9999   -9999   -9999   -9999   -9999   -9999   -9999   -9999   -9999   -9999   1   27   1   33   40   1   1   1   1   2   9   1   1   2   1   1   1   2   3   15   16   17   1   1   1   1   1   1   1   2   4   1   3   10   12   19   2   3   5   2   1   1   1   1   1   1   1   1   1   3   3   1   1   1   1   1   1   1   87   1   1307   1   1   4   1504   1   1   1   1   1   1   1   1   4   2   1   1   3   1255   1   1   1   1   2   1   1   7   1   1   3   2   34   2   45   2   1   1   2   1   1   1   6   4   2   7   1   2   1   1   1   1   1   1   -9999   -9999   -9999   -9999   -9999   -9999   -9999   -9999   -9999   -9999   -9999   -9999   -9999   -9999   -9999   -9999   -9999   -9999   -9999   -9999   -9999   -9999   -9999   -9999   -9999   -9999   -9999   -9999   -9999   -9999   -9999   -9999   -9999
 -9999   -9999   -9999   -9999   -9999   -9999   -9999   -9999   -9999   -9999   -9999   -9999   -9999   -9999   -9999   -9999   -9999   -9999   -9999   -9999   -9999   -9999   -9999   -9999   -9999   -9999   -9999   -9999   -9999   -9999   -9999   -9999   1   3   22   1   35   2   1   1   2   4   5   1   1   1   2   5   6   7   8   11   1   2   3   22   2   1   3   2   2   1   2   5   5   6   1   10   8   1   2   3   1   1   1   1   1   1   1   1   1   2   1   4   5   2   2   1   4   83   85   1   89   1304   1   1   1438   58   2   1   2   2   1   1   1   1   1   1   1   2   2   7   1243   1234   2   3   2   1   1   3   2   2   1   8   24   1   1   30   27   24   5   4   3   2   1   1   1   1   6   3   2   1   1   1   2   2   -9999   -9999   -9999   -9999   -9999   -9999   -9999   -9999   -9999   -9999   -9999   -9999   -9999   -9999   -9999   -9999   -9999   -9999   -9999   -9999   -9999   -9999   -9999   -9999   -9999   -9999   -9999   -9999   -9999   -9999   -9999   -9999   -9999
 -9999   -9999   -9999   -9999   -9999   -9999   -9999   -9999   -9999   -9999   -9999   -9999   -9999   -9999   -9999   -9999   -9999   -9999   -9999   -9999   -9999   -9999   -9999   -9999   -9999   -9999   -9999   -9999   -9999   -9999   -9999   -9999   1   18   3   1   31   1   1   2   4   5   1   1   1   1   1   1   1   1   2   1   1   2   3   28   55   60   1   3   3   2   1   1   6   7   9   4   2   1   1   1   1   1   2   4   6   9   2   2   1   2   36   45   52   56   59   1   76   1   1   1   1302   1   1   1435   1   1   54   3   3   1   1   3   1   1   1   1   1   1   1   3   2   6   1229   3   1   2   1   2   1   1   6   1   1   22   9   1   1   2   18   16   14   10   9   8   6   4   2   2   1   1   1   2   2   5   1   -9999   -9999   -9999   -9999   -9999   -9999   -9999   -9999   -9999   -9999   -9999   -9999   -9999   -9999   -9999   -9999   -9999   -9999   -9999   -9999   -9999   -9999   -9999   -9999   -9999   -9999   -9999   -9999   -9999   -9999   -9999   -9999
 -9999   -9999   -9999   -9999   -9999   -9999   -9999   -9999   -9999   -9999   -9999   -9999   -9999   -9999   -9999   -9999   -9999   -9999   -9999   -9999   -9999   -9999   -9999   -9999   -9999   -9999   -9999   -9999   -9999   -9999   -9999   -9999   14   3   2   1   29   1   1   1   1   2   8   3   2   1   2   5   8   11   14   17   19   23   24   1   1   9   74   1   1   93   3   1   1   1   1   2   1   1   1   1   1   1   1   2   3   4   14   25   26   31   2   1   1   1   10   72   1   1   1   2   1210   1   1   2   1430   1   32   18   4   2   4   2   1   3   2   1   1   1   2   1   2   3   3   1219   3   3   2   1   1   2   3   1   7   2   3   8   3   1   1   1   1   3   2   1   1   1   1   1   1   2   2   1   3   8   2   -9999   -9999   -9999   -9999   -9999   -9999   -9999   -9999   -9999   -9999   -9999   -9999   -9999   -9999   -9999   -9999   -9999   -9999   -9999   -9999   -9999   -9999   -9999   -9999   -9999   -9999   -9999   -9999   -9999   -9999   -9999   -9999
 -9999   -9999   -9999   -9999   -9999   -9999   -9999   -9999   -9999   -9999   -9999   -9999   -9999   -9999   -9999   -9999   -9999   -9999   -9999   -9999   -9999   -9999   -9999   -9999   -9999   -9999   -9999   -9999   -9999   -9999   -9999   1   12   2   1   1   25   1   1   1   1   1   1   9   15   2   1   1   1   2   1   1   1   2   1   4   6   2   1   79   83   1   95   97   4   1   1   1   1   1   2   1   2   2   2   1   1   2   4   2   2   1   1   1   1   1   8   1   1   1   2   1   1206   1   1   1   1428   1   31   1   9   8   7   3   2   8   2   4   2   1   1   1   2   2   1   1214   10   5   4   2   1   1   2   1   4   1   2   4   1   1   9   8   7   6   5   4   3   2   1   1   1   4   3   1   2   4   11   1   1   -9999   -9999   -9999   -9999   -9999   -9999   -9999   -9999   -9999   -9999   -9999   -9999   -9999   -9999   -9999   -9999   -9999   -9999   -9999   -9999   -9999   -9999   -9999   -9999   -9999   -9999   -9999   -9999   -9999   -9999
 -9999   -9999   -9999   -9999   -9999   -9999   -9999   -9999   -9999   -9999   -9999   -9999   -9999   -9999   -9999   -9999   -9999   -9999   -9999   -9999   -9999   -9999   -9999   -9999   -9999   -9999   -9999   -9999   -9999   -9999   -9999   2   9   1   1   8   14   2   1   3   8   10   3   1   1   18   1   1   1   1   1   1   1   1   1   1   1   1   1   1   1   1   1   1   104   2   1   1   1   5   1   2   1   4   7   4   1   1   1   1   1   1   1   2   5   6   1   1   1   1   1   1203   1   1   1   1   1425   2   1   30   29   28   27   21   18   9   8   3   2   1   1   1   1   1   2   1202   1   1   1   1   1   1   1   1   1   1   1   1   1   1   15   3   2   1   4   3   2   1   1   2   1   2   8   1   2   7   1   13   2   1   -9999   -9999   -9999   -9999   -9999   -9999   -9999   -9999   -9999   -9999   -9999   -9999   -9999   -9999   -9999   -9999   -9999   -9999   -9999   -9999   -9999   -9999   -9999   -9999   -9999   -9999   -9999   -9999   -9999
 -9999   -9999   -9999   -9999   -9999   -9999   -9999   -9999   -9999   -9999   -9999   -9999   -9999   -9999   -9999   -9999   -9999   -9999   -9999   -9999   -9999   -9999   -9999   -9999   -9999   -9999   -9999   -9999   -9999   -9999   1   1   7   1   6   8   5   1   1   3   1   1   12   33   36   57   3   1   1   1   3   6   2   1   1   1   2   3   4   1   1   1   1   1   1   109   4   1   1   7   2   3   1   2   1   12   2   1   1   1   1   2   4   5   1   1   1   1   2   1192   1198   3   1   1   2   85   1   1335   1   1   2   1   1   1   2   1   1   1   2   2   1   1   1   1   2   1198   3   2   1   1   3   1   1   1   1   1   1   1   18   16   1   2   1   8   3   2   1   1   2   3   2   3   9   2   1   10   2   1   14   4   1   1   2   1   1   -9999   -9999   -9999   -9999   -9999   -9999   -9999   -9999   -9999   -9999   -9999   -9999   -9999   -9999   -9999   -9999   -9999   -9999   -9999   -9999   -9999   -9999   -9999   -9999
 -9999   -9999   -9999   -9999   -9999   -9999   -9999   -9999   -9999   -9999   -9999   -9999   -9999   -9999   -9999   -9999   -9999   -9999   -9999   -9999   -9999   -9999   -9999   -9999   -9999   -9999   -9999   -9999   -9999   -9999   1   3   3   4   2   5   3   1   1   1   1   11   16   2   1   1   64   67   1   1   1   1   10   1   1   2   3   4   5   10   25   27   31   1   1   1   115   1   2   10   4   1   1   1   3   5   15   2   2   1   4   1   1   1   8   1   1176   1179   1189   2   1   1   1   75   81   1   1   1333   389   5   1   1   1   1   1   2   2   3   3   2   2   2   1   1   2   1   1189   4   2   1   4   2   3   1   2   3   1   23   3   2   1   12   11   2   1   1   1   2   3   4   3   4   1   12   1   12   3   2   1   20   2   3   1   2   1   1   1   -9999   -9999   -9999   -9999   -9999   -9999   -9999   -9999   -9999   -9999   -9999   -9999   -9999   -9999   -9999   -9999   -9999   -9999   -9999   -9999   -9999   -9999
 -9999   -9999   -9999   -9999   -9999   -9999   -9999   -9999   -9999   -9999   -9999   -9999   -9999   -9999   -9999   -9999   -9999   -9999   -9999   -9999   -9999   -9999   -9999   -9999   -9999   -9999   -9999   -9999   -9999   -9999   -9999   1   2   3   1   4   2   1   1   1   8   3   1   1   1   1   1   2   71   3   1   1   12   2   2   1   2   4   6   11   2   1   1   34   1   1   606   609   622   5   2   1   1   2   2   3   24   1   6   1   1   7   9   10   1   1173   5   1   4   1   1   1   71   1   2   3   1   942   1   383   3   1   2   91   89   86   4   21   6   3   3   2   1   1   1   3   2   1179   2   5   1   3   4   2   3   5   24   1   1   2   13   2   1   1   1   2   2   3   4   5   4   5   1   15   2   13   4   3   1   22   7   1   4   1   2   2   2   -9999   -9999   -9999   -9999   -9999   -9999   -9999   -9999   -9999   -9999   -9999   -9999   -9999   4   3   2   1   -9999   -9999   -9999   -9999   -9999
 -9999   -9999   -9999   -9999   -9999   -9999   -9999   -9999   -9999   -9999   -9999   -9999   -9999   -9999   -9999   -9999   -9999   -9999   -9999   -9999   -9999   -9999   -9999   -9999   -9999   -9999   -9999   -9999   -9999   -9999   -9999   -9999   1   2   2   1   1   1   3   5   1   1   1   3   5   7   1   1   2   74   94   14   1   3   3   1   1   1   2   2   1   1   1   1   35   487   2   1   2   633   1   2   2   1   3   1   1   25   26   33   35   1   1   1   1158   15   3   1   2   1   1   57   10   2   1   2   1   939   1   1   378   99   96   2   1   1   76   51   11   10   9   3   1   2   1   1   2   1   1173   1149   1   1   1023   1015   1011   34   4   2   1   16   4   1   2   2   1   3   3   4   5   6   5   6   1   1   18   18   1   4   1   31   1   5   2   1   3   5   2   1   -9999   -9999   -9999   -9999   -9999   -9999   1   1   1   1   1   8   3   2   1   -9999   -9999   -9999   -9999   -9999   -9999
 -9999   -9999   -9999   -9999   -9999   -9999   -9999   -9999   -9999   -9999   -9999   -9999   -9999   -9999   -9999   -9999   -9999   -9999   -9999   -9999   -9999   -9999   -9999   -9999   -9999   -9999   -9999   -9999   -9999   -9999   -9999   -9999   -9999   1   1   1   2   1   1   1   1   1   1   1   1   2   8   1   1   1   1   189   6   1   1   5   1   1   1   1   1   2   4   7   449   1   1   1   1   676   3   1   3   897   902   905   1   1   1   1   1   1109   1125   1131   1   1   13   2   1   1   55   2   7   1   1   2   1   936   1   1   278   1   1   1   1   1   1   1   50   42   19   17   14   2   1   1   1   2   10   11   1141   1139   4   1   1   972   1   1   18   1   11   6   3   2   4   1   4   10   1   7   12   1   1   2   38   1   2   5   1   35   6   1   3   2   18   9   6   2   1   -9999   -9999   1   1   2   2   1   2   4   11   2   1   1   -9999   -9999   -9999   -9999   -9999   -9999   -9999
 -9999   -9999   -9999   -9999   -9999   -9999   -9999   -9999   -9999   -9999   -9999   -9999   -9999   -9999   -9999   -9999   -9999   -9999   -9999   -9999   -9999   -9999   -9999   -9999   -9999   -9999   -9999   -9999   -9999   -9999   -9999   -9999   -9999   -9999   1   1   1   4   7   8   11   13   1   1   1   1   69   75   78   81   94   1   196   1   1   216   1   2   1   1   1   1   1   439   1   1   1   2   37   1   680   888   891   1   1   7   920   923   931   934   1072   1   14   1   2   9   3   1   1   3   50   1   4   2   1   1   4   933   1   1   275   35   34   1   20   3   2   1   7   1   21   1   2   9   1   1   7   9   9   1   1   110   2   1   1   970   1   51   31   29   17   1   10   7   2   1   15   2   1   8   13   1   3   1   42   1   1   8   1   2   76   31   27   22   3   2   1   3   2   1   1   1   2   1   6   2   7   14   2   1   2   -9999   -9999   -9999   -9999   -9999   -9999   -9999   -9999
 -9999   -9999   -9999   -9999   -9999   -9999   -9999   -9999   -9999   -9999   -9999   -9999   -9999   -9999   -9999   -9999   -9999   -9999   -9999   -9999   -9999   -9999   -9999   -9999   -9999   -9999   -9999   -9999   -9999   -9999   -9999   -9999   -9999   -9999   1   2   9   14   15   21   22   28   44   50   55   58   3   1   1   1   12   3   202   205   208   2   221   224   3   1   1   2   435   1   1   1   2   33   1   2   3   206   1   1   2   4   6   1   6   1   135   1   13   1   4   4   1   1   1   12   34   3   3   1   1   2   925   1   1   2   1   235   1   32   1   16   3   1   6   1   2   18   1   6   1   5   1   4   2   2   1   109   1   1   1   5   962   1   8   2   1   15   4   3   2   1   18   1   2   9   14   2   4   1   47   1   2   9   1   2   80   2   1   2   1   2   1   1   1   1   2   2   3   1   1   9   24   2   1   3   -9999   -9999   -9999   -9999   -9999   -9999   -9999   -9999   -9999
 -9999   -9999   -9999   -9999   -9999   -9999   -9999   -9999   -9999   -9999   -9999   -9999   -9999   -9999   -9999   -9999   -9999   -9999   -9999   -9999   -9999   -9999   -9999   -9999   -9999   -9999   -9999   -9999   -9999   -9999   -9999   -9999   -9999   1   2   5   3   1   5   1   5   2   2   1   3   1   1   1   1   11   1   1   1   1   1   1   1   1   335   2   1   426   5   1   1   2   28   2   1   1   204   2   1   1   3   1   4   5   1   1   133   1   8   4   3   1   2   1   11   32   1   2   2   1   2   1   922   1   1   2   1   233   1   10   2   1   12   1   2   2   1   4   13   4   1   4   2   1   1   1   21   106   3   1   2   1   1   908   1   5   3   2   1   1   1   2   20   1   12   1   15   1   7   1   48   1   12   1   1   84   1   1   1   1   4   1   2   2   1   2   3   3   4   1   12   27   2   1   5   1   -9999   -9999   -9999   -9999   -9999   -9999   -9999   -9999   -9999
 -9999   -9999   -9999   -9999   -9999   -9999   -9999   -9999   -9999   -9999   -9999   -9999   -9999   -9999   -9999   -9999   -9999   -9999   -9999   -9999   -9999   -9999   -9999   -9999   -9999   -9999   -9999   -9999   -9999   -9999   -9999   -9999   -9999   -9999   1   1   1   3   1   1   2   1   1   1   1   1   2   6   8   1   1   1   1   96   98   100   102   103   1   419   422   1   2   1   1   2   23   1   1   2   200   1   1   2   1   3   4   1   1   2   128   1   6   1   3   2   1   8   1   30   1   1   1   1   2   916   3   1   1   1   228   2   1   2   5   1   1   11   8   1   1   3   12   1   2   3   1   1   14   20   1   81   1   1   1   2   3   898   1   1   1   1   1   4   1   23   1   2   14   1   1   17   1   9   421   372   366   2   88   2   1   1   2   6   1   3   3   1   2   3   4   4   1   5   47   1   1   8   2   1   -9999   -9999   -9999   -9999   -9999   -9999   -9999   -9999   -9999
 -9999   -9999   -9999   -9999   -9999   -9999   -9999   -9999   -9999   -9999   -9999   -9999   -9999   -9999   -9999   -9999   -9999   -9999   -9999   -9999   -9999   -9999   -9999   -9999   -9999   -9999   -9999   -9999   -9999   -9999   -9999   -9999   -9999   -9999   -9999   1   2   2   3   1   1   1   1   1   1   2   3   1   1   1   1   83   88   6   1   1   1   1   80   3   1   1   1   1   2   20   2   1   2   1   196   2   1   1   1   3   2   3   6   126   23   5   4   1   2   1   3   4   1   26   2   1   2   3   4   911   2   1   1   3   3   218   2   1   1   3   1   1   1   7   1   2   4   7   1   2   1   12   1   5   1   78   2   1   1   1   1   53   840   1   1   3   5   25   24   1   2   3   16   1   1   2   456   437   1   1   3   351   1   1   2   3   7   10   8   4   5   3   1   4   5   5   2   1   61   13   11   2   1   -9999   -9999   -9999   -9999   -9999   -9999   -9999   -9999   -9999   -9999
 -9999   -9999   -9999   -9999   -9999   -9999   -9999   -9999   -9999   -9999   -9999   -9999   -9999   -9999   -9999   -9999   -9999   -9999   -9999   -9999   -9999   -9999   -9999   -9999   -9999   -9999   -9999   -9999   -9999   -9999   -9999   -9999   -9999   -9999   -9999   -9999   1   1   3   8   1   1   3   23   25   1   1   1   1   2   79   3   1   4   1   1   1   77   1   1   1   1   6   9   14   3   1   1   2   5   192   3   1   1   2   1   1   1   102   2   1   16   4   3   1   2   2   1   1   24   1   2   3   4   5   904   2   1   1   2   5   215   18   17   16   15   9   8   7   3   2   1   3   4   2   1   10   1   3   1   2   74   2   1   1   1   2   49   2   835   833   6   27   1   5   3   4   1   1   499   1   465   6   2   3   1   1   6   255   251   247   8   11   1   1   6   1   2   1   5   6   6   1   71   6   4   2   1   -9999   -9999   -9999   -9999   -9999   -9999   -9999   -9999   -9999   -9999   -9999
 -9999   -9999   -9999   -9999   -9999   -9999   -9999   -9999   -9999   -9999   -9999   -9999   -9999   -9999   -9999   -9999   -9999   -9999   -9999   -9999   -9999   -9999   -9999   -9999   -9999   -9999   -9999   -9999   -9999   -9999   -9999   -9999   -9999   -9999   -9999   -9999   -9999   1   1   2   12   1   18   1   2   28   33   35   53   77   12   1   1   3   1   2   69   6   3   1   1   4   2   1   3   1   1   1   2   174   8   1   1   1   4   6   7   93   2   1   1   15   2   1   2   1   1   1   2   21   1   2   3   4   5   896   2   1   1   4   2   191   1   2   1   1   4   3   1   6   2   1   2   3   1   7   2   1   1   1   1   69   1   1   1   44   47   1   1   1   118   704   1   6   1   1   1   540   534   2   480   12   2   3   1   2   5   2   1   2   12   221   219   2   1   8   3   1   2   1   12   85   78   4   1   1   1   -9999   -9999   -9999   -9999   -9999   -9999   -9999   -9999   -9999   -9999   -9999   -9999
 -9999   -9999   -9999   -9999   -9999   -9999   -9999   -9999   -9999   -9999   -9999   -9999   -9999   -9999   -9999   -9999   -9999   -9999   -9999   -9999   -9999   -9999   -9999   -9999   -9999   -9999   -9999   -9999   -9999   -9999   -9999   -9999   -9999   -9999   -9999   -9999   -9999   -9999   1   2   3   16   1   1   1   2   13   17   7   1   10   1   1   1   1   2   65   1   2   1   1   1   1   1   1   1   2   1   1   171   1   7   1   2   1   1   4   34   47   1   1   14   2   1   1   2   5   6   19   1   1   1   4   5   1   888   1   1   3   1   2   6   181   1   1   3   2   1   1   4   1   1   1   2   2   4   1   1   2   5   55   11   1   1   3   40   1   1   1   2   115   3   672   8   1   1   545   2   31   1   1   10   1   1   2   1   4   1   1   9   2   1   3   201   192   172   2   1   1   4   101   1   1   1   1   1   1   -9999   -9999   -9999   -9999   -9999   -9999   -9999   -9999   -9999   -9999   -9999   -9999
 -9999   -9999   -9999   -9999   -9999   -9999   -9999   -9999   -9999   -9999   -9999   -9999   -9999   -9999   -9999   -9999   -9999   -9999   -9999   -9999   -9999   -9999   -9999   -9999   -9999   -9999   -9999   -9999   -9999   -9999   -9999   -9999   -9999   -9999   -9999   -9999   -9999   -9999   -9999   -9999   -9999   1   1   3   9   12   3   1   5   2   6   1   1   1   1   1   61   1   1   1   1   1   1   1   1   1   1   3   164   1   3   5   1   1   1   2   29   2   42   3   1   7   4   1   1   2   2   3   3   6   1   2   1   7   886   1   2   1   2   1   3   2   12   165   7   2   1   1   1   1   3   2   1   1   1   3   1   2   9   48   1   2   7   1   37   1   2   1   1   113   1   2   1   662   603   600   52   1   1   30   25   2   7   2   1   1   2   1   1   7   1   2   3   5   1   17   158   150   142   131   1   2   1   1   1   3   -9999   -9999   -9999   -9999   -9999   -9999   -9999   -9999   -9999   -9999   -9999   -9999   -9999
 -9999   -9999   -9999   -9999   -9999   -9999   -9999   -9999   -9999   -9999   -9999   -9999   -9999   -9999   -9999   -9999   -9999   -9999   -9999   -9999   -9999   -9999   -9999   -9999   -9999   -9999   -9999   -9999   -9999   -9999   -9999   -9999   -9999   -9999   -9999   -9999   -9999   -9999   -9999   -9999   -9999   1   3   4   1   1   2   4   1   4   1   1   2   5   13   44   14   1   1   2   4   9   11   14   2   1   146   155   4   1   2   2   1   1   2   28   1   1   39   3   1   6   2   1   1   1   1   2   4   1   2   4   5   1   1   869   2   1   1   2   1   2   7   1   156   1   4   2   2   1   1   2   1   1   2   1   2   6   26   11   1   1   6   1   31   5   1   1   109   2   1   1   3   58   1   1   2   48   18   1   3   24   1   4   3   2   1   1   2   4   1   1   1   4   15   1   7   6   5   26   2   1   1   8   5   -9999   -9999   -9999   -9999   -9999   -9999   -9999   -9999   -9999   -9999   -9999   -9999   -9999   -9999
 -9999   -9999   -9999   -9999   -9999   -9999   -9999   -9999   -9999   -9999   -9999   -9999   -9999   -9999   -9999   -9999   -9999   -9999   -9999   -9999   -9999   -9999   -9999   -9999   -9999   -9999   -9999   -9999   -9999   -9999   -9999   -9999   -9999   -9999   -9999   -9999   -9999   -9999   -9999   -9999   -9999   -9999   -9999   -9999   -9999   1   1   2   1   2   2   4   6   7   24   5   9   3   1   1   3   1   2   1   15   143   1   8   1   1   1   1   4   17   21   4   1   1   34   2   1   1   4   1   1   1   1   2   1   1   1   1   1   1   1   863   12   2   1   1   1   2   4   1   7   146   1   3   2   2   3   3   2   1   1   1   3   20   5   8   2   1   4   1   5   18   4   1   2   104   1   2   1   54   9   1   1   3   26   17   2   2   23   5   4   3   2   1   1   2   1   1   2   1   14   3   3   5   1   3   25   15   13   1   1   -9999   -9999   -9999   -9999   -9999   -9999   -9999   -9999   -9999   -9999   -9999   -9999   -9999   -9999
 -9999   -9999   -9999   -9999   -9999   -9999   -9999   -9999   -9999   -9999   -9999   -9999   -9999   -9999   -9999   -9999   -9999   -9999   -9999   -9999   -9999   -9999   -9999   -9999   -9999   -9999   -9999   -9999   -9999   -9999   -9999   -9999   -9999   -9999   -9999   -9999   -9999   -9999   -9999   -9999   -9999   -9999   -9999   -9999   -9999   -9999   -9999   1   1   1   1   1   1   23   4   1   5   2   1   1   1   2   1   5   116   1   6   1   7   1   1   3   12   3   2   1   1   27   1   4   1   1   2   1   2   2   2   1   1   1   1   1   3   415   842   3   8   9   7   1   1   1   2   6   1   1   138   44   40   34   28   20   17   2   1   1   2   17   4   7   1   1   2   4   16   1   3   1   99   1   3   1   32   10   1   7   1   2   25   1   13   1   1   17   13   2   1   2   1   1   1   2   3   11   2   2   2   2   2   2   2   7   4   3   1   -9999   -9999   -9999   -9999   -9999   -9999   -9999   -9999   -9999   -9999   -9999   -9999   -9999   -9999
 -9999   -9999   -9999   -9999   -9999   -9999   -9999   -9999   -9999   -9999   -9999   -9999   -9999   -9999   -9999   -9999   -9999   -9999   -9999   -9999   -9999   -9999   -9999   -9999   -9999   -9999   -9999   -9999   -9999   -9999   -9999   -9999   -9999   -9999   -9999   -9999   -9999   -9999   -9999   -9999   -9999   -9999   -9999   -9999   -9999   -9999   -9999   -9999   1   2   1   2   3   18   3   1   3   1   1   1   2   1   3   74   1   41   4   1   4   1   1   9   2   2   1   1   2   22   1   2   1   1   1   2   3   6   11   12   15   1   2   408   410   1   423   1   2   7   1   5   1   1   4   1   3   4   93   2   1   1   2   4   2   13   2   1   1   16   3   4   2   1   3   12   3   1   1   7   96   1   2   29   2   5   4   4   1   1   23   1   2   10   1   1   2   10   5   2   1   1   2   3   5   2   1   1   1   1   1   1   1   1   1   3   1   -9999   -9999   -9999   -9999   -9999   -9999   -9999   -9999   -9999   -9999   -9999   -9999   -9999   -9999
 -9999   -9999   -9999   -9999   -9999   -9999   -9999   -9999   -9999   -9999   -9999   -9999   -9999   -9999   -9999   -9999   -9999   -9999   -9999   -9999   -9999   -9999   -9999   -9999   -9999   -9999   -9999   -9999   -9999   -9999   -9999   -9999   -9999   -9999   -9999   -9999   -9999   -9999   -9999   -9999   -9999   -9999   -9999   -9999   -9999   -9999   -9999   -9999   1   3   7   8   16   1   2   1   1   1   1   2   1   57   62   1   1   40   1   1   2   1   2   6   1   1   1   11   1   18   1   1   1   1   1   2   1   1   1   1   1   16   405   2   1   1   420   1   1   2   4   1   3   1   2   2   1   3   2   81   3   2   1   1   3   1   10   1   12   3   2   3   1   2   3   8   2   1   6   1   87   1   1   28   1   4   3   1   2   1   20   1   1   2   6   1   1   1   3   2   1   -9999   -9999   1   1   -9999   -9999   -9999   -9999   -9999   -9999   -9999   -9999   -9999   -9999   1   1   -9999   -9999   -9999   -9999   -9999   -9999   -9999   -9999   -9999   -9999   -9999   -9999   -9999   -9999
 -9999   -9999   -9999   -9999   -9999   -9999   -9999   -9999   -9999   -9999   -9999   -9999   -9999   -9999   -9999   -9999   -9999   -9999   -9999   -9999   -9999   -9999   -9999   -9999   -9999   -9999   -9999   -9999   -9999   -9999   -9999   -9999   -9999   -9999   -9999   -9999   -9999   -9999   -9999   -9999   -9999   -9999   -9999   -9999   -9999   -9999   -9999   -9999   -9999   1   1   2   4   1   1   1   1   1   2   4   53   7   1   3   1   4   34   1   1   1   4   1   1   2   9   1   13   2   1   1   1   2   2   1   318   323   328   344   347   399   1   1   1   3   417   1   1   1   1   1   1   1   1   1   1   1   4   77   1   4   3   1   1   1   7   1   11   2   1   2   1   2   1   6   1   2   2   2   84   1   1   4   22   1   2   2   1   5   5   9   2   1   3   1   -9999   -9999   -9999   -9999   -9999   -9999   -9999   -9999   -9999   -9999   -9999   -9999   -9999   -9999   -9999   -9999   -9999   -9999   -9999   -9999   -9999   -9999   -9999   -9999   -9999   -9999   -9999   -9999   -9999   -9999   -9999   -9999   -9999   -9999   -9999
 -9999   -9999   -9999   -9999   -9999   -9999   -9999   -9999   -9999   -9999   -9999   -9999   -9999   -9999   -9999   -9999   -9999   -9999   -9999   -9999   -9999   -9999   -9999   -9999   -9999   -9999   -9999   -9999   -9999   -9999   -9999   -9999   -9999   -9999   -9999   -9999   -9999   -9999   -9999   -9999   -9999   -9999   -9999   -9999   -9999   -9999   -9999   -9999   -9999   -9999   1   2   1   1   1   1   4   20   21   36   2   1   5   2   1   2   32   2   1   2   1   1   4   6   1   1   3   1   1   1   2   4   1   314   2   1   3   14   1   1   33   1   1   1   412   3   1   1   1   1   1   1   2   1   1   3   3   6   65   2   1   1   2   1   2   4   1   9   1   1   1   2   4   1   1   1   1   1   80   1   1   3   7   14   1   1   1   4   4   2   4   1   2   -9999   -9999   -9999   -9999   -9999   -9999   -9999   -9999   -9999   -9999   -9999   -9999   -9999   -9999   -9999   -9999   -9999   -9999   -9999   -9999   -9999   -9999   -9999   -9999   -9999   -9999   -9999   -9999   -9999   -9999   -9999   -9999   -9999   -9999   -9999   -9999
 -9999   -9999   -9999   -9999   -9999   -9999   -9999   -9999   -9999   -9999   -9999   -9999   -9999   -9999   -9999   -9999   -9999   -9999   -9999   -9999   -9999   -9999   -9999   -9999   -9999   -9999   -9999   -9999   -9999   -9999   -9999   -9999   -9999   -9999   -9999   -9999   -9999   -9999   -9999   -9999   -9999   -9999   -9999   -9999   -9999   -9999   -9999   -9999   -9999   -9999   -9999   1   1   2   4   9   14   1   4   10   1   1   3   1   1   1   27   2   1   1   1   2   1   1   2   4   65   1   1   180   183   1   310   6   1   1   2   12   1   4   32   1   2   1   76   331   1   3   1   3   1   4   1   1   1   2   2   1   58   1   9   5   2   1   1   2   1   2   6   1   1   1   1   10   11   16   18   19   77   4   1   2   6   1   11   3   1   3   3   1   2   1   1   -9999   -9999   -9999   -9999   -9999   -9999   -9999   -9999   -9999   -9999   -9999   -9999   -9999   -9999   -9999   -9999   -9999   -9999   -9999   -9999   -9999   -9999   -9999   -9999   -9999   -9999   -9999   -9999   -9999   -9999   -9999   -9999   -9999   -9999   -9999   -9999
 -9999   -9999   -9999   -9999   -9999   -9999   -9999   -9999   -9999   -9999   -9999   -9999   -9999   -9999   -9999   -9999   -9999   -9999   -9999   -9999   -9999   -9999   -9999   -9999   -9999   -9999   -9999   -9999   -9999   -9999   -9999   -9999   -9999   -9999   -9999   -9999   -9999   -9999   -9999   -9999   -9999   -9999   -9999   -9999   -9999   -9999   -9999   -9999   -9999   -9999   -9999   -9999   -9999   1   3   2   2   1   1   9   1   1   1   1   2   3   19   3   1   1   1   1   1   2   1   61   1   68   175   1   1   296   1   2   2   1   9   2   3   1   26   1   5   74   6   7   322   1   223   221   216   1   195   1   1   1   1   1   4   51   1   3   2   1   1   1   1   1   3   1   1   3   8   1   4   1   1   2   53   5   1   1   4   1   5   2   1   2   1   1   1   -9999   -9999   -9999   -9999   -9999   -9999   -9999   -9999   -9999   -9999   -9999   -9999   -9999   -9999   -9999   -9999   -9999   -9999   -9999   -9999   -9999   -9999   -9999   -9999   -9999   -9999   -9999   -9999   -9999   -9999   -9999   -9999   -9999   -9999   -9999   -9999   -9999   -9999
 -9999   -9999   -9999   -9999   -9999   -9999   -9999   -9999   -9999   -9999   -9999   -9999   -9999   -9999   -9999   -9999   -9999   -9999   -9999   -9999   -9999   -9999   -9999   -9999   -9999   -9999   -9999   -9999   -9999   -9999   -9999   -9999   -9999   -9999   -9999   -9999   -9999   -9999   -9999   -9999   -9999   -9999   -9999   -9999   -9999   -9999   -9999   -9999   -9999   -9999   -9999   -9999   -9999   -9999   1   1   1   1   2   7   1   1   2   6   11   14   3   1   1   2   2   1   2   1   3   52   1   104   1   1   1   111   8   1   1   3   5   1   2   25   1   1   67   1   5   1   13   304   7   1   1   208   1   191   1   1   1   1   1   3   37   32   30   27   21   1   1   1   1   1   1   3   1   1   1   1   1   2   45   1   4   3   2   3   2   2   1   1   -9999   -9999   -9999   -9999   -9999   -9999   -9999   -9999   -9999   -9999   -9999   -9999   -9999   -9999   -9999   -9999   -9999   -9999   -9999   -9999   -9999   -9999   -9999   -9999   -9999   -9999   -9999   -9999   -9999   -9999   -9999   -9999   -9999   -9999   -9999   -9999   -9999   -9999   -9999   -9999   -9999
 -9999   -9999   -9999   -9999   -9999   -9999   -9999   -9999   -9999   -9999   -9999   -9999   -9999   -9999   -9999   -9999   -9999   -9999   -9999   -9999   -9999   -9999   -9999   -9999   -9999   -9999   -9999   -9999   -9999   -9999   -9999   -9999   -9999   -9999   -9999   -9999   -9999   -9999   -9999   -9999   -9999   -9999   -9999   -9999   -9999   -9999   -9999   -9999   -9999   -9999   -9999   -9999   -9999   -9999   -9999   -9999   -9999   -9999   1   1   1   1   3   1   3   2   1   1   11   13   16   35   44   48   50   1   1   102   1   1   2   101   2   7   1   1   4   1   22   2   3   7   58   1   4   10   1   73   1   5   10   1   1   188   1   2   3   1   1   2   1   3   1   2   4   18   3   1   1   1   1   1   1   1   1   2   4   5   41   1   -9999   -9999   -9999   1   2   1   1   -9999   -9999   -9999   -9999   -9999   -9999   -9999   -9999   -9999   -9999   -9999   -9999   -9999   -9999   -9999   -9999   -9999   -9999   -9999   -9999   -9999   -9999   -9999   -9999   -9999   -9999   -9999   -9999   -9999   -9999   -9999   -9999   -9999   -9999   -9999   -9999   -9999   -9999   -9999   -9999   -9999   -9999
 -9999   -9999   -9999   -9999   -9999   -9999   -9999   -9999   -9999   -9999   -9999   -9999   -9999   -9999   -9999   -9999   -9999   -9999   -9999   -9999   -9999   -9999   -9999   -9999   -9999   -9999   -9999   -9999   -9999   -9999   -9999   -9999   -9999   -9999   -9999   -9999   -9999   -9999   -9999   -9999   -9999   -9999   -9999   -9999   -9999   -9999   -9999   -9999   -9999   -9999   -9999   -9999   -9999   -9999   -9999   -9999   -9999   -9999   -9999   -9999   -9999   -9999   1   1   1   1   1   10   1   3   16   1   4   2   1   1   96   3   1   1   1   96   1   1   6   1   2   21   1   2   1   2   56   1   3   9   1   72   1   4   1   8   1   12   173   1   104   2   1   1   1   1   1   1   1   2   13   9   4   1   1   1   1   2   4   5   27   32   1   1   -9999   -9999   -9999   -9999   -9999   1   -9999   -9999   -9999   -9999   -9999   -9999   -9999   -9999   -9999   -9999   -9999   -9999   -9999   -9999   -9999   -9999   -9999   -9999   -9999   -9999   -9999   -9999   -9999   -9999   -9999   -9999   -9999   -9999   -9999   -9999   -9999   -9999   -9999   -9999   -9999   -9999   -9999   -9999   -9999   -9999   -9999   -9999   -9999
 -9999   -9999   -9999   -9999   -9999   -9999   -9999   -9999   -9999   -9999   -9999   -9999   -9999   -9999   -9999   -9999   -9999   -9999   -9999   -9999   -9999   -9999   -9999   -9999   -9999   -9999   -9999   -9999   -9999   -9999   -9999   -9999   -9999   -9999   -9999   -9999   -9999   -9999   -9999   -9999   -9999   -9999   -9999   -9999   -9999   -9999   -9999   -9999   -9999   -9999   -9999   -9999   -9999   -9999   -9999   -9999   -9999   -9999   -9999   -9999   -9999   -9999   -9999   -9999   1   3   7   1   2   1   11   1   2   1   1   1   94   2   1   1   3   93   1   1   4   1   18   2   1   1   1   46   8   1   2   8   1   69   1   3   6   1   2   8   2   167   1   98   4   1   1   1   1   1   1   1   1   2   3   1   1   3   5   12   16   21   1   3   -9999   -9999   -9999   -9999   -9999   -9999   -9999   -9999   -9999   -9999   -9999   -9999   -9999   -9999   -9999   -9999   -9999   -9999   -9999   -9999   -9999   -9999   -9999   -9999   -9999   -9999   -9999   -9999   -9999   -9999   -9999   -9999   -9999   -9999   -9999   -9999   -9999   -9999   -9999   -9999   -9999   -9999   -9999   -9999   -9999   -9999   -9999   -9999   -9999   -9999   -9999
 -9999   -9999   -9999   -9999   -9999   -9999   -9999   -9999   -9999   -9999   -9999   -9999   -9999   -9999   -9999   -9999   -9999   -9999   -9999   -9999   -9999   -9999   -9999   -9999   -9999   -9999   -9999   -9999   -9999   -9999   -9999   -9999   -9999   -9999   -9999   -9999   -9999   -9999   -9999   -9999   -9999   -9999   -9999   -9999   -9999   -9999   -9999   -9999   -9999   -9999   -9999   -9999   -9999   -9999   -9999   -9999   -9999   -9999   -9999   -9999   -9999   -9999   -9999   -9999   1   2   1   1   4   9   1   1   1   1   1   2   88   1   1   1   86   2   1   1   2   1   16   1   2   5   7   37   1   5   1   7   1   66   1   2   5   1   7   1   2   61   1   1   92   39   8   6   4   2   1   1   1   1   1   1   1   3   5   3   3   1   1   1   -9999   -9999   -9999   -9999   -9999   -9999   -9999   -9999   -9999   -9999   -9999   -9999   -9999   -9999   -9999   -9999   -9999   -9999   -9999   -9999   -9999   -9999   -9999   -9999   -9999   -9999   -9999   -9999   -9999   -9999   -9999   -9999   -9999   -9999   -9999   -9999   -9999   -9999   -9999   -9999   -9999   -9999   -9999   -9999   -9999   -9999   -9999   -9999   -9999   -9999   -9999
 -9999   -9999   -9999   -9999   -9999   -9999   -9999   -9999   -9999   -9999   -9999   -9999   -9999   -9999   -9999   -9999   -9999   -9999   -9999   -9999   -9999   -9999   -9999   -9999   -9999   -9999   -9999   -9999   -9999   -9999   -9999   -9999   -9999   -9999   -9999   -9999   -9999   -9999   -9999   -9999   -9999   -9999   -9999   -9999   -9999   -9999   -9999   -9999   -9999   -9999   -9999   -9999   -9999   -9999   -9999   -9999   -9999   -9999   -9999   -9999   -9999   -9999   -9999   -9999   -9999   1   1   3   3   1   1   1   1   71   74   79   1   7   1   1   1   82   1   1   1   2   13   1   2   1   33   2   1   4   6   1   1   63   1   1   4   1   5   1   29   1   27   1   52   1   29   27   24   21   18   2   1   1   1   1   1   1   2   2   -9999   -9999   -9999   -9999   -9999   -9999   -9999   -9999   -9999   -9999   -9999   -9999   -9999   -9999   -9999   -9999   -9999   -9999   -9999   -9999   -9999   -9999   -9999   -9999   -9999   -9999   -9999   -9999   -9999   -9999   -9999   -9999   -9999   -9999   -9999   -9999   -9999   -9999   -9999   -9999   -9999   -9999   -9999   -9999   -9999   -9999   -9999   -9999   -9999   -9999   -9999   -9999   -9999   -9999   -9999
 -9999   -9999   -9999   -9999   -9999   -9999   -9999   -9999   -9999   -9999   -9999   -9999   -9999   -9999   -9999   -9999   -9999   -9999   -9999   -9999   -9999   -9999   -9999   -9999   -9999   -9999   -9999   -9999   -9999   -9999   -9999   -9999   -9999   -9999   -9999   -9999   -9999   -9999   -9999   -9999   -9999   -9999   -9999   -9999   -9999   -9999   -9999   -9999   -9999   -9999   -9999   -9999   -9999   -9999   -9999   -9999   -9999   -9999   -9999   -9999   -9999   -9999   -9999   -9999   -9999   -9999   1   1   1   1   2   4   38   29   1   2   1   4   1   1   1   76   4   1   1   2   10   1   1   6   15   10   1   3   5   1   3   57   1   1   2   4   3   4   24   1   25   1   32   18   1   1   2   2   1   14   10   7   5   1   -9999   1   1   -9999   -9999   -9999   -9999   -9999   -9999   -9999   -9999   -9999   -9999   -9999   -9999   -9999   -9999   -9999   -9999   -9999   -9999   -9999   -9999   -9999   -9999   -9999   -9999   -9999   -9999   -9999   -9999   -9999   -9999   -9999   -9999   -9999   -9999   -9999   -9999   -9999   -9999   -9999   -9999   -9999   -9999   -9999   -9999   -9999   -9999   -9999   -9999   -9999   -9999   -9999   -9999   -9999   -9999   -9999   -9999
 -9999   -9999   -9999   -9999   -9999   -9999   -9999   -9999   -9999   -9999   -9999   -9999   -9999   -9999   -9999   -9999   -9999   -9999   -9999   -9999   -9999   -9999   -9999   -9999   -9999   -9999   -9999   -9999   -9999   -9999   -9999   -9999   -9999   -9999   -9999   -9999   -9999   -9999   -9999   -9999   -9999   -9999   -9999   -9999   -9999   -9999   -9999   -9999   -9999   -9999   -9999   -9999   -9999   -9999   -9999   -9999   -9999   -9999   -9999   -9999   -9999   -9999   -9999   -9999   -9999   -9999   -9999   1   2   4   5   28   4   28   2   1   1   2   1   1   3   74   2   1   1   5   4   1   4   7   7   8   1   2   4   1   53   1   2   1   3   2   1   6   17   1   22   1   31   4   12   2   1   1   1   1   1   1   1   1   -9999   -9999   -9999   -9999   -9999   -9999   -9999   -9999   -9999   -9999   -9999   -9999   -9999   -9999   -9999   -9999   -9999   -9999   -9999   -9999   -9999   -9999   -9999   -9999   -9999   -9999   -9999   -9999   -9999   -9999   -9999   -9999   -9999   -9999   -9999   -9999   -9999   -9999   -9999   -9999   -9999   -9999   -9999   -9999   -9999   -9999   -9999   -9999   -9999   -9999   -9999   -9999   -9999   -9999   -9999   -9999   -9999   -9999   -9999
 -9999   -9999   -9999   -9999   -9999   -9999   -9999   -9999   -9999   -9999   -9999   -9999   -9999   -9999   -9999   -9999   -9999   -9999   -9999   -9999   -9999   -9999   -9999   -9999   -9999   -9999   -9999   -9999   -9999   -9999   -9999   -9999   -9999   -9999   -9999   -9999   -9999   -9999   -9999   -9999   -9999   -9999   -9999   -9999   -9999   -9999   -9999   -9999   -9999   -9999   -9999   -9999   -9999   -9999   -9999   -9999   -9999   -9999   -9999   -9999   -9999   -9999   -9999   -9999   -9999   -9999   -9999   -9999   1   1   22   1   2   23   2   1   1   1   2   2   65   1   6   1   4   1   2   2   6   1   6   7   1   1   2   1   50   2   1   2   1   2   4   13   3   11   4   4   24   6   3   9   4   3   2   1   -9999   -9999   -9999   -9999   -9999   -9999   -9999   -9999   -9999   -9999   -9999   -9999   -9999   -9999   -9999   -9999   -9999   -9999   -9999   -9999   -9999   -9999   -9999   -9999   -9999   -9999   -9999   -9999   -9999   -9999   -9999   -9999   -9999   -9999   -9999   -9999   -9999   -9999   -9999   -9999   -9999   -9999   -9999   -9999   -9999   -9999   -9999   -9999   -9999   -9999   -9999   -9999   -9999   -9999   -9999   -9999   -9999   -9999   -9999   -9999   -9999   -9999   -9999
 -9999   -9999   -9999   -9999   -9999   -9999   -9999   -9999   -9999   -9999   -9999   -9999   -9999   -9999   -9999   -9999   -9999   -9999   -9999   -9999   -9999   -9999   -9999   -9999   -9999   -9999   -9999   -9999   -9999   -9999   -9999   -9999   -9999   -9999   -9999   -9999   -9999   -9999   -9999   -9999   -9999   -9999   -9999   -9999   -9999   -9999   -9999   -9999   -9999   -9999   -9999   -9999   -9999   -9999   -9999   -9999   -9999   -9999   -9999   -9999   -9999   -9999   -9999   -9999   -9999   -9999   -9999   -9999   1   6   14   1   2   19   1   1   1   2   3   54   4   1   2   3   3   1   1   2   3   1   3   1   5   1   6   8   37   1   1   1   1   1   5   7   2   10   3   3   12   11   5   2   4   1   -9999   -9999   -9999   -9999   -9999   -9999   -9999   -9999   -9999   -9999   -9999   -9999   -9999   -9999   -9999   -9999   -9999   -9999   -9999   -9999   -9999   -9999   -9999   -9999   -9999   -9999   -9999   -9999   -9999   -9999   -9999   -9999   -9999   -9999   -9999   -9999   -9999   -9999   -9999   -9999   -9999   -9999   -9999   -9999   -9999   -9999   -9999   -9999   -9999   -9999   -9999   -9999   -9999   -9999   -9999   -9999   -9999   -9999   -9999   -9999   -9999   -9999   -9999   -9999   -9999
 -9999   -9999   -9999   -9999   -9999   -9999   -9999   -9999   -9999   -9999   -9999   -9999   -9999   -9999   -9999   -9999   -9999   -9999   -9999   -9999   -9999   -9999   -9999   -9999   -9999   -9999   -9999   -9999   -9999   -9999   -9999   -9999   -9999   -9999   -9999   -9999   -9999   -9999   -9999   -9999   -9999   -9999   -9999   -9999   -9999   -9999   -9999   -9999   -9999   -9999   -9999   -9999   -9999   -9999   -9999   -9999   -9999   -9999   -9999   -9999   -9999   -9999   -9999   -9999   -9999   -9999   -9999   -9999   4   12   1   1   13   3   2   1   3   15   17   31   1   1   1   2   1   1   1   1   1   1   1   2   2   5   1   1   5   30   2   1   1   4   1   5   1   9   2   2   11   3   7   4   1   2   -9999   -9999   -9999   -9999   -9999   -9999   -9999   -9999   -9999   -9999   -9999   -9999   -9999   -9999   -9999   -9999   -9999   -9999   -9999   -9999   -9999   -9999   -9999   -9999   -9999   -9999   -9999   -9999   -9999   -9999   -9999   -9999   -9999   -9999   -9999   -9999   -9999   -9999   -9999   -9999   -9999   -9999   -9999   -9999   -9999   -9999   -9999   -9999   -9999   -9999   -9999   -9999   -9999   -9999   -9999   -9999   -9999   -9999   -9999   -9999   -9999   -9999   -9999   -9999   -9999
 -9999   -9999   -9999   -9999   -9999   -9999   -9999   -9999   -9999   -9999   -9999   -9999   -9999   -9999   -9999   -9999   -9999   -9999   -9999   -9999   -9999   -9999   -9999   -9999   -9999   -9999   -9999   -9999   -9999   -9999   -9999   -9999   -9999   -9999   -9999   -9999   -9999   -9999   -9999   -9999   -9999   -9999   -9999   -9999   -9999   -9999   -9999   -9999   -9999   -9999   -9999   -9999   -9999   -9999   -9999   -9999   -9999   -9999   -9999   -9999   -9999   -9999   -9999   -9999   -9999   -9999   -9999   3   1   10   1   5   7   2   1   1   11   1   1   5   25   1   1   -9999   -9999   -9999   -9999   -9999   -9999   -9999   1   1   3   1   1   4   4   13   14   1   1   1   1   3   1   7   1   1   10   2   6   1   2   1   -9999   -9999   -9999   -9999   -9999   -9999   -9999   -9999   -9999   -9999   -9999   -9999   -9999   -9999   -9999   -9999   -9999   -9999   -9999   -9999   -9999   -9999   -9999   -9999   -9999   -9999   -9999   -9999   -9999   -9999   -9999   -9999   -9999   -9999   -9999   -9999   -9999   -9999   -9999   -9999   -9999   -9999   -9999   -9999   -9999   -9999   -9999   -9999   -9999   -9999   -9999   -9999   -9999   -9999   -9999   -9999   -9999   -9999   -9999   -9999   -9999   -9999   -9999   -9999   -9999
 -9999   -9999   -9999   -9999   -9999   -9999   -9999   -9999   -9999   -9999   -9999   -9999   -9999   -9999   -9999   -9999   -9999   -9999   -9999   -9999   -9999   -9999   -9999   -9999   -9999   -9999   -9999   -9999   -9999   -9999   -9999   -9999   -9999   -9999   -9999   -9999   -9999   -9999   -9999   -9999   -9999   -9999   -9999   -9999   -9999   -9999   -9999   -9999   -9999   -9999   -9999   -9999   -9999   -9999   -9999   -9999   -9999   -9999   -9999   -9999   -9999   -9999   -9999   -9999   -9999   -9999   -9999   2   8   1   1   2   6   1   1   9   1   1   2   3   23   1   -9999   -9999   -9999   -9999   -9999   -9999   -9999   -9999   -9999   1   1   1   2   3   1   7   8   4   1   -9999   1   1   2   3   1   3   6   1   4   1   1   -9999   -9999   -9999   -9999   -9999   -9999   -9999   -9999   -9999   -9999   -9999   -9999   -9999   -9999   -9999   -9999   -9999   -9999   -9999   -9999   -9999   -9999   -9999   -9999   -9999   -9999   -9999   -9999   -9999   -9999   -9999   -9999   -9999   -9999   -9999   -9999   -9999   -9999   -9999   -9999   -9999   -9999   -9999   -9999   -9999   -9999   -9999   -9999   -9999   -9999   -9999   -9999   -9999   -9999   -9999   -9999   -9999   -9999   -9999   -9999   -9999   -9999   -9999   -9999   -9999   -9999
 -9999   -9999   -9999   -9999   -9999   -9999   -9999   -9999   -9999   -9999   -9999   -9999   -9999   -9999   -9999   -9999   -9999   -9999   -9999   -9999   -9999   -9999   -9999   -9999   -9999   -9999   -9999   -9999   -9999   -9999   -9999   -9999   -9999   -9999   -9999   -9999   -9999   -9999   -9999   -9999   -9999   -9999   -9999   -9999   -9999   -9999   -9999   -9999   -9999   -9999   -9999   -9999   -9999   -9999   -9999   -9999   -9999   -9999   -9999   -9999   -9999   -9999   -9999   -9999   -9999   -9999   -9999   1   6   1   1   3   2   1   5   2   1   2   3   21   -9999   -9999   -9999   -9999   -9999   -9999   -9999   -9999   -9999   -9999   -9999   -9999   -9999   1   2   2   6   2   5   1   1   -9999   -9999   1   1   1   2   3   1   1   1   2   1   -9999   -9999   -9999   -9999   -9999   -9999   -9999   -9999   -9999   -9999   -9999   -9999   -9999   -9999   -9999   -9999   -9999   -9999   -9999   -9999   -9999   -9999   -9999   -9999   -9999   -9999   -9999   -9999   -9999   -9999   -9999   -9999   -9999   -9999   -9999   -9999   -9999   -9999   -9999   -9999   -9999   -9999   -9999   -9999   -9999   -9999   -9999   -9999   -9999   -9999   -9999   -9999   -9999   -9999   -9999   -9999   -9999   -9999   -9999   -9999   -9999   -9999   -9999   -9999   -9999   -9999
 -9999   -9999   -9999   -9999   -9999   -9999   -9999   -9999   -9999   -9999   -9999   -9999   -9999   -9999   -9999   -9999   -9999   -9999   -9999   -9999   -9999   -9999   -9999   -9999   -9999   -9999   -9999   -9999   -9999   -9999   -9999   -9999   -9999   -9999   -9999   -9999   -9999   -9999   -9999   -9999   -9999   -9999   -9999   -9999   -9999   -9999   -9999   -9999   -9999   -9999   -9999   -9999   -9999   -9999   -9999   -9999   -9999   -9999   -9999   -9999   -9999   -9999   -9999   -9999   -9999   -9999   -9999   -9999   4   1   1   1   1   1   2   1   1   2   15   2   -9999   -9999   -9999   -9999   -9999   -9999   -9999   -9999   -9999   -9999   -9999   -9999   -9999   -9999   1   3   1   1   4   -9999   -9999   -9999   -9999   -9999   -9999   -9999   1   1   1   -9999   -9999   -9999   -9999   -9999   -9999   -9999   -9999   -9999   -9999   -9999   -9999   -9999   -9999   -9999   -9999   -9999   -9999   -9999   -9999   -9999   -9999   -9999   -9999   -9999   -9999   -9999   -9999   -9999   -9999   -9999   -9999   -9999   -9999   -9999   -9999   -9999   -9999   -9999   -9999   -9999   -9999   -9999   -9999   -9999   -9999   -9999   -9999   -9999   -9999   -9999   -9999   -9999   -9999   -9999   -9999   -9999   -9999   -9999   -9999   -9999   -9999   -9999   -9999   -9999   -9999   -9999   -9999   -9999   -9999
 -9999   -9999   -9999   -9999   -9999   -9999   -9999   -9999   -9999   -9999   -9999   -9999   -9999   -9999   -9999   -9999   -9999   -9999   -9999   -9999   -9999   -9999   -9999   -9999   -9999   -9999   -9999   -9999   -9999   -9999   -9999   -9999   -9999   -9999   -9999   -9999   -9999   -9999   -9999   -9999   -9999   -9999   -9999   -9999   -9999   -9999   -9999   -9999   -9999   -9999   -9999   -9999   -9999   -9999   -9999   -9999   -9999   -9999   -9999   -9999   -9999   -9999   -9999   -9999   -9999   -9999   -9999   -9999   2   1   -9999   -9999   -9999   1   1   2   5   7   5   1   -9999   -9999   -9999   -9999   -9999   -9999   -9999   -9999   -9999   -9999   -9999   -9999   -9999   -9999   1   1   1   2   -9999   -9999   -9999   -9999   -9999   -9999   -9999   -9999   -9999   -9999   -9999   -9999   -9999   -9999   -9999   -9999   -9999   -9999   -9999   -9999   -9999   -9999   -9999   -9999   -9999   -9999   -9999   -9999   -9999   -9999   -9999   -9999   -9999   -9999   -9999   -9999   -9999   -9999   -9999   -9999   -9999   -9999   -9999   -9999   -9999   -9999   -9999   -9999   -9999   -9999   -9999   -9999   -9999   -9999   -9999   -9999   -9999   -9999   -9999   -9999   -9999   -9999   -9999   -9999   -9999   -9999   -9999   -9999   -9999   -9999   -9999   -9999   -9999   -9999   -9999   -9999   -9999   -9999   -9999   -9999   -9999
 -9999   -9999   -9999   -9999   -9999   -9999   -9999   -9999   -9999   -9999   -9999   -9999   -9999   -9999   -9999   -9999   -9999   -9999   -9999   -9999   -9999   -9999   -9999   -9999   -9999   -9999   -9999   -9999   -9999   -9999   -9999   -9999   -9999   -9999   -9999   -9999   -9999   -9999   -9999   -9999   -9999   -9999   -9999   -9999   -9999   -9999   -9999   -9999   -9999   -9999   -9999   -9999   -9999   -9999   -9999   -9999   -9999   -9999   -9999   -9999   -9999   -9999   -9999   -9999   -9999   -9999   -9999   -9999   1   -9999   -9999   -9999   -9999   -9999   1   2   1   1   4   -9999   -9999   -9999   -9999   -9999   -9999   -9999   -9999   -9999   -9999   -9999   -9999   -9999   -9999   -9999   -9999   -9999   -9999   -9999   -9999   -9999   -9999   -9999   -9999   -9999   -9999   -9999   -9999   -9999   -9999   -9999   -9999   -9999   -9999   -9999   -9999   -9999   -9999   -9999   -9999   -9999   -9999   -9999   -9999   -9999   -9999   -9999   -9999   -9999   -9999   -9999   -9999   -9999   -9999   -9999   -9999   -9999   -9999   -9999   -9999   -9999   -9999   -9999   -9999   -9999   -9999   -9999   -9999   -9999   -9999   -9999   -9999   -9999   -9999   -9999   -9999   -9999   -9999   -9999   -9999   -9999   -9999   -9999   -9999   -9999   -9999   -9999   -9999   -9999   -9999   -9999   -9999   -9999   -9999   -9999   -9999   -9999   -9999   -9999   -9999
 -9999   -9999   -9999   -9999   -9999   -9999   -9999   -9999   -9999   -9999   -9999   -9999   -9999   -9999   -9999   -9999   -9999   -9999   -9999   -9999   -9999   -9999   -9999   -9999   -9999   -9999   -9999   -9999   -9999   -9999   -9999   -9999   -9999   -9999   -9999   -9999   -9999   -9999   -9999   -9999   -9999   -9999   -9999   -9999   -9999   -9999   -9999   -9999   -9999   -9999   -9999   -9999   -9999   -9999   -9999   -9999   -9999   -9999   -9999   -9999   -9999   -9999   -9999   -9999   -9999   -9999   -9999   -9999   -9999   -9999   -9999   -9999   -9999   -9999   -9999   -9999   1   2   -9999   -9999   -9999   -9999   -9999   -9999   -9999   -9999   -9999   -9999   -9999   -9999   -9999   -9999   -9999   -9999   -9999   -9999   -9999   -9999   -9999   -9999   -9999   -9999   -9999   -9999   -9999   -9999   -9999   -9999   -9999   -9999   -9999   -9999   -9999   -9999   -9999   -9999   -9999   -9999   -9999   -9999   -9999   -9999   -9999   -9999   -9999   -9999   -9999   -9999   -9999   -9999   -9999   -9999   -9999   -9999   -9999   -9999   -9999   -9999   -9999   -9999   -9999   -9999   -9999   -9999   -9999   -9999   -9999   -9999   -9999   -9999   -9999   -9999   -9999   -9999   -9999   -9999   -9999   -9999   -9999   -9999   -9999   -9999   -9999   -9999   -9999   -9999   -9999   -9999   -9999   -9999   -9999   -9999   -9999   -9999   -9999   -9999   -9999   -9999   -9999
 -9999   -9999   -9999   -9999   -9999   -9999   -9999   -9999   -9999   -9999   -9999   -9999   -9999   -9999   -9999   -9999   -9999   -9999   -9999   -9999   -9999   -9999   -9999   -9999   -9999   -9999   -9999   -9999   -9999   -9999   -9999   -9999   -9999   -9999   -9999   -9999   -9999   -9999   -9999   -9999   -9999   -9999   -9999   -9999   -9999   -9999   -9999   -9999   -9999   -9999   -9999   -9999   -9999   -9999   -9999   -9999   -9999   -9999   -9999   -9999   -9999   -9999   -9999   -9999   -9999   -9999   -9999   -9999   -9999   -9999   -9999   -9999   -9999   -9999   -9999   -9999   -9999   -9999   -9999   -9999   -9999   -9999   -9999   -9999   -9999   -9999   -9999   -9999   -9999   -9999   -9999   -9999   -9999   -9999   -9999   -9999   -9999   -9999   -9999   -9999   -9999   -9999   -9999   -9999   -9999   -9999   -9999   -9999   -9999   -9999   -9999   -9999   -9999   -9999   -9999   -9999   -9999   -9999   -9999   -9999   -9999   -9999   -9999   -9999   -9999   -9999   -9999   -9999   -9999   -9999   -9999   -9999   -9999   -9999   -9999   -9999   -9999   -9999   -9999   -9999   -9999   -9999   -9999   -9999   -9999   -9999   -9999   -9999   -9999   -9999   -9999   -9999   -9999   -9999   -9999   -9999   -9999   -9999   -9999   -9999   -9999   -9999   -9999   -9999   -9999   -9999   -9999   -9999   -9999   -9999   -9999   -9999   -9999   -9999   -9999   -9999   -9999   -9999   -9999
 -9999   -9999   -9999   -9999   -9999   -9999   -9999   -9999   -9999   -9999   -9999   -9999   -9999   -9999   -9999   -9999   -9999   -9999   -9999   -9999   -9999   -9999   -9999   -9999   -9999   -9999   -9999   -9999   -9999   -9999   -9999   -9999   -9999   -9999   -9999   -9999   -9999   -9999   -9999   -9999   -9999   -9999   -9999   -9999   -9999   -9999   -9999   -9999   -9999   -9999   -9999   -9999   -9999   -9999   -9999   -9999   -9999   -9999   -9999   -9999   -9999   -9999   -9999   -9999   -9999   -9999   -9999   -9999   -9999   -9999   -9999   -9999   -9999   -9999   -9999   -9999   -9999   -9999   -9999   -9999   -9999   -9999   -9999   -9999   -9999   -9999   -9999   -9999   -9999   -9999   -9999   -9999   -9999   -9999   -9999   -9999   -9999   -9999   -9999   -9999   -9999   -9999   -9999   -9999   -9999   -9999   -9999   -9999   -9999   -9999   -9999   -9999   -9999   -9999   -9999   -9999   -9999   -9999   -9999   -9999   -9999   -9999   -9999   -9999   -9999   -9999   -9999   -9999   -9999   -9999   -9999   -9999   -9999   -9999   -9999   -9999   -9999   -9999   -9999   -9999   -9999   -9999   -9999   -9999   -9999   -9999   -9999   -9999   -9999   -9999   -9999   -9999   -9999   -9999   -9999   -9999   -9999   -9999   -9999   -9999   -9999   -9999   -9999   -9999   -9999   -9999   -9999   -9999   -9999   -9999   -9999   -9999   -9999   -9999   -9999   -9999   -9999   -9999   -9999
 -9999   -9999   -9999   -9999   -9999   -9999   -9999   -9999   -9999   -9999   -9999   -9999   -9999   -9999   -9999   -9999   -9999   -9999   -9999   -9999   -9999   -9999   -9999   -9999   -9999   -9999   -9999   -9999   -9999   -9999   -9999   -9999   -9999   -9999   -9999   -9999   -9999   -9999   -9999   -9999   -9999   -9999   -9999   -9999   -9999   -9999   -9999   -9999   -9999   -9999   -9999   -9999   -9999   -9999   -9999   -9999   -9999   -9999   -9999   -9999   -9999   -9999   -9999   -9999   -9999   -9999   -9999   -9999   -9999   -9999   -9999   -9999   -9999   -9999   -9999   -9999   -9999   -9999   -9999   -9999   -9999   -9999   -9999   -9999   -9999   -9999   -9999   -9999   -9999   -9999   -9999   -9999   -9999   -9999   -9999   -9999   -9999   -9999   -9999   -9999   -9999   -9999   -9999   -9999   -9999   -9999   -9999   -9999   -9999   -9999   -9999   -9999   -9999   -9999   -9999   -9999   -9999   -9999   -9999   -9999   -9999   -9999   -9999   -9999   -9999   -9999   -9999   -9999   -9999   -9999   -9999   -9999   -9999   -9999   -9999   -9999   -9999   -9999   -9999   -9999   -9999   -9999   -9999   -9999   -9999   -9999   -9999   -9999   -9999   -9999   -9999   -9999   -9999   -9999   -9999   -9999   -9999   -9999   -9999   -9999   -9999   -9999   -9999   -9999   -9999   -9999   -9999   -9999   -9999   -9999   -9999   -9999   -9999   -9999   -9999   -9999   -9999   -9999   -9999
 -9999   -9999   -9999   -9999   -9999   -9999   -9999   -9999   -9999   -9999   -9999   -9999   -9999   -9999   -9999   -9999   -9999   -9999   -9999   -9999   -9999   -9999   -9999   -9999   -9999   -9999   -9999   -9999   -9999   -9999   -9999   -9999   -9999   -9999   -9999   -9999   -9999   -9999   -9999   -9999   -9999   -9999   -9999   -9999   -9999   -9999   -9999   -9999   -9999   -9999   -9999   -9999   -9999   -9999   -9999   -9999   -9999   -9999   -9999   -9999   -9999   -9999   -9999   -9999   -9999   -9999   -9999   -9999   -9999   -9999   -9999   -9999   -9999   -9999   -9999   -9999   -9999   -9999   -9999   -9999   -9999   -9999   -9999   -9999   -9999   -9999   -9999   -9999   -9999   -9999   -9999   -9999   -9999   -9999   -9999   -9999   -9999   -9999   -9999   -9999   -9999   -9999   -9999   -9999   -9999   -9999   -9999   -9999   -9999   -9999   -9999   -9999   -9999   -9999   -9999   -9999   -9999   -9999   -9999   -9999   -9999   -9999   -9999   -9999   -9999   -9999   -9999   -9999   -9999   -9999   -9999   -9999   -9999   -9999   -9999   -9999   -9999   -9999   -9999   -9999   -9999   -9999   -9999   -9999   -9999   -9999   -9999   -9999   -9999   -9999   -9999   -9999   -9999   -9999   -9999   -9999   -9999   -9999   -9999   -9999   -9999   -9999   -9999   -9999   -9999   -9999   -9999   -9999   -9999   -9999   -9999   -9999   -9999   -9999   -9999   -9999   -9999   -9999   -9999
 -9999   -9999   -9999   -9999   -9999   -9999   -9999   -9999   -9999   -9999   -9999   -9999   -9999   -9999   -9999   -9999   -9999   -9999   -9999   -9999   -9999   -9999   -9999   -9999   -9999   -9999   -9999   -9999   -9999   -9999   -9999   -9999   -9999   -9999   -9999   -9999   -9999   -9999   -9999   -9999   -9999   -9999   -9999   -9999   -9999   -9999   -9999   -9999   -9999   -9999   -9999   -9999   -9999   -9999   -9999   -9999   -9999   -9999   -9999   -9999   -9999   -9999   -9999   -9999   -9999   -9999   -9999   -9999   -9999   -9999   -9999   -9999   -9999   -9999   -9999   -9999   -9999   -9999   -9999   -9999   -9999   -9999   -9999   -9999   -9999   -9999   -9999   -9999   -9999   -9999   -9999   -9999   -9999   -9999   -9999   -9999   -9999   -9999   -9999   -9999   -9999   -9999   -9999   -9999   -9999   -9999   -9999   -9999   -9999   -9999   -9999   -9999   -9999   -9999   -9999   -9999   -9999   -9999   -9999   -9999   -9999   -9999   -9999   -9999   -9999   -9999   -9999   -9999   -9999   -9999   -9999   -9999   -9999   -9999   -9999   -9999   -9999   -9999   -9999   -9999   -9999   -9999   -9999   -9999   -9999   -9999   -9999   -9999   -9999   -9999   -9999   -9999   -9999   -9999   -9999   -9999   -9999   -9999   -9999   -9999   -9999   -9999   -9999   -9999   -9999   -9999   -9999   -9999   -9999   -9999   -9999   -9999   -9999   -9999   -9999   -9999   -9999   -9999   -9999
